center,left,right,steering
center_2025_04_30_18_11_13_885.jpg,left_2025_04_30_18_11_13_885.jpg,right_2025_04_30_18_11_13_885.jpg,0.0
center_2025_04_30_18_11_13_950.jpg,left_2025_04_30_18_11_13_950.jpg,right_2025_04_30_18_11_13_950.jpg,0.0
center_2025_04_30_18_11_13_987.jpg,left_2025_04_30_18_11_13_987.jpg,right_2025_04_30_18_11_13_987.jpg,0.0
center_2025_04_30_18_11_14_038.jpg,left_2025_04_30_18_11_14_038.jpg,right_2025_04_30_18_11_14_038.jpg,0.0
center_2025_04_30_18_11_14_081.jpg,left_2025_04_30_18_11_14_081.jpg,right_2025_04_30_18_11_14_081.jpg,0.0
center_2025_04_30_18_11_14_130.jpg,left_2025_04_30_18_11_14_130.jpg,right_2025_04_30_18_11_14_130.jpg,0.0
center_2025_04_30_18_11_14_175.jpg,left_2025_04_30_18_11_14_175.jpg,right_2025_04_30_18_11_14_175.jpg,0.0
center_2025_04_30_18_11_14_223.jpg,left_2025_04_30_18_11_14_223.jpg,right_2025_04_30_18_11_14_223.jpg,0.0
center_2025_04_30_18_11_14_269.jpg,left_2025_04_30_18_11_14_269.jpg,right_2025_04_30_18_11_14_269.jpg,0.0
center_2025_04_30_18_11_14_316.jpg,left_2025_04_30_18_11_14_316.jpg,right_2025_04_30_18_11_14_316.jpg,0.0
center_2025_04_30_18_11_14_362.jpg,left_2025_04_30_18_11_14_362.jpg,right_2025_04_30_18_11_14_362.jpg,0.0
center_2025_04_30_18_11_14_409.jpg,left_2025_04_30_18_11_14_409.jpg,right_2025_04_30_18_11_14_409.jpg,0.0
center_2025_04_30_18_11_14_454.jpg,left_2025_04_30_18_11_14_454.jpg,right_2025_04_30_18_11_14_454.jpg,0.0
center_2025_04_30_18_11_14_502.jpg,left_2025_04_30_18_11_14_502.jpg,right_2025_04_30_18_11_14_502.jpg,0.0
center_2025_04_30_18_11_14_548.jpg,left_2025_04_30_18_11_14_548.jpg,right_2025_04_30_18_11_14_548.jpg,0.0
center_2025_04_30_18_11_14_596.jpg,left_2025_04_30_18_11_14_596.jpg,right_2025_04_30_18_11_14_596.jpg,0.0
center_2025_04_30_18_11_14_641.jpg,left_2025_04_30_18_11_14_641.jpg,right_2025_04_30_18_11_14_641.jpg,0.0
center_2025_04_30_18_11_14_687.jpg,left_2025_04_30_18_11_14_687.jpg,right_2025_04_30_18_11_14_687.jpg,0.0
center_2025_04_30_18_11_14_734.jpg,left_2025_04_30_18_11_14_734.jpg,right_2025_04_30_18_11_14_734.jpg,0.0
center_2025_04_30_18_11_14_781.jpg,left_2025_04_30_18_11_14_781.jpg,right_2025_04_30_18_11_14_781.jpg,0.0
center_2025_04_30_18_11_14_832.jpg,left_2025_04_30_18_11_14_832.jpg,right_2025_04_30_18_11_14_832.jpg,0.0
center_2025_04_30_18_11_14_877.jpg,left_2025_04_30_18_11_14_877.jpg,right_2025_04_30_18_11_14_877.jpg,0.0
center_2025_04_30_18_11_14_925.jpg,left_2025_04_30_18_11_14_925.jpg,right_2025_04_30_18_11_14_925.jpg,0.0
center_2025_04_30_18_11_14_972.jpg,left_2025_04_30_18_11_14_972.jpg,right_2025_04_30_18_11_14_972.jpg,0.0
center_2025_04_30_18_11_15_017.jpg,left_2025_04_30_18_11_15_017.jpg,right_2025_04_30_18_11_15_017.jpg,0.0
center_2025_04_30_18_11_15_064.jpg,left_2025_04_30_18_11_15_064.jpg,right_2025_04_30_18_11_15_064.jpg,0.0
center_2025_04_30_18_11_15_111.jpg,left_2025_04_30_18_11_15_111.jpg,right_2025_04_30_18_11_15_111.jpg,0.0
center_2025_04_30_18_11_15_161.jpg,left_2025_04_30_18_11_15_161.jpg,right_2025_04_30_18_11_15_161.jpg,0.0
center_2025_04_30_18_11_15_239.jpg,left_2025_04_30_18_11_15_239.jpg,right_2025_04_30_18_11_15_239.jpg,0.0
center_2025_04_30_18_11_15_267.jpg,left_2025_04_30_18_11_15_267.jpg,right_2025_04_30_18_11_15_267.jpg,0.0
center_2025_04_30_18_11_15_316.jpg,left_2025_04_30_18_11_15_316.jpg,right_2025_04_30_18_11_15_316.jpg,0.0
center_2025_04_30_18_11_15_363.jpg,left_2025_04_30_18_11_15_363.jpg,right_2025_04_30_18_11_15_363.jpg,0.0
center_2025_04_30_18_11_15_408.jpg,left_2025_04_30_18_11_15_408.jpg,right_2025_04_30_18_11_15_408.jpg,0.0
center_2025_04_30_18_11_15_455.jpg,left_2025_04_30_18_11_15_455.jpg,right_2025_04_30_18_11_15_455.jpg,0.0
center_2025_04_30_18_11_15_512.jpg,left_2025_04_30_18_11_15_512.jpg,right_2025_04_30_18_11_15_512.jpg,0.0
center_2025_04_30_18_11_15_553.jpg,left_2025_04_30_18_11_15_553.jpg,right_2025_04_30_18_11_15_553.jpg,0.0
center_2025_04_30_18_11_15_596.jpg,left_2025_04_30_18_11_15_596.jpg,right_2025_04_30_18_11_15_596.jpg,0.0
center_2025_04_30_18_11_15_647.jpg,left_2025_04_30_18_11_15_647.jpg,right_2025_04_30_18_11_15_647.jpg,0.0
center_2025_04_30_18_11_15_690.jpg,left_2025_04_30_18_11_15_690.jpg,right_2025_04_30_18_11_15_690.jpg,0.0
center_2025_04_30_18_11_15_739.jpg,left_2025_04_30_18_11_15_739.jpg,right_2025_04_30_18_11_15_739.jpg,0.0
center_2025_04_30_18_11_15_785.jpg,left_2025_04_30_18_11_15_785.jpg,right_2025_04_30_18_11_15_785.jpg,0.0
center_2025_04_30_18_11_15_831.jpg,left_2025_04_30_18_11_15_831.jpg,right_2025_04_30_18_11_15_831.jpg,0.0
center_2025_04_30_18_11_15_883.jpg,left_2025_04_30_18_11_15_883.jpg,right_2025_04_30_18_11_15_883.jpg,0.0
center_2025_04_30_18_11_15_926.jpg,left_2025_04_30_18_11_15_926.jpg,right_2025_04_30_18_11_15_926.jpg,0.0091
center_2025_04_30_18_11_15_976.jpg,left_2025_04_30_18_11_15_976.jpg,right_2025_04_30_18_11_15_976.jpg,0.0198
center_2025_04_30_18_11_16_021.jpg,left_2025_04_30_18_11_16_021.jpg,right_2025_04_30_18_11_16_021.jpg,0.0326
center_2025_04_30_18_11_16_068.jpg,left_2025_04_30_18_11_16_068.jpg,right_2025_04_30_18_11_16_068.jpg,0.0467
center_2025_04_30_18_11_16_120.jpg,left_2025_04_30_18_11_16_120.jpg,right_2025_04_30_18_11_16_120.jpg,0.0614
center_2025_04_30_18_11_16_161.jpg,left_2025_04_30_18_11_16_161.jpg,right_2025_04_30_18_11_16_161.jpg,0.0677
center_2025_04_30_18_11_16_207.jpg,left_2025_04_30_18_11_16_207.jpg,right_2025_04_30_18_11_16_207.jpg,0.0725
center_2025_04_30_18_11_16_254.jpg,left_2025_04_30_18_11_16_254.jpg,right_2025_04_30_18_11_16_254.jpg,0.0759
center_2025_04_30_18_11_16_301.jpg,left_2025_04_30_18_11_16_301.jpg,right_2025_04_30_18_11_16_301.jpg,0.0781
center_2025_04_30_18_11_16_347.jpg,left_2025_04_30_18_11_16_347.jpg,right_2025_04_30_18_11_16_347.jpg,0.0798
center_2025_04_30_18_11_16_399.jpg,left_2025_04_30_18_11_16_399.jpg,right_2025_04_30_18_11_16_399.jpg,0.0812
center_2025_04_30_18_11_16_440.jpg,left_2025_04_30_18_11_16_440.jpg,right_2025_04_30_18_11_16_440.jpg,0.0824
center_2025_04_30_18_11_16_485.jpg,left_2025_04_30_18_11_16_485.jpg,right_2025_04_30_18_11_16_485.jpg,0.0832
center_2025_04_30_18_11_16_533.jpg,left_2025_04_30_18_11_16_533.jpg,right_2025_04_30_18_11_16_533.jpg,0.0843
center_2025_04_30_18_11_16_583.jpg,left_2025_04_30_18_11_16_583.jpg,right_2025_04_30_18_11_16_583.jpg,0.0852
center_2025_04_30_18_11_16_625.jpg,left_2025_04_30_18_11_16_625.jpg,right_2025_04_30_18_11_16_625.jpg,0.086
center_2025_04_30_18_11_16_671.jpg,left_2025_04_30_18_11_16_671.jpg,right_2025_04_30_18_11_16_671.jpg,0.0869
center_2025_04_30_18_11_16_719.jpg,left_2025_04_30_18_11_16_719.jpg,right_2025_04_30_18_11_16_719.jpg,0.0874
center_2025_04_30_18_11_16_769.jpg,left_2025_04_30_18_11_16_769.jpg,right_2025_04_30_18_11_16_769.jpg,0.0874
center_2025_04_30_18_11_16_810.jpg,left_2025_04_30_18_11_16_810.jpg,right_2025_04_30_18_11_16_810.jpg,0.088
center_2025_04_30_18_11_16_857.jpg,left_2025_04_30_18_11_16_857.jpg,right_2025_04_30_18_11_16_857.jpg,0.088
center_2025_04_30_18_11_16_903.jpg,left_2025_04_30_18_11_16_903.jpg,right_2025_04_30_18_11_16_903.jpg,0.0883
center_2025_04_30_18_11_16_949.jpg,left_2025_04_30_18_11_16_949.jpg,right_2025_04_30_18_11_16_949.jpg,0.0886
center_2025_04_30_18_11_16_995.jpg,left_2025_04_30_18_11_16_995.jpg,right_2025_04_30_18_11_16_995.jpg,0.0892
center_2025_04_30_18_11_17_042.jpg,left_2025_04_30_18_11_17_042.jpg,right_2025_04_30_18_11_17_042.jpg,0.0892
center_2025_04_30_18_11_17_089.jpg,left_2025_04_30_18_11_17_089.jpg,right_2025_04_30_18_11_17_089.jpg,0.0903
center_2025_04_30_18_11_17_140.jpg,left_2025_04_30_18_11_17_140.jpg,right_2025_04_30_18_11_17_140.jpg,0.0917
center_2025_04_30_18_11_17_185.jpg,left_2025_04_30_18_11_17_185.jpg,right_2025_04_30_18_11_17_185.jpg,0.0943
center_2025_04_30_18_11_17_233.jpg,left_2025_04_30_18_11_17_233.jpg,right_2025_04_30_18_11_17_233.jpg,0.0979
center_2025_04_30_18_11_17_279.jpg,left_2025_04_30_18_11_17_279.jpg,right_2025_04_30_18_11_17_279.jpg,0.103
center_2025_04_30_18_11_17_327.jpg,left_2025_04_30_18_11_17_327.jpg,right_2025_04_30_18_11_17_327.jpg,0.1092
center_2025_04_30_18_11_17_378.jpg,left_2025_04_30_18_11_17_378.jpg,right_2025_04_30_18_11_17_378.jpg,0.1169
center_2025_04_30_18_11_17_421.jpg,left_2025_04_30_18_11_17_421.jpg,right_2025_04_30_18_11_17_421.jpg,0.1251
center_2025_04_30_18_11_17_470.jpg,left_2025_04_30_18_11_17_470.jpg,right_2025_04_30_18_11_17_470.jpg,0.1336
center_2025_04_30_18_11_17_512.jpg,left_2025_04_30_18_11_17_512.jpg,right_2025_04_30_18_11_17_512.jpg,0.1418
center_2025_04_30_18_11_17_563.jpg,left_2025_04_30_18_11_17_563.jpg,right_2025_04_30_18_11_17_563.jpg,0.1483
center_2025_04_30_18_11_17_624.jpg,left_2025_04_30_18_11_17_624.jpg,right_2025_04_30_18_11_17_624.jpg,0.1534
center_2025_04_30_18_11_17_656.jpg,left_2025_04_30_18_11_17_656.jpg,right_2025_04_30_18_11_17_656.jpg,0.1571
center_2025_04_30_18_11_17_699.jpg,left_2025_04_30_18_11_17_699.jpg,right_2025_04_30_18_11_17_699.jpg,0.1593
center_2025_04_30_18_11_17_749.jpg,left_2025_04_30_18_11_17_749.jpg,right_2025_04_30_18_11_17_749.jpg,0.1607
center_2025_04_30_18_11_17_792.jpg,left_2025_04_30_18_11_17_792.jpg,right_2025_04_30_18_11_17_792.jpg,0.1619
center_2025_04_30_18_11_17_841.jpg,left_2025_04_30_18_11_17_841.jpg,right_2025_04_30_18_11_17_841.jpg,0.1624
center_2025_04_30_18_11_17_884.jpg,left_2025_04_30_18_11_17_884.jpg,right_2025_04_30_18_11_17_884.jpg,0.1627
center_2025_04_30_18_11_17_934.jpg,left_2025_04_30_18_11_17_934.jpg,right_2025_04_30_18_11_17_934.jpg,0.163
center_2025_04_30_18_11_17_979.jpg,left_2025_04_30_18_11_17_979.jpg,right_2025_04_30_18_11_17_979.jpg,0.1633
center_2025_04_30_18_11_18_027.jpg,left_2025_04_30_18_11_18_027.jpg,right_2025_04_30_18_11_18_027.jpg,0.1633
center_2025_04_30_18_11_18_069.jpg,left_2025_04_30_18_11_18_069.jpg,right_2025_04_30_18_11_18_069.jpg,0.1633
center_2025_04_30_18_11_18_119.jpg,left_2025_04_30_18_11_18_119.jpg,right_2025_04_30_18_11_18_119.jpg,0.1633
center_2025_04_30_18_11_18_164.jpg,left_2025_04_30_18_11_18_164.jpg,right_2025_04_30_18_11_18_164.jpg,0.163
center_2025_04_30_18_11_18_214.jpg,left_2025_04_30_18_11_18_214.jpg,right_2025_04_30_18_11_18_214.jpg,0.1627
center_2025_04_30_18_11_18_260.jpg,left_2025_04_30_18_11_18_260.jpg,right_2025_04_30_18_11_18_260.jpg,0.163
center_2025_04_30_18_11_18_305.jpg,left_2025_04_30_18_11_18_305.jpg,right_2025_04_30_18_11_18_305.jpg,0.163
center_2025_04_30_18_11_18_351.jpg,left_2025_04_30_18_11_18_351.jpg,right_2025_04_30_18_11_18_351.jpg,0.163
center_2025_04_30_18_11_18_398.jpg,left_2025_04_30_18_11_18_398.jpg,right_2025_04_30_18_11_18_398.jpg,0.163
center_2025_04_30_18_11_18_449.jpg,left_2025_04_30_18_11_18_449.jpg,right_2025_04_30_18_11_18_449.jpg,0.1633
center_2025_04_30_18_11_18_492.jpg,left_2025_04_30_18_11_18_492.jpg,right_2025_04_30_18_11_18_492.jpg,0.163
center_2025_04_30_18_11_18_542.jpg,left_2025_04_30_18_11_18_542.jpg,right_2025_04_30_18_11_18_542.jpg,0.1636
center_2025_04_30_18_11_18_585.jpg,left_2025_04_30_18_11_18_585.jpg,right_2025_04_30_18_11_18_585.jpg,0.1636
center_2025_04_30_18_11_18_635.jpg,left_2025_04_30_18_11_18_635.jpg,right_2025_04_30_18_11_18_635.jpg,0.1636
center_2025_04_30_18_11_18_679.jpg,left_2025_04_30_18_11_18_679.jpg,right_2025_04_30_18_11_18_679.jpg,0.1633
center_2025_04_30_18_11_18_728.jpg,left_2025_04_30_18_11_18_728.jpg,right_2025_04_30_18_11_18_728.jpg,0.1633
center_2025_04_30_18_11_18_772.jpg,left_2025_04_30_18_11_18_772.jpg,right_2025_04_30_18_11_18_772.jpg,0.163
center_2025_04_30_18_11_18_821.jpg,left_2025_04_30_18_11_18_821.jpg,right_2025_04_30_18_11_18_821.jpg,0.163
center_2025_04_30_18_11_18_865.jpg,left_2025_04_30_18_11_18_865.jpg,right_2025_04_30_18_11_18_865.jpg,0.163
center_2025_04_30_18_11_18_913.jpg,left_2025_04_30_18_11_18_913.jpg,right_2025_04_30_18_11_18_913.jpg,0.163
center_2025_04_30_18_11_18_959.jpg,left_2025_04_30_18_11_18_959.jpg,right_2025_04_30_18_11_18_959.jpg,0.1633
center_2025_04_30_18_11_19_007.jpg,left_2025_04_30_18_11_19_007.jpg,right_2025_04_30_18_11_19_007.jpg,0.163
center_2025_04_30_18_11_19_052.jpg,left_2025_04_30_18_11_19_052.jpg,right_2025_04_30_18_11_19_052.jpg,0.163
center_2025_04_30_18_11_19_100.jpg,left_2025_04_30_18_11_19_100.jpg,right_2025_04_30_18_11_19_100.jpg,0.163
center_2025_04_30_18_11_19_150.jpg,left_2025_04_30_18_11_19_150.jpg,right_2025_04_30_18_11_19_150.jpg,0.163
center_2025_04_30_18_11_19_192.jpg,left_2025_04_30_18_11_19_192.jpg,right_2025_04_30_18_11_19_192.jpg,0.163
center_2025_04_30_18_11_19_242.jpg,left_2025_04_30_18_11_19_242.jpg,right_2025_04_30_18_11_19_242.jpg,0.163
center_2025_04_30_18_11_19_286.jpg,left_2025_04_30_18_11_19_286.jpg,right_2025_04_30_18_11_19_286.jpg,0.163
center_2025_04_30_18_11_19_336.jpg,left_2025_04_30_18_11_19_336.jpg,right_2025_04_30_18_11_19_336.jpg,0.1633
center_2025_04_30_18_11_19_382.jpg,left_2025_04_30_18_11_19_382.jpg,right_2025_04_30_18_11_19_382.jpg,0.1633
center_2025_04_30_18_11_19_428.jpg,left_2025_04_30_18_11_19_428.jpg,right_2025_04_30_18_11_19_428.jpg,0.163
center_2025_04_30_18_11_19_475.jpg,left_2025_04_30_18_11_19_475.jpg,right_2025_04_30_18_11_19_475.jpg,0.163
center_2025_04_30_18_11_19_523.jpg,left_2025_04_30_18_11_19_523.jpg,right_2025_04_30_18_11_19_523.jpg,0.163
center_2025_04_30_18_11_19_573.jpg,left_2025_04_30_18_11_19_573.jpg,right_2025_04_30_18_11_19_573.jpg,0.1627
center_2025_04_30_18_11_19_617.jpg,left_2025_04_30_18_11_19_617.jpg,right_2025_04_30_18_11_19_617.jpg,0.163
center_2025_04_30_18_11_19_666.jpg,left_2025_04_30_18_11_19_666.jpg,right_2025_04_30_18_11_19_666.jpg,0.1633
center_2025_04_30_18_11_19_711.jpg,left_2025_04_30_18_11_19_711.jpg,right_2025_04_30_18_11_19_711.jpg,0.1636
center_2025_04_30_18_11_19_758.jpg,left_2025_04_30_18_11_19_758.jpg,right_2025_04_30_18_11_19_758.jpg,0.1636
center_2025_04_30_18_11_19_803.jpg,left_2025_04_30_18_11_19_803.jpg,right_2025_04_30_18_11_19_803.jpg,0.1636
center_2025_04_30_18_11_19_851.jpg,left_2025_04_30_18_11_19_851.jpg,right_2025_04_30_18_11_19_851.jpg,0.1636
center_2025_04_30_18_11_19_896.jpg,left_2025_04_30_18_11_19_896.jpg,right_2025_04_30_18_11_19_896.jpg,0.1633
center_2025_04_30_18_11_19_944.jpg,left_2025_04_30_18_11_19_944.jpg,right_2025_04_30_18_11_19_944.jpg,0.1633
center_2025_04_30_18_11_19_990.jpg,left_2025_04_30_18_11_19_990.jpg,right_2025_04_30_18_11_19_990.jpg,0.1633
center_2025_04_30_18_11_20_037.jpg,left_2025_04_30_18_11_20_037.jpg,right_2025_04_30_18_11_20_037.jpg,0.1633
center_2025_04_30_18_11_20_082.jpg,left_2025_04_30_18_11_20_082.jpg,right_2025_04_30_18_11_20_082.jpg,0.163
center_2025_04_30_18_11_20_129.jpg,left_2025_04_30_18_11_20_129.jpg,right_2025_04_30_18_11_20_129.jpg,0.1633
center_2025_04_30_18_11_20_176.jpg,left_2025_04_30_18_11_20_176.jpg,right_2025_04_30_18_11_20_176.jpg,0.1633
center_2025_04_30_18_11_20_224.jpg,left_2025_04_30_18_11_20_224.jpg,right_2025_04_30_18_11_20_224.jpg,0.1633
center_2025_04_30_18_11_20_268.jpg,left_2025_04_30_18_11_20_268.jpg,right_2025_04_30_18_11_20_268.jpg,0.1633
center_2025_04_30_18_11_20_317.jpg,left_2025_04_30_18_11_20_317.jpg,right_2025_04_30_18_11_20_317.jpg,0.1633
center_2025_04_30_18_11_20_367.jpg,left_2025_04_30_18_11_20_367.jpg,right_2025_04_30_18_11_20_367.jpg,0.163
center_2025_04_30_18_11_20_425.jpg,left_2025_04_30_18_11_20_425.jpg,right_2025_04_30_18_11_20_425.jpg,0.163
center_2025_04_30_18_11_20_460.jpg,left_2025_04_30_18_11_20_460.jpg,right_2025_04_30_18_11_20_460.jpg,0.1633
center_2025_04_30_18_11_20_505.jpg,left_2025_04_30_18_11_20_505.jpg,right_2025_04_30_18_11_20_505.jpg,0.1633
center_2025_04_30_18_11_20_552.jpg,left_2025_04_30_18_11_20_552.jpg,right_2025_04_30_18_11_20_552.jpg,0.1636
center_2025_04_30_18_11_20_603.jpg,left_2025_04_30_18_11_20_603.jpg,right_2025_04_30_18_11_20_603.jpg,0.1636
center_2025_04_30_18_11_20_647.jpg,left_2025_04_30_18_11_20_647.jpg,right_2025_04_30_18_11_20_647.jpg,0.1633
center_2025_04_30_18_11_20_697.jpg,left_2025_04_30_18_11_20_697.jpg,right_2025_04_30_18_11_20_697.jpg,0.163
center_2025_04_30_18_11_20_740.jpg,left_2025_04_30_18_11_20_740.jpg,right_2025_04_30_18_11_20_740.jpg,0.1633
center_2025_04_30_18_11_20_789.jpg,left_2025_04_30_18_11_20_789.jpg,right_2025_04_30_18_11_20_789.jpg,0.163
center_2025_04_30_18_11_20_835.jpg,left_2025_04_30_18_11_20_835.jpg,right_2025_04_30_18_11_20_835.jpg,0.1633
center_2025_04_30_18_11_20_883.jpg,left_2025_04_30_18_11_20_883.jpg,right_2025_04_30_18_11_20_883.jpg,0.1636
center_2025_04_30_18_11_20_929.jpg,left_2025_04_30_18_11_20_929.jpg,right_2025_04_30_18_11_20_929.jpg,0.1636
center_2025_04_30_18_11_20_975.jpg,left_2025_04_30_18_11_20_975.jpg,right_2025_04_30_18_11_20_975.jpg,0.1633
center_2025_04_30_18_11_21_021.jpg,left_2025_04_30_18_11_21_021.jpg,right_2025_04_30_18_11_21_021.jpg,0.1636
center_2025_04_30_18_11_21_068.jpg,left_2025_04_30_18_11_21_068.jpg,right_2025_04_30_18_11_21_068.jpg,0.1633
center_2025_04_30_18_11_21_114.jpg,left_2025_04_30_18_11_21_114.jpg,right_2025_04_30_18_11_21_114.jpg,0.163
center_2025_04_30_18_11_21_161.jpg,left_2025_04_30_18_11_21_161.jpg,right_2025_04_30_18_11_21_161.jpg,0.1633
center_2025_04_30_18_11_21_213.jpg,left_2025_04_30_18_11_21_213.jpg,right_2025_04_30_18_11_21_213.jpg,0.1633
center_2025_04_30_18_11_21_255.jpg,left_2025_04_30_18_11_21_255.jpg,right_2025_04_30_18_11_21_255.jpg,0.1633
center_2025_04_30_18_11_21_305.jpg,left_2025_04_30_18_11_21_305.jpg,right_2025_04_30_18_11_21_305.jpg,0.1633
center_2025_04_30_18_11_21_348.jpg,left_2025_04_30_18_11_21_348.jpg,right_2025_04_30_18_11_21_348.jpg,0.1633
center_2025_04_30_18_11_21_398.jpg,left_2025_04_30_18_11_21_398.jpg,right_2025_04_30_18_11_21_398.jpg,0.1633
center_2025_04_30_18_11_21_441.jpg,left_2025_04_30_18_11_21_441.jpg,right_2025_04_30_18_11_21_441.jpg,0.1633
center_2025_04_30_18_11_21_490.jpg,left_2025_04_30_18_11_21_490.jpg,right_2025_04_30_18_11_21_490.jpg,0.163
center_2025_04_30_18_11_21_533.jpg,left_2025_04_30_18_11_21_533.jpg,right_2025_04_30_18_11_21_533.jpg,0.1633
center_2025_04_30_18_11_21_583.jpg,left_2025_04_30_18_11_21_583.jpg,right_2025_04_30_18_11_21_583.jpg,0.1633
center_2025_04_30_18_11_21_629.jpg,left_2025_04_30_18_11_21_629.jpg,right_2025_04_30_18_11_21_629.jpg,0.163
center_2025_04_30_18_11_21_675.jpg,left_2025_04_30_18_11_21_675.jpg,right_2025_04_30_18_11_21_675.jpg,0.163
center_2025_04_30_18_11_21_727.jpg,left_2025_04_30_18_11_21_727.jpg,right_2025_04_30_18_11_21_727.jpg,0.163
center_2025_04_30_18_11_21_769.jpg,left_2025_04_30_18_11_21_769.jpg,right_2025_04_30_18_11_21_769.jpg,0.1621
center_2025_04_30_18_11_21_820.jpg,left_2025_04_30_18_11_21_820.jpg,right_2025_04_30_18_11_21_820.jpg,0.1613
center_2025_04_30_18_11_21_864.jpg,left_2025_04_30_18_11_21_864.jpg,right_2025_04_30_18_11_21_864.jpg,0.1605
center_2025_04_30_18_11_21_913.jpg,left_2025_04_30_18_11_21_913.jpg,right_2025_04_30_18_11_21_913.jpg,0.1596
center_2025_04_30_18_11_21_958.jpg,left_2025_04_30_18_11_21_958.jpg,right_2025_04_30_18_11_21_958.jpg,0.1585
center_2025_04_30_18_11_22_006.jpg,left_2025_04_30_18_11_22_006.jpg,right_2025_04_30_18_11_22_006.jpg,0.1579
center_2025_04_30_18_11_22_052.jpg,left_2025_04_30_18_11_22_052.jpg,right_2025_04_30_18_11_22_052.jpg,0.1577
center_2025_04_30_18_11_22_100.jpg,left_2025_04_30_18_11_22_100.jpg,right_2025_04_30_18_11_22_100.jpg,0.1574
center_2025_04_30_18_11_22_150.jpg,left_2025_04_30_18_11_22_150.jpg,right_2025_04_30_18_11_22_150.jpg,0.1571
center_2025_04_30_18_11_22_194.jpg,left_2025_04_30_18_11_22_194.jpg,right_2025_04_30_18_11_22_194.jpg,0.1571
center_2025_04_30_18_11_22_242.jpg,left_2025_04_30_18_11_22_242.jpg,right_2025_04_30_18_11_22_242.jpg,0.1571
center_2025_04_30_18_11_22_289.jpg,left_2025_04_30_18_11_22_289.jpg,right_2025_04_30_18_11_22_289.jpg,0.1571
center_2025_04_30_18_11_22_335.jpg,left_2025_04_30_18_11_22_335.jpg,right_2025_04_30_18_11_22_335.jpg,0.1571
center_2025_04_30_18_11_22_383.jpg,left_2025_04_30_18_11_22_383.jpg,right_2025_04_30_18_11_22_383.jpg,0.1568
center_2025_04_30_18_11_22_430.jpg,left_2025_04_30_18_11_22_430.jpg,right_2025_04_30_18_11_22_430.jpg,0.156
center_2025_04_30_18_11_22_479.jpg,left_2025_04_30_18_11_22_479.jpg,right_2025_04_30_18_11_22_479.jpg,0.1545
center_2025_04_30_18_11_22_523.jpg,left_2025_04_30_18_11_22_523.jpg,right_2025_04_30_18_11_22_523.jpg,0.1528
center_2025_04_30_18_11_22_572.jpg,left_2025_04_30_18_11_22_572.jpg,right_2025_04_30_18_11_22_572.jpg,0.1511
center_2025_04_30_18_11_22_616.jpg,left_2025_04_30_18_11_22_616.jpg,right_2025_04_30_18_11_22_616.jpg,0.1494
center_2025_04_30_18_11_22_665.jpg,left_2025_04_30_18_11_22_665.jpg,right_2025_04_30_18_11_22_665.jpg,0.1483
center_2025_04_30_18_11_22_709.jpg,left_2025_04_30_18_11_22_709.jpg,right_2025_04_30_18_11_22_709.jpg,0.1475
center_2025_04_30_18_11_22_758.jpg,left_2025_04_30_18_11_22_758.jpg,right_2025_04_30_18_11_22_758.jpg,0.1466
center_2025_04_30_18_11_22_803.jpg,left_2025_04_30_18_11_22_803.jpg,right_2025_04_30_18_11_22_803.jpg,0.1452
center_2025_04_30_18_11_22_850.jpg,left_2025_04_30_18_11_22_850.jpg,right_2025_04_30_18_11_22_850.jpg,0.1418
center_2025_04_30_18_11_22_896.jpg,left_2025_04_30_18_11_22_896.jpg,right_2025_04_30_18_11_22_896.jpg,0.1353
center_2025_04_30_18_11_22_944.jpg,left_2025_04_30_18_11_22_944.jpg,right_2025_04_30_18_11_22_944.jpg,0.1273
center_2025_04_30_18_11_22_987.jpg,left_2025_04_30_18_11_22_987.jpg,right_2025_04_30_18_11_22_987.jpg,0.1194
center_2025_04_30_18_11_23_036.jpg,left_2025_04_30_18_11_23_036.jpg,right_2025_04_30_18_11_23_036.jpg,0.1106
center_2025_04_30_18_11_23_080.jpg,left_2025_04_30_18_11_23_080.jpg,right_2025_04_30_18_11_23_080.jpg,0.1027
center_2025_04_30_18_11_23_129.jpg,left_2025_04_30_18_11_23_129.jpg,right_2025_04_30_18_11_23_129.jpg,0.0962
center_2025_04_30_18_11_23_173.jpg,left_2025_04_30_18_11_23_173.jpg,right_2025_04_30_18_11_23_173.jpg,0.09
center_2025_04_30_18_11_23_221.jpg,left_2025_04_30_18_11_23_221.jpg,right_2025_04_30_18_11_23_221.jpg,0.0832
center_2025_04_30_18_11_23_265.jpg,left_2025_04_30_18_11_23_265.jpg,right_2025_04_30_18_11_23_265.jpg,0.077
center_2025_04_30_18_11_23_314.jpg,left_2025_04_30_18_11_23_314.jpg,right_2025_04_30_18_11_23_314.jpg,0.0719
center_2025_04_30_18_11_23_359.jpg,left_2025_04_30_18_11_23_359.jpg,right_2025_04_30_18_11_23_359.jpg,0.0682
center_2025_04_30_18_11_23_408.jpg,left_2025_04_30_18_11_23_408.jpg,right_2025_04_30_18_11_23_408.jpg,0.066
center_2025_04_30_18_11_23_454.jpg,left_2025_04_30_18_11_23_454.jpg,right_2025_04_30_18_11_23_454.jpg,0.0645
center_2025_04_30_18_11_23_501.jpg,left_2025_04_30_18_11_23_501.jpg,right_2025_04_30_18_11_23_501.jpg,0.0637
center_2025_04_30_18_11_23_552.jpg,left_2025_04_30_18_11_23_552.jpg,right_2025_04_30_18_11_23_552.jpg,0.0634
center_2025_04_30_18_11_23_595.jpg,left_2025_04_30_18_11_23_595.jpg,right_2025_04_30_18_11_23_595.jpg,0.0631
center_2025_04_30_18_11_23_645.jpg,left_2025_04_30_18_11_23_645.jpg,right_2025_04_30_18_11_23_645.jpg,0.0626
center_2025_04_30_18_11_23_687.jpg,left_2025_04_30_18_11_23_687.jpg,right_2025_04_30_18_11_23_687.jpg,0.0617
center_2025_04_30_18_11_23_737.jpg,left_2025_04_30_18_11_23_737.jpg,right_2025_04_30_18_11_23_737.jpg,0.0608
center_2025_04_30_18_11_23_782.jpg,left_2025_04_30_18_11_23_782.jpg,right_2025_04_30_18_11_23_782.jpg,0.0597
center_2025_04_30_18_11_23_829.jpg,left_2025_04_30_18_11_23_829.jpg,right_2025_04_30_18_11_23_829.jpg,0.0588
center_2025_04_30_18_11_23_875.jpg,left_2025_04_30_18_11_23_875.jpg,right_2025_04_30_18_11_23_875.jpg,0.058
center_2025_04_30_18_11_23_923.jpg,left_2025_04_30_18_11_23_923.jpg,right_2025_04_30_18_11_23_923.jpg,0.0574
center_2025_04_30_18_11_23_966.jpg,left_2025_04_30_18_11_23_966.jpg,right_2025_04_30_18_11_23_966.jpg,0.0572
center_2025_04_30_18_11_24_015.jpg,left_2025_04_30_18_11_24_015.jpg,right_2025_04_30_18_11_24_015.jpg,0.0569
center_2025_04_30_18_11_24_059.jpg,left_2025_04_30_18_11_24_059.jpg,right_2025_04_30_18_11_24_059.jpg,0.0566
center_2025_04_30_18_11_24_108.jpg,left_2025_04_30_18_11_24_108.jpg,right_2025_04_30_18_11_24_108.jpg,0.0566
center_2025_04_30_18_11_24_152.jpg,left_2025_04_30_18_11_24_152.jpg,right_2025_04_30_18_11_24_152.jpg,0.0566
center_2025_04_30_18_11_24_201.jpg,left_2025_04_30_18_11_24_201.jpg,right_2025_04_30_18_11_24_201.jpg,0.0569
center_2025_04_30_18_11_24_248.jpg,left_2025_04_30_18_11_24_248.jpg,right_2025_04_30_18_11_24_248.jpg,0.0569
center_2025_04_30_18_11_24_293.jpg,left_2025_04_30_18_11_24_293.jpg,right_2025_04_30_18_11_24_293.jpg,0.0569
center_2025_04_30_18_11_24_340.jpg,left_2025_04_30_18_11_24_340.jpg,right_2025_04_30_18_11_24_340.jpg,0.0572
center_2025_04_30_18_11_24_386.jpg,left_2025_04_30_18_11_24_386.jpg,right_2025_04_30_18_11_24_386.jpg,0.0572
center_2025_04_30_18_11_24_438.jpg,left_2025_04_30_18_11_24_438.jpg,right_2025_04_30_18_11_24_438.jpg,0.0569
center_2025_04_30_18_11_24_482.jpg,left_2025_04_30_18_11_24_482.jpg,right_2025_04_30_18_11_24_482.jpg,0.0569
center_2025_04_30_18_11_24_531.jpg,left_2025_04_30_18_11_24_531.jpg,right_2025_04_30_18_11_24_531.jpg,0.0569
center_2025_04_30_18_11_24_575.jpg,left_2025_04_30_18_11_24_575.jpg,right_2025_04_30_18_11_24_575.jpg,0.0566
center_2025_04_30_18_11_24_623.jpg,left_2025_04_30_18_11_24_623.jpg,right_2025_04_30_18_11_24_623.jpg,0.0569
center_2025_04_30_18_11_24_669.jpg,left_2025_04_30_18_11_24_669.jpg,right_2025_04_30_18_11_24_669.jpg,0.0572
center_2025_04_30_18_11_24_716.jpg,left_2025_04_30_18_11_24_716.jpg,right_2025_04_30_18_11_24_716.jpg,0.0572
center_2025_04_30_18_11_24_763.jpg,left_2025_04_30_18_11_24_763.jpg,right_2025_04_30_18_11_24_763.jpg,0.0572
center_2025_04_30_18_11_24_809.jpg,left_2025_04_30_18_11_24_809.jpg,right_2025_04_30_18_11_24_809.jpg,0.0572
center_2025_04_30_18_11_24_855.jpg,left_2025_04_30_18_11_24_855.jpg,right_2025_04_30_18_11_24_855.jpg,0.0569
center_2025_04_30_18_11_24_902.jpg,left_2025_04_30_18_11_24_902.jpg,right_2025_04_30_18_11_24_902.jpg,0.0566
center_2025_04_30_18_11_24_954.jpg,left_2025_04_30_18_11_24_954.jpg,right_2025_04_30_18_11_24_954.jpg,0.0566
center_2025_04_30_18_11_24_995.jpg,left_2025_04_30_18_11_24_995.jpg,right_2025_04_30_18_11_24_995.jpg,0.0566
center_2025_04_30_18_11_25_046.jpg,left_2025_04_30_18_11_25_046.jpg,right_2025_04_30_18_11_25_046.jpg,0.0569
center_2025_04_30_18_11_25_089.jpg,left_2025_04_30_18_11_25_089.jpg,right_2025_04_30_18_11_25_089.jpg,0.0569
center_2025_04_30_18_11_25_139.jpg,left_2025_04_30_18_11_25_139.jpg,right_2025_04_30_18_11_25_139.jpg,0.0572
center_2025_04_30_18_11_25_182.jpg,left_2025_04_30_18_11_25_182.jpg,right_2025_04_30_18_11_25_182.jpg,0.0574
center_2025_04_30_18_11_25_232.jpg,left_2025_04_30_18_11_25_232.jpg,right_2025_04_30_18_11_25_232.jpg,0.0574
center_2025_04_30_18_11_25_274.jpg,left_2025_04_30_18_11_25_274.jpg,right_2025_04_30_18_11_25_274.jpg,0.0572
center_2025_04_30_18_11_25_324.jpg,left_2025_04_30_18_11_25_324.jpg,right_2025_04_30_18_11_25_324.jpg,0.0574
center_2025_04_30_18_11_25_369.jpg,left_2025_04_30_18_11_25_369.jpg,right_2025_04_30_18_11_25_369.jpg,0.0577
center_2025_04_30_18_11_25_417.jpg,left_2025_04_30_18_11_25_417.jpg,right_2025_04_30_18_11_25_417.jpg,0.058
center_2025_04_30_18_11_25_463.jpg,left_2025_04_30_18_11_25_463.jpg,right_2025_04_30_18_11_25_463.jpg,0.0591
center_2025_04_30_18_11_25_509.jpg,left_2025_04_30_18_11_25_509.jpg,right_2025_04_30_18_11_25_509.jpg,0.0623
center_2025_04_30_18_11_25_556.jpg,left_2025_04_30_18_11_25_556.jpg,right_2025_04_30_18_11_25_556.jpg,0.0671
center_2025_04_30_18_11_25_603.jpg,left_2025_04_30_18_11_25_603.jpg,right_2025_04_30_18_11_25_603.jpg,0.0727
center_2025_04_30_18_11_25_654.jpg,left_2025_04_30_18_11_25_654.jpg,right_2025_04_30_18_11_25_654.jpg,0.0787
center_2025_04_30_18_11_25_697.jpg,left_2025_04_30_18_11_25_697.jpg,right_2025_04_30_18_11_25_697.jpg,0.0844
center_2025_04_30_18_11_25_748.jpg,left_2025_04_30_18_11_25_748.jpg,right_2025_04_30_18_11_25_748.jpg,0.0892
center_2025_04_30_18_11_25_790.jpg,left_2025_04_30_18_11_25_790.jpg,right_2025_04_30_18_11_25_790.jpg,0.094
center_2025_04_30_18_11_25_840.jpg,left_2025_04_30_18_11_25_840.jpg,right_2025_04_30_18_11_25_840.jpg,0.0991
center_2025_04_30_18_11_25_884.jpg,left_2025_04_30_18_11_25_884.jpg,right_2025_04_30_18_11_25_884.jpg,0.1044
center_2025_04_30_18_11_25_932.jpg,left_2025_04_30_18_11_25_932.jpg,right_2025_04_30_18_11_25_932.jpg,0.1101
center_2025_04_30_18_11_25_978.jpg,left_2025_04_30_18_11_25_978.jpg,right_2025_04_30_18_11_25_978.jpg,0.1149
center_2025_04_30_18_11_26_027.jpg,left_2025_04_30_18_11_26_027.jpg,right_2025_04_30_18_11_26_027.jpg,0.1177
center_2025_04_30_18_11_26_077.jpg,left_2025_04_30_18_11_26_077.jpg,right_2025_04_30_18_11_26_077.jpg,0.1197
center_2025_04_30_18_11_26_118.jpg,left_2025_04_30_18_11_26_118.jpg,right_2025_04_30_18_11_26_118.jpg,0.1211
center_2025_04_30_18_11_26_170.jpg,left_2025_04_30_18_11_26_170.jpg,right_2025_04_30_18_11_26_170.jpg,0.1223
center_2025_04_30_18_11_26_212.jpg,left_2025_04_30_18_11_26_212.jpg,right_2025_04_30_18_11_26_212.jpg,0.1234
center_2025_04_30_18_11_26_256.jpg,left_2025_04_30_18_11_26_256.jpg,right_2025_04_30_18_11_26_256.jpg,0.1248
center_2025_04_30_18_11_26_326.jpg,left_2025_04_30_18_11_26_326.jpg,right_2025_04_30_18_11_26_326.jpg,0.1254
center_2025_04_30_18_11_26_348.jpg,left_2025_04_30_18_11_26_348.jpg,right_2025_04_30_18_11_26_348.jpg,0.1259
center_2025_04_30_18_11_26_396.jpg,left_2025_04_30_18_11_26_396.jpg,right_2025_04_30_18_11_26_396.jpg,0.1262
center_2025_04_30_18_11_26_441.jpg,left_2025_04_30_18_11_26_441.jpg,right_2025_04_30_18_11_26_441.jpg,0.1262
center_2025_04_30_18_11_26_490.jpg,left_2025_04_30_18_11_26_490.jpg,right_2025_04_30_18_11_26_490.jpg,0.1259
center_2025_04_30_18_11_26_534.jpg,left_2025_04_30_18_11_26_534.jpg,right_2025_04_30_18_11_26_534.jpg,0.1259
center_2025_04_30_18_11_26_582.jpg,left_2025_04_30_18_11_26_582.jpg,right_2025_04_30_18_11_26_582.jpg,0.1259
center_2025_04_30_18_11_26_626.jpg,left_2025_04_30_18_11_26_626.jpg,right_2025_04_30_18_11_26_626.jpg,0.1259
center_2025_04_30_18_11_26_675.jpg,left_2025_04_30_18_11_26_675.jpg,right_2025_04_30_18_11_26_675.jpg,0.1262
center_2025_04_30_18_11_26_725.jpg,left_2025_04_30_18_11_26_725.jpg,right_2025_04_30_18_11_26_725.jpg,0.1262
center_2025_04_30_18_11_26_768.jpg,left_2025_04_30_18_11_26_768.jpg,right_2025_04_30_18_11_26_768.jpg,0.1262
center_2025_04_30_18_11_26_819.jpg,left_2025_04_30_18_11_26_819.jpg,right_2025_04_30_18_11_26_819.jpg,0.1262
center_2025_04_30_18_11_26_862.jpg,left_2025_04_30_18_11_26_862.jpg,right_2025_04_30_18_11_26_862.jpg,0.1262
center_2025_04_30_18_11_26_912.jpg,left_2025_04_30_18_11_26_912.jpg,right_2025_04_30_18_11_26_912.jpg,0.1259
center_2025_04_30_18_11_26_957.jpg,left_2025_04_30_18_11_26_957.jpg,right_2025_04_30_18_11_26_957.jpg,0.1259
center_2025_04_30_18_11_27_005.jpg,left_2025_04_30_18_11_27_005.jpg,right_2025_04_30_18_11_27_005.jpg,0.1262
center_2025_04_30_18_11_27_049.jpg,left_2025_04_30_18_11_27_049.jpg,right_2025_04_30_18_11_27_049.jpg,0.1265
center_2025_04_30_18_11_27_097.jpg,left_2025_04_30_18_11_27_097.jpg,right_2025_04_30_18_11_27_097.jpg,0.1265
center_2025_04_30_18_11_27_142.jpg,left_2025_04_30_18_11_27_142.jpg,right_2025_04_30_18_11_27_142.jpg,0.1268
center_2025_04_30_18_11_27_191.jpg,left_2025_04_30_18_11_27_191.jpg,right_2025_04_30_18_11_27_191.jpg,0.1268
center_2025_04_30_18_11_27_242.jpg,left_2025_04_30_18_11_27_242.jpg,right_2025_04_30_18_11_27_242.jpg,0.1268
center_2025_04_30_18_11_27_284.jpg,left_2025_04_30_18_11_27_284.jpg,right_2025_04_30_18_11_27_284.jpg,0.1265
center_2025_04_30_18_11_27_334.jpg,left_2025_04_30_18_11_27_334.jpg,right_2025_04_30_18_11_27_334.jpg,0.1268
center_2025_04_30_18_11_27_378.jpg,left_2025_04_30_18_11_27_378.jpg,right_2025_04_30_18_11_27_378.jpg,0.1265
center_2025_04_30_18_11_27_427.jpg,left_2025_04_30_18_11_27_427.jpg,right_2025_04_30_18_11_27_427.jpg,0.1265
center_2025_04_30_18_11_27_472.jpg,left_2025_04_30_18_11_27_472.jpg,right_2025_04_30_18_11_27_472.jpg,0.1262
center_2025_04_30_18_11_27_520.jpg,left_2025_04_30_18_11_27_520.jpg,right_2025_04_30_18_11_27_520.jpg,0.1262
center_2025_04_30_18_11_27_565.jpg,left_2025_04_30_18_11_27_565.jpg,right_2025_04_30_18_11_27_565.jpg,0.1262
center_2025_04_30_18_11_27_613.jpg,left_2025_04_30_18_11_27_613.jpg,right_2025_04_30_18_11_27_613.jpg,0.1262
center_2025_04_30_18_11_27_660.jpg,left_2025_04_30_18_11_27_660.jpg,right_2025_04_30_18_11_27_660.jpg,0.1262
center_2025_04_30_18_11_27_706.jpg,left_2025_04_30_18_11_27_706.jpg,right_2025_04_30_18_11_27_706.jpg,0.1262
center_2025_04_30_18_11_27_758.jpg,left_2025_04_30_18_11_27_758.jpg,right_2025_04_30_18_11_27_758.jpg,0.1262
center_2025_04_30_18_11_27_801.jpg,left_2025_04_30_18_11_27_801.jpg,right_2025_04_30_18_11_27_801.jpg,0.1259
center_2025_04_30_18_11_27_850.jpg,left_2025_04_30_18_11_27_850.jpg,right_2025_04_30_18_11_27_850.jpg,0.1259
center_2025_04_30_18_11_27_896.jpg,left_2025_04_30_18_11_27_896.jpg,right_2025_04_30_18_11_27_896.jpg,0.1259
center_2025_04_30_18_11_27_942.jpg,left_2025_04_30_18_11_27_942.jpg,right_2025_04_30_18_11_27_942.jpg,0.1259
center_2025_04_30_18_11_27_986.jpg,left_2025_04_30_18_11_27_986.jpg,right_2025_04_30_18_11_27_986.jpg,0.1259
center_2025_04_30_18_11_28_036.jpg,left_2025_04_30_18_11_28_036.jpg,right_2025_04_30_18_11_28_036.jpg,0.1259
center_2025_04_30_18_11_28_081.jpg,left_2025_04_30_18_11_28_081.jpg,right_2025_04_30_18_11_28_081.jpg,0.1262
center_2025_04_30_18_11_28_128.jpg,left_2025_04_30_18_11_28_128.jpg,right_2025_04_30_18_11_28_128.jpg,0.1265
center_2025_04_30_18_11_28_173.jpg,left_2025_04_30_18_11_28_173.jpg,right_2025_04_30_18_11_28_173.jpg,0.1265
center_2025_04_30_18_11_28_221.jpg,left_2025_04_30_18_11_28_221.jpg,right_2025_04_30_18_11_28_221.jpg,0.1265
center_2025_04_30_18_11_28_273.jpg,left_2025_04_30_18_11_28_273.jpg,right_2025_04_30_18_11_28_273.jpg,0.1265
center_2025_04_30_18_11_28_315.jpg,left_2025_04_30_18_11_28_315.jpg,right_2025_04_30_18_11_28_315.jpg,0.1262
center_2025_04_30_18_11_28_365.jpg,left_2025_04_30_18_11_28_365.jpg,right_2025_04_30_18_11_28_365.jpg,0.1259
center_2025_04_30_18_11_28_408.jpg,left_2025_04_30_18_11_28_408.jpg,right_2025_04_30_18_11_28_408.jpg,0.1259
center_2025_04_30_18_11_28_458.jpg,left_2025_04_30_18_11_28_458.jpg,right_2025_04_30_18_11_28_458.jpg,0.1265
center_2025_04_30_18_11_28_500.jpg,left_2025_04_30_18_11_28_500.jpg,right_2025_04_30_18_11_28_500.jpg,0.1265
center_2025_04_30_18_11_28_552.jpg,left_2025_04_30_18_11_28_552.jpg,right_2025_04_30_18_11_28_552.jpg,0.1265
center_2025_04_30_18_11_28_593.jpg,left_2025_04_30_18_11_28_593.jpg,right_2025_04_30_18_11_28_593.jpg,0.1265
center_2025_04_30_18_11_28_644.jpg,left_2025_04_30_18_11_28_644.jpg,right_2025_04_30_18_11_28_644.jpg,0.1265
center_2025_04_30_18_11_28_688.jpg,left_2025_04_30_18_11_28_688.jpg,right_2025_04_30_18_11_28_688.jpg,0.1259
center_2025_04_30_18_11_28_736.jpg,left_2025_04_30_18_11_28_736.jpg,right_2025_04_30_18_11_28_736.jpg,0.1259
center_2025_04_30_18_11_28_782.jpg,left_2025_04_30_18_11_28_782.jpg,right_2025_04_30_18_11_28_782.jpg,0.1259
center_2025_04_30_18_11_28_830.jpg,left_2025_04_30_18_11_28_830.jpg,right_2025_04_30_18_11_28_830.jpg,0.1259
center_2025_04_30_18_11_28_876.jpg,left_2025_04_30_18_11_28_876.jpg,right_2025_04_30_18_11_28_876.jpg,0.1259
center_2025_04_30_18_11_28_923.jpg,left_2025_04_30_18_11_28_923.jpg,right_2025_04_30_18_11_28_923.jpg,0.1259
center_2025_04_30_18_11_28_968.jpg,left_2025_04_30_18_11_28_968.jpg,right_2025_04_30_18_11_28_968.jpg,0.1259
center_2025_04_30_18_11_29_016.jpg,left_2025_04_30_18_11_29_016.jpg,right_2025_04_30_18_11_29_016.jpg,0.1259
center_2025_04_30_18_11_29_066.jpg,left_2025_04_30_18_11_29_066.jpg,right_2025_04_30_18_11_29_066.jpg,0.1259
center_2025_04_30_18_11_29_112.jpg,left_2025_04_30_18_11_29_112.jpg,right_2025_04_30_18_11_29_112.jpg,0.1262
center_2025_04_30_18_11_29_158.jpg,left_2025_04_30_18_11_29_158.jpg,right_2025_04_30_18_11_29_158.jpg,0.1262
center_2025_04_30_18_11_29_203.jpg,left_2025_04_30_18_11_29_203.jpg,right_2025_04_30_18_11_29_203.jpg,0.1262
center_2025_04_30_18_11_29_251.jpg,left_2025_04_30_18_11_29_251.jpg,right_2025_04_30_18_11_29_251.jpg,0.1262
center_2025_04_30_18_11_29_297.jpg,left_2025_04_30_18_11_29_297.jpg,right_2025_04_30_18_11_29_297.jpg,0.1265
center_2025_04_30_18_11_29_344.jpg,left_2025_04_30_18_11_29_344.jpg,right_2025_04_30_18_11_29_344.jpg,0.1262
center_2025_04_30_18_11_29_396.jpg,left_2025_04_30_18_11_29_396.jpg,right_2025_04_30_18_11_29_396.jpg,0.1262
center_2025_04_30_18_11_29_439.jpg,left_2025_04_30_18_11_29_439.jpg,right_2025_04_30_18_11_29_439.jpg,0.1262
center_2025_04_30_18_11_29_490.jpg,left_2025_04_30_18_11_29_490.jpg,right_2025_04_30_18_11_29_490.jpg,0.1262
center_2025_04_30_18_11_29_533.jpg,left_2025_04_30_18_11_29_533.jpg,right_2025_04_30_18_11_29_533.jpg,0.1259
center_2025_04_30_18_11_29_581.jpg,left_2025_04_30_18_11_29_581.jpg,right_2025_04_30_18_11_29_581.jpg,0.1259
center_2025_04_30_18_11_29_626.jpg,left_2025_04_30_18_11_29_626.jpg,right_2025_04_30_18_11_29_626.jpg,0.1259
center_2025_04_30_18_11_29_675.jpg,left_2025_04_30_18_11_29_675.jpg,right_2025_04_30_18_11_29_675.jpg,0.1262
center_2025_04_30_18_11_29_716.jpg,left_2025_04_30_18_11_29_716.jpg,right_2025_04_30_18_11_29_716.jpg,0.1262
center_2025_04_30_18_11_29_767.jpg,left_2025_04_30_18_11_29_767.jpg,right_2025_04_30_18_11_29_767.jpg,0.1265
center_2025_04_30_18_11_29_811.jpg,left_2025_04_30_18_11_29_811.jpg,right_2025_04_30_18_11_29_811.jpg,0.1268
center_2025_04_30_18_11_29_860.jpg,left_2025_04_30_18_11_29_860.jpg,right_2025_04_30_18_11_29_860.jpg,0.1271
center_2025_04_30_18_11_29_907.jpg,left_2025_04_30_18_11_29_907.jpg,right_2025_04_30_18_11_29_907.jpg,0.1271
center_2025_04_30_18_11_29_953.jpg,left_2025_04_30_18_11_29_953.jpg,right_2025_04_30_18_11_29_953.jpg,0.1274
center_2025_04_30_18_11_29_998.jpg,left_2025_04_30_18_11_29_998.jpg,right_2025_04_30_18_11_29_998.jpg,0.1274
center_2025_04_30_18_11_30_045.jpg,left_2025_04_30_18_11_30_045.jpg,right_2025_04_30_18_11_30_045.jpg,0.1274
center_2025_04_30_18_11_30_092.jpg,left_2025_04_30_18_11_30_092.jpg,right_2025_04_30_18_11_30_092.jpg,0.1274
center_2025_04_30_18_11_30_140.jpg,left_2025_04_30_18_11_30_140.jpg,right_2025_04_30_18_11_30_140.jpg,0.1274
center_2025_04_30_18_11_30_190.jpg,left_2025_04_30_18_11_30_190.jpg,right_2025_04_30_18_11_30_190.jpg,0.1274
center_2025_04_30_18_11_30_233.jpg,left_2025_04_30_18_11_30_233.jpg,right_2025_04_30_18_11_30_233.jpg,0.1271
center_2025_04_30_18_11_30_292.jpg,left_2025_04_30_18_11_30_292.jpg,right_2025_04_30_18_11_30_292.jpg,0.1248
center_2025_04_30_18_11_30_326.jpg,left_2025_04_30_18_11_30_326.jpg,right_2025_04_30_18_11_30_326.jpg,0.1211
center_2025_04_30_18_11_30_375.jpg,left_2025_04_30_18_11_30_375.jpg,right_2025_04_30_18_11_30_375.jpg,0.1163
center_2025_04_30_18_11_30_420.jpg,left_2025_04_30_18_11_30_420.jpg,right_2025_04_30_18_11_30_420.jpg,0.1109
center_2025_04_30_18_11_30_468.jpg,left_2025_04_30_18_11_30_468.jpg,right_2025_04_30_18_11_30_468.jpg,0.1044
center_2025_04_30_18_11_30_514.jpg,left_2025_04_30_18_11_30_514.jpg,right_2025_04_30_18_11_30_514.jpg,0.0985
center_2025_04_30_18_11_30_562.jpg,left_2025_04_30_18_11_30_562.jpg,right_2025_04_30_18_11_30_562.jpg,0.0931
center_2025_04_30_18_11_30_612.jpg,left_2025_04_30_18_11_30_612.jpg,right_2025_04_30_18_11_30_612.jpg,0.0886
center_2025_04_30_18_11_30_655.jpg,left_2025_04_30_18_11_30_655.jpg,right_2025_04_30_18_11_30_655.jpg,0.0843
center_2025_04_30_18_11_30_704.jpg,left_2025_04_30_18_11_30_704.jpg,right_2025_04_30_18_11_30_704.jpg,0.0815
center_2025_04_30_18_11_30_749.jpg,left_2025_04_30_18_11_30_749.jpg,right_2025_04_30_18_11_30_749.jpg,0.0801
center_2025_04_30_18_11_30_798.jpg,left_2025_04_30_18_11_30_798.jpg,right_2025_04_30_18_11_30_798.jpg,0.0795
center_2025_04_30_18_11_30_844.jpg,left_2025_04_30_18_11_30_844.jpg,right_2025_04_30_18_11_30_844.jpg,0.0792
center_2025_04_30_18_11_30_891.jpg,left_2025_04_30_18_11_30_891.jpg,right_2025_04_30_18_11_30_891.jpg,0.0792
center_2025_04_30_18_11_30_936.jpg,left_2025_04_30_18_11_30_936.jpg,right_2025_04_30_18_11_30_936.jpg,0.0789
center_2025_04_30_18_11_30_983.jpg,left_2025_04_30_18_11_30_983.jpg,right_2025_04_30_18_11_30_983.jpg,0.0789
center_2025_04_30_18_11_31_029.jpg,left_2025_04_30_18_11_31_029.jpg,right_2025_04_30_18_11_31_029.jpg,0.0786
center_2025_04_30_18_11_31_077.jpg,left_2025_04_30_18_11_31_077.jpg,right_2025_04_30_18_11_31_077.jpg,0.0786
center_2025_04_30_18_11_31_123.jpg,left_2025_04_30_18_11_31_123.jpg,right_2025_04_30_18_11_31_123.jpg,0.0781
center_2025_04_30_18_11_31_171.jpg,left_2025_04_30_18_11_31_171.jpg,right_2025_04_30_18_11_31_171.jpg,0.0778
center_2025_04_30_18_11_31_240.jpg,left_2025_04_30_18_11_31_240.jpg,right_2025_04_30_18_11_31_240.jpg,0.077
center_2025_04_30_18_11_31_265.jpg,left_2025_04_30_18_11_31_265.jpg,right_2025_04_30_18_11_31_265.jpg,0.0764
center_2025_04_30_18_11_31_314.jpg,left_2025_04_30_18_11_31_314.jpg,right_2025_04_30_18_11_31_314.jpg,0.0753
center_2025_04_30_18_11_31_360.jpg,left_2025_04_30_18_11_31_360.jpg,right_2025_04_30_18_11_31_360.jpg,0.0744
center_2025_04_30_18_11_31_407.jpg,left_2025_04_30_18_11_31_407.jpg,right_2025_04_30_18_11_31_407.jpg,0.0733
center_2025_04_30_18_11_31_458.jpg,left_2025_04_30_18_11_31_458.jpg,right_2025_04_30_18_11_31_458.jpg,0.0722
center_2025_04_30_18_11_31_501.jpg,left_2025_04_30_18_11_31_501.jpg,right_2025_04_30_18_11_31_501.jpg,0.071
center_2025_04_30_18_11_31_550.jpg,left_2025_04_30_18_11_31_550.jpg,right_2025_04_30_18_11_31_550.jpg,0.0699
center_2025_04_30_18_11_31_596.jpg,left_2025_04_30_18_11_31_596.jpg,right_2025_04_30_18_11_31_596.jpg,0.0688
center_2025_04_30_18_11_31_644.jpg,left_2025_04_30_18_11_31_644.jpg,right_2025_04_30_18_11_31_644.jpg,0.0676
center_2025_04_30_18_11_31_696.jpg,left_2025_04_30_18_11_31_696.jpg,right_2025_04_30_18_11_31_696.jpg,0.0656
center_2025_04_30_18_11_31_739.jpg,left_2025_04_30_18_11_31_739.jpg,right_2025_04_30_18_11_31_739.jpg,0.0637
center_2025_04_30_18_11_31_788.jpg,left_2025_04_30_18_11_31_788.jpg,right_2025_04_30_18_11_31_788.jpg,0.0625
center_2025_04_30_18_11_31_834.jpg,left_2025_04_30_18_11_31_834.jpg,right_2025_04_30_18_11_31_834.jpg,0.0611
center_2025_04_30_18_11_31_879.jpg,left_2025_04_30_18_11_31_879.jpg,right_2025_04_30_18_11_31_879.jpg,0.0591
center_2025_04_30_18_11_31_925.jpg,left_2025_04_30_18_11_31_925.jpg,right_2025_04_30_18_11_31_925.jpg,0.0577
center_2025_04_30_18_11_31_973.jpg,left_2025_04_30_18_11_31_973.jpg,right_2025_04_30_18_11_31_973.jpg,0.0558
center_2025_04_30_18_11_32_018.jpg,left_2025_04_30_18_11_32_018.jpg,right_2025_04_30_18_11_32_018.jpg,0.0526
center_2025_04_30_18_11_32_066.jpg,left_2025_04_30_18_11_32_066.jpg,right_2025_04_30_18_11_32_066.jpg,0.0498
center_2025_04_30_18_11_32_111.jpg,left_2025_04_30_18_11_32_111.jpg,right_2025_04_30_18_11_32_111.jpg,0.0478
center_2025_04_30_18_11_32_161.jpg,left_2025_04_30_18_11_32_161.jpg,right_2025_04_30_18_11_32_161.jpg,0.0461
center_2025_04_30_18_11_32_211.jpg,left_2025_04_30_18_11_32_211.jpg,right_2025_04_30_18_11_32_211.jpg,0.045
center_2025_04_30_18_11_32_254.jpg,left_2025_04_30_18_11_32_254.jpg,right_2025_04_30_18_11_32_254.jpg,0.0357
center_2025_04_30_18_11_32_304.jpg,left_2025_04_30_18_11_32_304.jpg,right_2025_04_30_18_11_32_304.jpg,0.0266
center_2025_04_30_18_11_32_347.jpg,left_2025_04_30_18_11_32_347.jpg,right_2025_04_30_18_11_32_347.jpg,0.0176
center_2025_04_30_18_11_32_395.jpg,left_2025_04_30_18_11_32_395.jpg,right_2025_04_30_18_11_32_395.jpg,0.0088
center_2025_04_30_18_11_32_439.jpg,left_2025_04_30_18_11_32_439.jpg,right_2025_04_30_18_11_32_439.jpg,0.0
center_2025_04_30_18_11_32_488.jpg,left_2025_04_30_18_11_32_488.jpg,right_2025_04_30_18_11_32_488.jpg,0.0
center_2025_04_30_18_11_32_535.jpg,left_2025_04_30_18_11_32_535.jpg,right_2025_04_30_18_11_32_535.jpg,0.0
center_2025_04_30_18_11_32_582.jpg,left_2025_04_30_18_11_32_582.jpg,right_2025_04_30_18_11_32_582.jpg,0.0
center_2025_04_30_18_11_32_633.jpg,left_2025_04_30_18_11_32_633.jpg,right_2025_04_30_18_11_32_633.jpg,0.0
center_2025_04_30_18_11_32_676.jpg,left_2025_04_30_18_11_32_676.jpg,right_2025_04_30_18_11_32_676.jpg,0.0
center_2025_04_30_18_11_32_725.jpg,left_2025_04_30_18_11_32_725.jpg,right_2025_04_30_18_11_32_725.jpg,0.0
center_2025_04_30_18_11_32_770.jpg,left_2025_04_30_18_11_32_770.jpg,right_2025_04_30_18_11_32_770.jpg,0.0
center_2025_04_30_18_11_32_818.jpg,left_2025_04_30_18_11_32_818.jpg,right_2025_04_30_18_11_32_818.jpg,0.0
center_2025_04_30_18_11_32_864.jpg,left_2025_04_30_18_11_32_864.jpg,right_2025_04_30_18_11_32_864.jpg,0.0
center_2025_04_30_18_11_32_910.jpg,left_2025_04_30_18_11_32_910.jpg,right_2025_04_30_18_11_32_910.jpg,0.0
center_2025_04_30_18_11_32_957.jpg,left_2025_04_30_18_11_32_957.jpg,right_2025_04_30_18_11_32_957.jpg,0.0
center_2025_04_30_18_11_33_004.jpg,left_2025_04_30_18_11_33_004.jpg,right_2025_04_30_18_11_33_004.jpg,0.0
center_2025_04_30_18_11_33_055.jpg,left_2025_04_30_18_11_33_055.jpg,right_2025_04_30_18_11_33_055.jpg,0.0
center_2025_04_30_18_11_33_098.jpg,left_2025_04_30_18_11_33_098.jpg,right_2025_04_30_18_11_33_098.jpg,0.0
center_2025_04_30_18_11_33_148.jpg,left_2025_04_30_18_11_33_148.jpg,right_2025_04_30_18_11_33_148.jpg,0.0
center_2025_04_30_18_11_33_193.jpg,left_2025_04_30_18_11_33_193.jpg,right_2025_04_30_18_11_33_193.jpg,0.0
center_2025_04_30_18_11_33_240.jpg,left_2025_04_30_18_11_33_240.jpg,right_2025_04_30_18_11_33_240.jpg,0.0
center_2025_04_30_18_11_33_286.jpg,left_2025_04_30_18_11_33_286.jpg,right_2025_04_30_18_11_33_286.jpg,0.0
center_2025_04_30_18_11_33_333.jpg,left_2025_04_30_18_11_33_333.jpg,right_2025_04_30_18_11_33_333.jpg,0.0
center_2025_04_30_18_11_33_382.jpg,left_2025_04_30_18_11_33_382.jpg,right_2025_04_30_18_11_33_382.jpg,0.0
center_2025_04_30_18_11_33_426.jpg,left_2025_04_30_18_11_33_426.jpg,right_2025_04_30_18_11_33_426.jpg,0.0
center_2025_04_30_18_11_33_478.jpg,left_2025_04_30_18_11_33_478.jpg,right_2025_04_30_18_11_33_478.jpg,0.0
center_2025_04_30_18_11_33_522.jpg,left_2025_04_30_18_11_33_522.jpg,right_2025_04_30_18_11_33_522.jpg,0.0
center_2025_04_30_18_11_33_570.jpg,left_2025_04_30_18_11_33_570.jpg,right_2025_04_30_18_11_33_570.jpg,0.0
center_2025_04_30_18_11_33_625.jpg,left_2025_04_30_18_11_33_625.jpg,right_2025_04_30_18_11_33_625.jpg,0.0
center_2025_04_30_18_11_33_664.jpg,left_2025_04_30_18_11_33_664.jpg,right_2025_04_30_18_11_33_664.jpg,0.0
center_2025_04_30_18_11_33_709.jpg,left_2025_04_30_18_11_33_709.jpg,right_2025_04_30_18_11_33_709.jpg,0.0088
center_2025_04_30_18_11_33_757.jpg,left_2025_04_30_18_11_33_757.jpg,right_2025_04_30_18_11_33_757.jpg,0.0088
center_2025_04_30_18_11_33_808.jpg,left_2025_04_30_18_11_33_808.jpg,right_2025_04_30_18_11_33_808.jpg,0.0088
center_2025_04_30_18_11_33_850.jpg,left_2025_04_30_18_11_33_850.jpg,right_2025_04_30_18_11_33_850.jpg,0.0088
center_2025_04_30_18_11_33_901.jpg,left_2025_04_30_18_11_33_901.jpg,right_2025_04_30_18_11_33_901.jpg,0.0088
center_2025_04_30_18_11_33_946.jpg,left_2025_04_30_18_11_33_946.jpg,right_2025_04_30_18_11_33_946.jpg,0.0
center_2025_04_30_18_11_33_993.jpg,left_2025_04_30_18_11_33_993.jpg,right_2025_04_30_18_11_33_993.jpg,0.0
center_2025_04_30_18_11_34_040.jpg,left_2025_04_30_18_11_34_040.jpg,right_2025_04_30_18_11_34_040.jpg,0.0
center_2025_04_30_18_11_34_088.jpg,left_2025_04_30_18_11_34_088.jpg,right_2025_04_30_18_11_34_088.jpg,0.0
center_2025_04_30_18_11_34_138.jpg,left_2025_04_30_18_11_34_138.jpg,right_2025_04_30_18_11_34_138.jpg,0.0
center_2025_04_30_18_11_34_181.jpg,left_2025_04_30_18_11_34_181.jpg,right_2025_04_30_18_11_34_181.jpg,0.0
center_2025_04_30_18_11_34_230.jpg,left_2025_04_30_18_11_34_230.jpg,right_2025_04_30_18_11_34_230.jpg,0.0
center_2025_04_30_18_11_34_275.jpg,left_2025_04_30_18_11_34_275.jpg,right_2025_04_30_18_11_34_275.jpg,0.0
center_2025_04_30_18_11_34_325.jpg,left_2025_04_30_18_11_34_325.jpg,right_2025_04_30_18_11_34_325.jpg,0.0093
center_2025_04_30_18_11_34_390.jpg,left_2025_04_30_18_11_34_390.jpg,right_2025_04_30_18_11_34_390.jpg,0.019
center_2025_04_30_18_11_34_416.jpg,left_2025_04_30_18_11_34_416.jpg,right_2025_04_30_18_11_34_416.jpg,0.0289
center_2025_04_30_18_11_34_462.jpg,left_2025_04_30_18_11_34_462.jpg,right_2025_04_30_18_11_34_462.jpg,0.0388
center_2025_04_30_18_11_34_510.jpg,left_2025_04_30_18_11_34_510.jpg,right_2025_04_30_18_11_34_510.jpg,0.0495
center_2025_04_30_18_11_34_555.jpg,left_2025_04_30_18_11_34_555.jpg,right_2025_04_30_18_11_34_555.jpg,0.0515
center_2025_04_30_18_11_34_604.jpg,left_2025_04_30_18_11_34_604.jpg,right_2025_04_30_18_11_34_604.jpg,0.0532
center_2025_04_30_18_11_34_653.jpg,left_2025_04_30_18_11_34_653.jpg,right_2025_04_30_18_11_34_653.jpg,0.0549
center_2025_04_30_18_11_34_698.jpg,left_2025_04_30_18_11_34_698.jpg,right_2025_04_30_18_11_34_698.jpg,0.0577
center_2025_04_30_18_11_34_760.jpg,left_2025_04_30_18_11_34_760.jpg,right_2025_04_30_18_11_34_760.jpg,0.0606
center_2025_04_30_18_11_34_791.jpg,left_2025_04_30_18_11_34_791.jpg,right_2025_04_30_18_11_34_791.jpg,0.0634
center_2025_04_30_18_11_34_838.jpg,left_2025_04_30_18_11_34_838.jpg,right_2025_04_30_18_11_34_838.jpg,0.0662
center_2025_04_30_18_11_34_884.jpg,left_2025_04_30_18_11_34_884.jpg,right_2025_04_30_18_11_34_884.jpg,0.0688
center_2025_04_30_18_11_34_931.jpg,left_2025_04_30_18_11_34_931.jpg,right_2025_04_30_18_11_34_931.jpg,0.0708
center_2025_04_30_18_11_34_982.jpg,left_2025_04_30_18_11_34_982.jpg,right_2025_04_30_18_11_34_982.jpg,0.0725
center_2025_04_30_18_11_35_027.jpg,left_2025_04_30_18_11_35_027.jpg,right_2025_04_30_18_11_35_027.jpg,0.0742
center_2025_04_30_18_11_35_075.jpg,left_2025_04_30_18_11_35_075.jpg,right_2025_04_30_18_11_35_075.jpg,0.0764
center_2025_04_30_18_11_35_121.jpg,left_2025_04_30_18_11_35_121.jpg,right_2025_04_30_18_11_35_121.jpg,0.0792
center_2025_04_30_18_11_35_168.jpg,left_2025_04_30_18_11_35_168.jpg,right_2025_04_30_18_11_35_168.jpg,0.0818
center_2025_04_30_18_11_35_214.jpg,left_2025_04_30_18_11_35_214.jpg,right_2025_04_30_18_11_35_214.jpg,0.084
center_2025_04_30_18_11_35_261.jpg,left_2025_04_30_18_11_35_261.jpg,right_2025_04_30_18_11_35_261.jpg,0.0857
center_2025_04_30_18_11_35_308.jpg,left_2025_04_30_18_11_35_308.jpg,right_2025_04_30_18_11_35_308.jpg,0.0869
center_2025_04_30_18_11_35_353.jpg,left_2025_04_30_18_11_35_353.jpg,right_2025_04_30_18_11_35_353.jpg,0.0877
center_2025_04_30_18_11_35_399.jpg,left_2025_04_30_18_11_35_399.jpg,right_2025_04_30_18_11_35_399.jpg,0.088
center_2025_04_30_18_11_35_447.jpg,left_2025_04_30_18_11_35_447.jpg,right_2025_04_30_18_11_35_447.jpg,0.0883
center_2025_04_30_18_11_35_499.jpg,left_2025_04_30_18_11_35_499.jpg,right_2025_04_30_18_11_35_499.jpg,0.0886
center_2025_04_30_18_11_35_543.jpg,left_2025_04_30_18_11_35_543.jpg,right_2025_04_30_18_11_35_543.jpg,0.0892
center_2025_04_30_18_11_35_590.jpg,left_2025_04_30_18_11_35_590.jpg,right_2025_04_30_18_11_35_590.jpg,0.0895
center_2025_04_30_18_11_35_635.jpg,left_2025_04_30_18_11_35_635.jpg,right_2025_04_30_18_11_35_635.jpg,0.09
center_2025_04_30_18_11_35_683.jpg,left_2025_04_30_18_11_35_683.jpg,right_2025_04_30_18_11_35_683.jpg,0.0903
center_2025_04_30_18_11_35_728.jpg,left_2025_04_30_18_11_35_728.jpg,right_2025_04_30_18_11_35_728.jpg,0.0912
center_2025_04_30_18_11_35_777.jpg,left_2025_04_30_18_11_35_777.jpg,right_2025_04_30_18_11_35_777.jpg,0.0937
center_2025_04_30_18_11_35_822.jpg,left_2025_04_30_18_11_35_822.jpg,right_2025_04_30_18_11_35_822.jpg,0.0979
center_2025_04_30_18_11_35_869.jpg,left_2025_04_30_18_11_35_869.jpg,right_2025_04_30_18_11_35_869.jpg,0.1025
center_2025_04_30_18_11_35_916.jpg,left_2025_04_30_18_11_35_916.jpg,right_2025_04_30_18_11_35_916.jpg,0.1078
center_2025_04_30_18_11_35_962.jpg,left_2025_04_30_18_11_35_962.jpg,right_2025_04_30_18_11_35_962.jpg,0.1129
center_2025_04_30_18_11_36_025.jpg,left_2025_04_30_18_11_36_025.jpg,right_2025_04_30_18_11_36_025.jpg,0.1169
center_2025_04_30_18_11_36_056.jpg,left_2025_04_30_18_11_36_056.jpg,right_2025_04_30_18_11_36_056.jpg,0.1192
center_2025_04_30_18_11_36_105.jpg,left_2025_04_30_18_11_36_105.jpg,right_2025_04_30_18_11_36_105.jpg,0.1214
center_2025_04_30_18_11_36_150.jpg,left_2025_04_30_18_11_36_150.jpg,right_2025_04_30_18_11_36_150.jpg,0.1234
center_2025_04_30_18_11_36_199.jpg,left_2025_04_30_18_11_36_199.jpg,right_2025_04_30_18_11_36_199.jpg,0.1265
center_2025_04_30_18_11_36_243.jpg,left_2025_04_30_18_11_36_243.jpg,right_2025_04_30_18_11_36_243.jpg,0.1299
center_2025_04_30_18_11_36_292.jpg,left_2025_04_30_18_11_36_292.jpg,right_2025_04_30_18_11_36_292.jpg,0.1353
center_2025_04_30_18_11_36_339.jpg,left_2025_04_30_18_11_36_339.jpg,right_2025_04_30_18_11_36_339.jpg,0.1407
center_2025_04_30_18_11_36_384.jpg,left_2025_04_30_18_11_36_384.jpg,right_2025_04_30_18_11_36_384.jpg,0.1463
center_2025_04_30_18_11_36_431.jpg,left_2025_04_30_18_11_36_431.jpg,right_2025_04_30_18_11_36_431.jpg,0.1503
center_2025_04_30_18_11_36_479.jpg,left_2025_04_30_18_11_36_479.jpg,right_2025_04_30_18_11_36_479.jpg,0.1534
center_2025_04_30_18_11_36_524.jpg,left_2025_04_30_18_11_36_524.jpg,right_2025_04_30_18_11_36_524.jpg,0.1545
center_2025_04_30_18_11_36_571.jpg,left_2025_04_30_18_11_36_571.jpg,right_2025_04_30_18_11_36_571.jpg,0.1554
center_2025_04_30_18_11_36_622.jpg,left_2025_04_30_18_11_36_622.jpg,right_2025_04_30_18_11_36_622.jpg,0.1554
center_2025_04_30_18_11_36_666.jpg,left_2025_04_30_18_11_36_666.jpg,right_2025_04_30_18_11_36_666.jpg,0.1557
center_2025_04_30_18_11_36_714.jpg,left_2025_04_30_18_11_36_714.jpg,right_2025_04_30_18_11_36_714.jpg,0.156
center_2025_04_30_18_11_36_759.jpg,left_2025_04_30_18_11_36_759.jpg,right_2025_04_30_18_11_36_759.jpg,0.1563
center_2025_04_30_18_11_36_808.jpg,left_2025_04_30_18_11_36_808.jpg,right_2025_04_30_18_11_36_808.jpg,0.1565
center_2025_04_30_18_11_36_854.jpg,left_2025_04_30_18_11_36_854.jpg,right_2025_04_30_18_11_36_854.jpg,0.1568
center_2025_04_30_18_11_36_901.jpg,left_2025_04_30_18_11_36_901.jpg,right_2025_04_30_18_11_36_901.jpg,0.1571
center_2025_04_30_18_11_36_947.jpg,left_2025_04_30_18_11_36_947.jpg,right_2025_04_30_18_11_36_947.jpg,0.1571
center_2025_04_30_18_11_36_994.jpg,left_2025_04_30_18_11_36_994.jpg,right_2025_04_30_18_11_36_994.jpg,0.1571
center_2025_04_30_18_11_37_044.jpg,left_2025_04_30_18_11_37_044.jpg,right_2025_04_30_18_11_37_044.jpg,0.1571
center_2025_04_30_18_11_37_086.jpg,left_2025_04_30_18_11_37_086.jpg,right_2025_04_30_18_11_37_086.jpg,0.1571
center_2025_04_30_18_11_37_137.jpg,left_2025_04_30_18_11_37_137.jpg,right_2025_04_30_18_11_37_137.jpg,0.1571
center_2025_04_30_18_11_37_179.jpg,left_2025_04_30_18_11_37_179.jpg,right_2025_04_30_18_11_37_179.jpg,0.1571
center_2025_04_30_18_11_37_230.jpg,left_2025_04_30_18_11_37_230.jpg,right_2025_04_30_18_11_37_230.jpg,0.1571
center_2025_04_30_18_11_37_273.jpg,left_2025_04_30_18_11_37_273.jpg,right_2025_04_30_18_11_37_273.jpg,0.1571
center_2025_04_30_18_11_37_323.jpg,left_2025_04_30_18_11_37_323.jpg,right_2025_04_30_18_11_37_323.jpg,0.1571
center_2025_04_30_18_11_37_368.jpg,left_2025_04_30_18_11_37_368.jpg,right_2025_04_30_18_11_37_368.jpg,0.1574
center_2025_04_30_18_11_37_418.jpg,left_2025_04_30_18_11_37_418.jpg,right_2025_04_30_18_11_37_418.jpg,0.1577
center_2025_04_30_18_11_37_462.jpg,left_2025_04_30_18_11_37_462.jpg,right_2025_04_30_18_11_37_462.jpg,0.1577
center_2025_04_30_18_11_37_508.jpg,left_2025_04_30_18_11_37_508.jpg,right_2025_04_30_18_11_37_508.jpg,0.1577
center_2025_04_30_18_11_37_554.jpg,left_2025_04_30_18_11_37_554.jpg,right_2025_04_30_18_11_37_554.jpg,0.1577
center_2025_04_30_18_11_37_601.jpg,left_2025_04_30_18_11_37_601.jpg,right_2025_04_30_18_11_37_601.jpg,0.1574
center_2025_04_30_18_11_37_648.jpg,left_2025_04_30_18_11_37_648.jpg,right_2025_04_30_18_11_37_648.jpg,0.1571
center_2025_04_30_18_11_37_695.jpg,left_2025_04_30_18_11_37_695.jpg,right_2025_04_30_18_11_37_695.jpg,0.1571
center_2025_04_30_18_11_37_740.jpg,left_2025_04_30_18_11_37_740.jpg,right_2025_04_30_18_11_37_740.jpg,0.1571
center_2025_04_30_18_11_37_788.jpg,left_2025_04_30_18_11_37_788.jpg,right_2025_04_30_18_11_37_788.jpg,0.1571
center_2025_04_30_18_11_37_837.jpg,left_2025_04_30_18_11_37_837.jpg,right_2025_04_30_18_11_37_837.jpg,0.1571
center_2025_04_30_18_11_37_883.jpg,left_2025_04_30_18_11_37_883.jpg,right_2025_04_30_18_11_37_883.jpg,0.1571
center_2025_04_30_18_11_37_931.jpg,left_2025_04_30_18_11_37_931.jpg,right_2025_04_30_18_11_37_931.jpg,0.1568
center_2025_04_30_18_11_37_977.jpg,left_2025_04_30_18_11_37_977.jpg,right_2025_04_30_18_11_37_977.jpg,0.1568
center_2025_04_30_18_11_38_024.jpg,left_2025_04_30_18_11_38_024.jpg,right_2025_04_30_18_11_38_024.jpg,0.1571
center_2025_04_30_18_11_38_071.jpg,left_2025_04_30_18_11_38_071.jpg,right_2025_04_30_18_11_38_071.jpg,0.1571
center_2025_04_30_18_11_38_117.jpg,left_2025_04_30_18_11_38_117.jpg,right_2025_04_30_18_11_38_117.jpg,0.1574
center_2025_04_30_18_11_38_167.jpg,left_2025_04_30_18_11_38_167.jpg,right_2025_04_30_18_11_38_167.jpg,0.1577
center_2025_04_30_18_11_38_210.jpg,left_2025_04_30_18_11_38_210.jpg,right_2025_04_30_18_11_38_210.jpg,0.1577
center_2025_04_30_18_11_38_260.jpg,left_2025_04_30_18_11_38_260.jpg,right_2025_04_30_18_11_38_260.jpg,0.1574
center_2025_04_30_18_11_38_303.jpg,left_2025_04_30_18_11_38_303.jpg,right_2025_04_30_18_11_38_303.jpg,0.1574
center_2025_04_30_18_11_38_353.jpg,left_2025_04_30_18_11_38_353.jpg,right_2025_04_30_18_11_38_353.jpg,0.1562
center_2025_04_30_18_11_38_397.jpg,left_2025_04_30_18_11_38_397.jpg,right_2025_04_30_18_11_38_397.jpg,0.1503
center_2025_04_30_18_11_38_445.jpg,left_2025_04_30_18_11_38_445.jpg,right_2025_04_30_18_11_38_445.jpg,0.1421
center_2025_04_30_18_11_38_492.jpg,left_2025_04_30_18_11_38_492.jpg,right_2025_04_30_18_11_38_492.jpg,0.1333
center_2025_04_30_18_11_38_541.jpg,left_2025_04_30_18_11_38_541.jpg,right_2025_04_30_18_11_38_541.jpg,0.1242
center_2025_04_30_18_11_38_590.jpg,left_2025_04_30_18_11_38_590.jpg,right_2025_04_30_18_11_38_590.jpg,0.1158
center_2025_04_30_18_11_38_635.jpg,left_2025_04_30_18_11_38_635.jpg,right_2025_04_30_18_11_38_635.jpg,0.1124
center_2025_04_30_18_11_38_683.jpg,left_2025_04_30_18_11_38_683.jpg,right_2025_04_30_18_11_38_683.jpg,0.1112
center_2025_04_30_18_11_38_727.jpg,left_2025_04_30_18_11_38_727.jpg,right_2025_04_30_18_11_38_727.jpg,0.1104
center_2025_04_30_18_11_38_776.jpg,left_2025_04_30_18_11_38_776.jpg,right_2025_04_30_18_11_38_776.jpg,0.1098
center_2025_04_30_18_11_38_820.jpg,left_2025_04_30_18_11_38_820.jpg,right_2025_04_30_18_11_38_820.jpg,0.1098
center_2025_04_30_18_11_38_870.jpg,left_2025_04_30_18_11_38_870.jpg,right_2025_04_30_18_11_38_870.jpg,0.1096
center_2025_04_30_18_11_38_915.jpg,left_2025_04_30_18_11_38_915.jpg,right_2025_04_30_18_11_38_915.jpg,0.1098
center_2025_04_30_18_11_38_962.jpg,left_2025_04_30_18_11_38_962.jpg,right_2025_04_30_18_11_38_962.jpg,0.111
center_2025_04_30_18_11_39_013.jpg,left_2025_04_30_18_11_39_013.jpg,right_2025_04_30_18_11_39_013.jpg,0.1127
center_2025_04_30_18_11_39_056.jpg,left_2025_04_30_18_11_39_056.jpg,right_2025_04_30_18_11_39_056.jpg,0.1146
center_2025_04_30_18_11_39_105.jpg,left_2025_04_30_18_11_39_105.jpg,right_2025_04_30_18_11_39_105.jpg,0.1183
center_2025_04_30_18_11_39_150.jpg,left_2025_04_30_18_11_39_150.jpg,right_2025_04_30_18_11_39_150.jpg,0.122
center_2025_04_30_18_11_39_199.jpg,left_2025_04_30_18_11_39_199.jpg,right_2025_04_30_18_11_39_199.jpg,0.1251
center_2025_04_30_18_11_39_244.jpg,left_2025_04_30_18_11_39_244.jpg,right_2025_04_30_18_11_39_244.jpg,0.1277
center_2025_04_30_18_11_39_292.jpg,left_2025_04_30_18_11_39_292.jpg,right_2025_04_30_18_11_39_292.jpg,0.1299
center_2025_04_30_18_11_39_343.jpg,left_2025_04_30_18_11_39_343.jpg,right_2025_04_30_18_11_39_343.jpg,0.1305
center_2025_04_30_18_11_39_385.jpg,left_2025_04_30_18_11_39_385.jpg,right_2025_04_30_18_11_39_385.jpg,0.1285
center_2025_04_30_18_11_39_435.jpg,left_2025_04_30_18_11_39_435.jpg,right_2025_04_30_18_11_39_435.jpg,0.1248
center_2025_04_30_18_11_39_479.jpg,left_2025_04_30_18_11_39_479.jpg,right_2025_04_30_18_11_39_479.jpg,0.1206
center_2025_04_30_18_11_39_529.jpg,left_2025_04_30_18_11_39_529.jpg,right_2025_04_30_18_11_39_529.jpg,0.1155
center_2025_04_30_18_11_39_573.jpg,left_2025_04_30_18_11_39_573.jpg,right_2025_04_30_18_11_39_573.jpg,0.1098
center_2025_04_30_18_11_39_622.jpg,left_2025_04_30_18_11_39_622.jpg,right_2025_04_30_18_11_39_622.jpg,0.1044
center_2025_04_30_18_11_39_667.jpg,left_2025_04_30_18_11_39_667.jpg,right_2025_04_30_18_11_39_667.jpg,0.0999
center_2025_04_30_18_11_39_715.jpg,left_2025_04_30_18_11_39_715.jpg,right_2025_04_30_18_11_39_715.jpg,0.0945
center_2025_04_30_18_11_39_766.jpg,left_2025_04_30_18_11_39_766.jpg,right_2025_04_30_18_11_39_766.jpg,0.088
center_2025_04_30_18_11_39_810.jpg,left_2025_04_30_18_11_39_810.jpg,right_2025_04_30_18_11_39_810.jpg,0.0818
center_2025_04_30_18_11_39_858.jpg,left_2025_04_30_18_11_39_858.jpg,right_2025_04_30_18_11_39_858.jpg,0.077
center_2025_04_30_18_11_39_904.jpg,left_2025_04_30_18_11_39_904.jpg,right_2025_04_30_18_11_39_904.jpg,0.0727
center_2025_04_30_18_11_39_952.jpg,left_2025_04_30_18_11_39_952.jpg,right_2025_04_30_18_11_39_952.jpg,0.0696
center_2025_04_30_18_11_40_003.jpg,left_2025_04_30_18_11_40_003.jpg,right_2025_04_30_18_11_40_003.jpg,0.0668
center_2025_04_30_18_11_40_047.jpg,left_2025_04_30_18_11_40_047.jpg,right_2025_04_30_18_11_40_047.jpg,0.0634
center_2025_04_30_18_11_40_095.jpg,left_2025_04_30_18_11_40_095.jpg,right_2025_04_30_18_11_40_095.jpg,0.06
center_2025_04_30_18_11_40_139.jpg,left_2025_04_30_18_11_40_139.jpg,right_2025_04_30_18_11_40_139.jpg,0.0566
center_2025_04_30_18_11_40_188.jpg,left_2025_04_30_18_11_40_188.jpg,right_2025_04_30_18_11_40_188.jpg,0.0532
center_2025_04_30_18_11_40_233.jpg,left_2025_04_30_18_11_40_233.jpg,right_2025_04_30_18_11_40_233.jpg,0.0512
center_2025_04_30_18_11_40_281.jpg,left_2025_04_30_18_11_40_281.jpg,right_2025_04_30_18_11_40_281.jpg,0.0501
center_2025_04_30_18_11_40_328.jpg,left_2025_04_30_18_11_40_328.jpg,right_2025_04_30_18_11_40_328.jpg,0.0487
center_2025_04_30_18_11_40_375.jpg,left_2025_04_30_18_11_40_375.jpg,right_2025_04_30_18_11_40_375.jpg,0.0475
center_2025_04_30_18_11_40_424.jpg,left_2025_04_30_18_11_40_424.jpg,right_2025_04_30_18_11_40_424.jpg,0.0467
center_2025_04_30_18_11_40_468.jpg,left_2025_04_30_18_11_40_468.jpg,right_2025_04_30_18_11_40_468.jpg,0.0459
center_2025_04_30_18_11_40_518.jpg,left_2025_04_30_18_11_40_518.jpg,right_2025_04_30_18_11_40_518.jpg,0.0453
center_2025_04_30_18_11_40_562.jpg,left_2025_04_30_18_11_40_562.jpg,right_2025_04_30_18_11_40_562.jpg,0.0453
center_2025_04_30_18_11_40_611.jpg,left_2025_04_30_18_11_40_611.jpg,right_2025_04_30_18_11_40_611.jpg,0.0456
center_2025_04_30_18_11_40_662.jpg,left_2025_04_30_18_11_40_662.jpg,right_2025_04_30_18_11_40_662.jpg,0.0456
center_2025_04_30_18_11_40_704.jpg,left_2025_04_30_18_11_40_704.jpg,right_2025_04_30_18_11_40_704.jpg,0.0456
center_2025_04_30_18_11_40_750.jpg,left_2025_04_30_18_11_40_750.jpg,right_2025_04_30_18_11_40_750.jpg,0.0456
center_2025_04_30_18_11_40_795.jpg,left_2025_04_30_18_11_40_795.jpg,right_2025_04_30_18_11_40_795.jpg,0.0456
center_2025_04_30_18_11_40_848.jpg,left_2025_04_30_18_11_40_848.jpg,right_2025_04_30_18_11_40_848.jpg,0.045
center_2025_04_30_18_11_40_890.jpg,left_2025_04_30_18_11_40_890.jpg,right_2025_04_30_18_11_40_890.jpg,0.0447
center_2025_04_30_18_11_40_941.jpg,left_2025_04_30_18_11_40_941.jpg,right_2025_04_30_18_11_40_941.jpg,0.0445
center_2025_04_30_18_11_40_983.jpg,left_2025_04_30_18_11_40_983.jpg,right_2025_04_30_18_11_40_983.jpg,0.0442
center_2025_04_30_18_11_41_033.jpg,left_2025_04_30_18_11_41_033.jpg,right_2025_04_30_18_11_41_033.jpg,0.0439
center_2025_04_30_18_11_41_076.jpg,left_2025_04_30_18_11_41_076.jpg,right_2025_04_30_18_11_41_076.jpg,0.0439
center_2025_04_30_18_11_41_126.jpg,left_2025_04_30_18_11_41_126.jpg,right_2025_04_30_18_11_41_126.jpg,0.0442
center_2025_04_30_18_11_41_172.jpg,left_2025_04_30_18_11_41_172.jpg,right_2025_04_30_18_11_41_172.jpg,0.0442
center_2025_04_30_18_11_41_219.jpg,left_2025_04_30_18_11_41_219.jpg,right_2025_04_30_18_11_41_219.jpg,0.0442
center_2025_04_30_18_11_41_265.jpg,left_2025_04_30_18_11_41_265.jpg,right_2025_04_30_18_11_41_265.jpg,0.0445
center_2025_04_30_18_11_41_311.jpg,left_2025_04_30_18_11_41_311.jpg,right_2025_04_30_18_11_41_311.jpg,0.0445
center_2025_04_30_18_11_41_363.jpg,left_2025_04_30_18_11_41_363.jpg,right_2025_04_30_18_11_41_363.jpg,0.0442
center_2025_04_30_18_11_41_407.jpg,left_2025_04_30_18_11_41_407.jpg,right_2025_04_30_18_11_41_407.jpg,0.0442
center_2025_04_30_18_11_41_455.jpg,left_2025_04_30_18_11_41_455.jpg,right_2025_04_30_18_11_41_455.jpg,0.0442
center_2025_04_30_18_11_41_503.jpg,left_2025_04_30_18_11_41_503.jpg,right_2025_04_30_18_11_41_503.jpg,0.0439
center_2025_04_30_18_11_41_550.jpg,left_2025_04_30_18_11_41_550.jpg,right_2025_04_30_18_11_41_550.jpg,0.0439
center_2025_04_30_18_11_41_600.jpg,left_2025_04_30_18_11_41_600.jpg,right_2025_04_30_18_11_41_600.jpg,0.0439
center_2025_04_30_18_11_41_644.jpg,left_2025_04_30_18_11_41_644.jpg,right_2025_04_30_18_11_41_644.jpg,0.0439
center_2025_04_30_18_11_41_693.jpg,left_2025_04_30_18_11_41_693.jpg,right_2025_04_30_18_11_41_693.jpg,0.0351
center_2025_04_30_18_11_41_738.jpg,left_2025_04_30_18_11_41_738.jpg,right_2025_04_30_18_11_41_738.jpg,0.0263
center_2025_04_30_18_11_41_786.jpg,left_2025_04_30_18_11_41_786.jpg,right_2025_04_30_18_11_41_786.jpg,0.0176
center_2025_04_30_18_11_41_831.jpg,left_2025_04_30_18_11_41_831.jpg,right_2025_04_30_18_11_41_831.jpg,0.0088
center_2025_04_30_18_11_41_879.jpg,left_2025_04_30_18_11_41_879.jpg,right_2025_04_30_18_11_41_879.jpg,0.0
center_2025_04_30_18_11_41_924.jpg,left_2025_04_30_18_11_41_924.jpg,right_2025_04_30_18_11_41_924.jpg,0.0
center_2025_04_30_18_11_41_971.jpg,left_2025_04_30_18_11_41_971.jpg,right_2025_04_30_18_11_41_971.jpg,0.0
center_2025_04_30_18_11_42_023.jpg,left_2025_04_30_18_11_42_023.jpg,right_2025_04_30_18_11_42_023.jpg,0.0
center_2025_04_30_18_11_42_067.jpg,left_2025_04_30_18_11_42_067.jpg,right_2025_04_30_18_11_42_067.jpg,0.0
center_2025_04_30_18_11_42_118.jpg,left_2025_04_30_18_11_42_118.jpg,right_2025_04_30_18_11_42_118.jpg,0.0
center_2025_04_30_18_11_42_160.jpg,left_2025_04_30_18_11_42_160.jpg,right_2025_04_30_18_11_42_160.jpg,0.0
center_2025_04_30_18_11_42_208.jpg,left_2025_04_30_18_11_42_208.jpg,right_2025_04_30_18_11_42_208.jpg,0.0
center_2025_04_30_18_11_42_253.jpg,left_2025_04_30_18_11_42_253.jpg,right_2025_04_30_18_11_42_253.jpg,0.0
center_2025_04_30_18_11_42_302.jpg,left_2025_04_30_18_11_42_302.jpg,right_2025_04_30_18_11_42_302.jpg,0.0
center_2025_04_30_18_11_42_345.jpg,left_2025_04_30_18_11_42_345.jpg,right_2025_04_30_18_11_42_345.jpg,0.0
center_2025_04_30_18_11_42_394.jpg,left_2025_04_30_18_11_42_394.jpg,right_2025_04_30_18_11_42_394.jpg,0.0
center_2025_04_30_18_11_42_440.jpg,left_2025_04_30_18_11_42_440.jpg,right_2025_04_30_18_11_42_440.jpg,0.0
center_2025_04_30_18_11_42_486.jpg,left_2025_04_30_18_11_42_486.jpg,right_2025_04_30_18_11_42_486.jpg,0.0
center_2025_04_30_18_11_42_533.jpg,left_2025_04_30_18_11_42_533.jpg,right_2025_04_30_18_11_42_533.jpg,0.0
center_2025_04_30_18_11_42_580.jpg,left_2025_04_30_18_11_42_580.jpg,right_2025_04_30_18_11_42_580.jpg,0.0
center_2025_04_30_18_11_42_626.jpg,left_2025_04_30_18_11_42_626.jpg,right_2025_04_30_18_11_42_626.jpg,0.0
center_2025_04_30_18_11_42_673.jpg,left_2025_04_30_18_11_42_673.jpg,right_2025_04_30_18_11_42_673.jpg,0.0
center_2025_04_30_18_11_42_717.jpg,left_2025_04_30_18_11_42_717.jpg,right_2025_04_30_18_11_42_717.jpg,0.0091
center_2025_04_30_18_11_42_765.jpg,left_2025_04_30_18_11_42_765.jpg,right_2025_04_30_18_11_42_765.jpg,0.0241
center_2025_04_30_18_11_42_816.jpg,left_2025_04_30_18_11_42_816.jpg,right_2025_04_30_18_11_42_816.jpg,0.043
center_2025_04_30_18_11_42_860.jpg,left_2025_04_30_18_11_42_860.jpg,right_2025_04_30_18_11_42_860.jpg,0.0631
center_2025_04_30_18_11_42_909.jpg,left_2025_04_30_18_11_42_909.jpg,right_2025_04_30_18_11_42_909.jpg,0.0852
center_2025_04_30_18_11_42_955.jpg,left_2025_04_30_18_11_42_955.jpg,right_2025_04_30_18_11_42_955.jpg,0.101
center_2025_04_30_18_11_43_004.jpg,left_2025_04_30_18_11_43_004.jpg,right_2025_04_30_18_11_43_004.jpg,0.1143
center_2025_04_30_18_11_43_048.jpg,left_2025_04_30_18_11_43_048.jpg,right_2025_04_30_18_11_43_048.jpg,0.1265
center_2025_04_30_18_11_43_095.jpg,left_2025_04_30_18_11_43_095.jpg,right_2025_04_30_18_11_43_095.jpg,0.1412
center_2025_04_30_18_11_43_146.jpg,left_2025_04_30_18_11_43_146.jpg,right_2025_04_30_18_11_43_146.jpg,0.1562
center_2025_04_30_18_11_43_189.jpg,left_2025_04_30_18_11_43_189.jpg,right_2025_04_30_18_11_43_189.jpg,0.1698
center_2025_04_30_18_11_43_239.jpg,left_2025_04_30_18_11_43_239.jpg,right_2025_04_30_18_11_43_239.jpg,0.1803
center_2025_04_30_18_11_43_285.jpg,left_2025_04_30_18_11_43_285.jpg,right_2025_04_30_18_11_43_285.jpg,0.1882
center_2025_04_30_18_11_43_332.jpg,left_2025_04_30_18_11_43_332.jpg,right_2025_04_30_18_11_43_332.jpg,0.1925
center_2025_04_30_18_11_43_377.jpg,left_2025_04_30_18_11_43_377.jpg,right_2025_04_30_18_11_43_377.jpg,0.1945
center_2025_04_30_18_11_43_424.jpg,left_2025_04_30_18_11_43_424.jpg,right_2025_04_30_18_11_43_424.jpg,0.195
center_2025_04_30_18_11_43_470.jpg,left_2025_04_30_18_11_43_470.jpg,right_2025_04_30_18_11_43_470.jpg,0.1956
center_2025_04_30_18_11_43_518.jpg,left_2025_04_30_18_11_43_518.jpg,right_2025_04_30_18_11_43_518.jpg,0.1959
center_2025_04_30_18_11_43_569.jpg,left_2025_04_30_18_11_43_569.jpg,right_2025_04_30_18_11_43_569.jpg,0.1959
center_2025_04_30_18_11_43_612.jpg,left_2025_04_30_18_11_43_612.jpg,right_2025_04_30_18_11_43_612.jpg,0.1961
center_2025_04_30_18_11_43_661.jpg,left_2025_04_30_18_11_43_661.jpg,right_2025_04_30_18_11_43_661.jpg,0.1964
center_2025_04_30_18_11_43_708.jpg,left_2025_04_30_18_11_43_708.jpg,right_2025_04_30_18_11_43_708.jpg,0.1964
center_2025_04_30_18_11_43_765.jpg,left_2025_04_30_18_11_43_765.jpg,right_2025_04_30_18_11_43_765.jpg,0.1959
center_2025_04_30_18_11_43_806.jpg,left_2025_04_30_18_11_43_806.jpg,right_2025_04_30_18_11_43_806.jpg,0.1961
center_2025_04_30_18_11_43_848.jpg,left_2025_04_30_18_11_43_848.jpg,right_2025_04_30_18_11_43_848.jpg,0.1964
center_2025_04_30_18_11_43_898.jpg,left_2025_04_30_18_11_43_898.jpg,right_2025_04_30_18_11_43_898.jpg,0.1964
center_2025_04_30_18_11_43_943.jpg,left_2025_04_30_18_11_43_943.jpg,right_2025_04_30_18_11_43_943.jpg,0.1964
center_2025_04_30_18_11_43_991.jpg,left_2025_04_30_18_11_43_991.jpg,right_2025_04_30_18_11_43_991.jpg,0.1967
center_2025_04_30_18_11_44_036.jpg,left_2025_04_30_18_11_44_036.jpg,right_2025_04_30_18_11_44_036.jpg,0.1967
center_2025_04_30_18_11_44_084.jpg,left_2025_04_30_18_11_44_084.jpg,right_2025_04_30_18_11_44_084.jpg,0.1967
center_2025_04_30_18_11_44_132.jpg,left_2025_04_30_18_11_44_132.jpg,right_2025_04_30_18_11_44_132.jpg,0.1967
center_2025_04_30_18_11_44_178.jpg,left_2025_04_30_18_11_44_178.jpg,right_2025_04_30_18_11_44_178.jpg,0.197
center_2025_04_30_18_11_44_229.jpg,left_2025_04_30_18_11_44_229.jpg,right_2025_04_30_18_11_44_229.jpg,0.1973
center_2025_04_30_18_11_44_272.jpg,left_2025_04_30_18_11_44_272.jpg,right_2025_04_30_18_11_44_272.jpg,0.1973
center_2025_04_30_18_11_44_322.jpg,left_2025_04_30_18_11_44_322.jpg,right_2025_04_30_18_11_44_322.jpg,0.197
center_2025_04_30_18_11_44_366.jpg,left_2025_04_30_18_11_44_366.jpg,right_2025_04_30_18_11_44_366.jpg,0.197
center_2025_04_30_18_11_44_414.jpg,left_2025_04_30_18_11_44_414.jpg,right_2025_04_30_18_11_44_414.jpg,0.1967
center_2025_04_30_18_11_44_465.jpg,left_2025_04_30_18_11_44_465.jpg,right_2025_04_30_18_11_44_465.jpg,0.1967
center_2025_04_30_18_11_44_509.jpg,left_2025_04_30_18_11_44_509.jpg,right_2025_04_30_18_11_44_509.jpg,0.1967
center_2025_04_30_18_11_44_558.jpg,left_2025_04_30_18_11_44_558.jpg,right_2025_04_30_18_11_44_558.jpg,0.1967
center_2025_04_30_18_11_44_603.jpg,left_2025_04_30_18_11_44_603.jpg,right_2025_04_30_18_11_44_603.jpg,0.1964
center_2025_04_30_18_11_44_651.jpg,left_2025_04_30_18_11_44_651.jpg,right_2025_04_30_18_11_44_651.jpg,0.1964
center_2025_04_30_18_11_44_697.jpg,left_2025_04_30_18_11_44_697.jpg,right_2025_04_30_18_11_44_697.jpg,0.1964
center_2025_04_30_18_11_44_755.jpg,left_2025_04_30_18_11_44_755.jpg,right_2025_04_30_18_11_44_755.jpg,0.1964
center_2025_04_30_18_11_44_796.jpg,left_2025_04_30_18_11_44_796.jpg,right_2025_04_30_18_11_44_796.jpg,0.1964
center_2025_04_30_18_11_44_839.jpg,left_2025_04_30_18_11_44_839.jpg,right_2025_04_30_18_11_44_839.jpg,0.1967
center_2025_04_30_18_11_44_888.jpg,left_2025_04_30_18_11_44_888.jpg,right_2025_04_30_18_11_44_888.jpg,0.1967
center_2025_04_30_18_11_44_932.jpg,left_2025_04_30_18_11_44_932.jpg,right_2025_04_30_18_11_44_932.jpg,0.1967
center_2025_04_30_18_11_44_981.jpg,left_2025_04_30_18_11_44_981.jpg,right_2025_04_30_18_11_44_981.jpg,0.1967
center_2025_04_30_18_11_45_026.jpg,left_2025_04_30_18_11_45_026.jpg,right_2025_04_30_18_11_45_026.jpg,0.1967
center_2025_04_30_18_11_45_073.jpg,left_2025_04_30_18_11_45_073.jpg,right_2025_04_30_18_11_45_073.jpg,0.1967
center_2025_04_30_18_11_45_126.jpg,left_2025_04_30_18_11_45_126.jpg,right_2025_04_30_18_11_45_126.jpg,0.1967
center_2025_04_30_18_11_45_170.jpg,left_2025_04_30_18_11_45_170.jpg,right_2025_04_30_18_11_45_170.jpg,0.1967
center_2025_04_30_18_11_45_218.jpg,left_2025_04_30_18_11_45_218.jpg,right_2025_04_30_18_11_45_218.jpg,0.197
center_2025_04_30_18_11_45_262.jpg,left_2025_04_30_18_11_45_262.jpg,right_2025_04_30_18_11_45_262.jpg,0.197
center_2025_04_30_18_11_45_310.jpg,left_2025_04_30_18_11_45_310.jpg,right_2025_04_30_18_11_45_310.jpg,0.197
center_2025_04_30_18_11_45_356.jpg,left_2025_04_30_18_11_45_356.jpg,right_2025_04_30_18_11_45_356.jpg,0.197
center_2025_04_30_18_11_45_404.jpg,left_2025_04_30_18_11_45_404.jpg,right_2025_04_30_18_11_45_404.jpg,0.197
center_2025_04_30_18_11_45_449.jpg,left_2025_04_30_18_11_45_449.jpg,right_2025_04_30_18_11_45_449.jpg,0.1956
center_2025_04_30_18_11_45_498.jpg,left_2025_04_30_18_11_45_498.jpg,right_2025_04_30_18_11_45_498.jpg,0.1891
center_2025_04_30_18_11_45_547.jpg,left_2025_04_30_18_11_45_547.jpg,right_2025_04_30_18_11_45_547.jpg,0.182
center_2025_04_30_18_11_45_591.jpg,left_2025_04_30_18_11_45_591.jpg,right_2025_04_30_18_11_45_591.jpg,0.1726
center_2025_04_30_18_11_45_641.jpg,left_2025_04_30_18_11_45_641.jpg,right_2025_04_30_18_11_45_641.jpg,0.1588
center_2025_04_30_18_11_45_686.jpg,left_2025_04_30_18_11_45_686.jpg,right_2025_04_30_18_11_45_686.jpg,0.1401
center_2025_04_30_18_11_45_733.jpg,left_2025_04_30_18_11_45_733.jpg,right_2025_04_30_18_11_45_733.jpg,0.1217
center_2025_04_30_18_11_45_778.jpg,left_2025_04_30_18_11_45_778.jpg,right_2025_04_30_18_11_45_778.jpg,0.101
center_2025_04_30_18_11_45_833.jpg,left_2025_04_30_18_11_45_833.jpg,right_2025_04_30_18_11_45_833.jpg,0.0818
center_2025_04_30_18_11_45_879.jpg,left_2025_04_30_18_11_45_879.jpg,right_2025_04_30_18_11_45_879.jpg,0.0668
center_2025_04_30_18_11_45_921.jpg,left_2025_04_30_18_11_45_921.jpg,right_2025_04_30_18_11_45_921.jpg,0.0578
center_2025_04_30_18_11_45_970.jpg,left_2025_04_30_18_11_45_970.jpg,right_2025_04_30_18_11_45_970.jpg,0.0538
center_2025_04_30_18_11_46_013.jpg,left_2025_04_30_18_11_46_013.jpg,right_2025_04_30_18_11_46_013.jpg,0.053
center_2025_04_30_18_11_46_071.jpg,left_2025_04_30_18_11_46_071.jpg,right_2025_04_30_18_11_46_071.jpg,0.053
center_2025_04_30_18_11_46_134.jpg,left_2025_04_30_18_11_46_134.jpg,right_2025_04_30_18_11_46_134.jpg,0.053
center_2025_04_30_18_11_46_155.jpg,left_2025_04_30_18_11_46_155.jpg,right_2025_04_30_18_11_46_155.jpg,0.053
center_2025_04_30_18_11_46_201.jpg,left_2025_04_30_18_11_46_201.jpg,right_2025_04_30_18_11_46_201.jpg,0.0558
center_2025_04_30_18_11_46_249.jpg,left_2025_04_30_18_11_46_249.jpg,right_2025_04_30_18_11_46_249.jpg,0.0626
center_2025_04_30_18_11_46_293.jpg,left_2025_04_30_18_11_46_293.jpg,right_2025_04_30_18_11_46_293.jpg,0.071
center_2025_04_30_18_11_46_341.jpg,left_2025_04_30_18_11_46_341.jpg,right_2025_04_30_18_11_46_341.jpg,0.0812
center_2025_04_30_18_11_46_386.jpg,left_2025_04_30_18_11_46_386.jpg,right_2025_04_30_18_11_46_386.jpg,0.0925
center_2025_04_30_18_11_46_438.jpg,left_2025_04_30_18_11_46_438.jpg,right_2025_04_30_18_11_46_438.jpg,0.103
center_2025_04_30_18_11_46_502.jpg,left_2025_04_30_18_11_46_502.jpg,right_2025_04_30_18_11_46_502.jpg,0.1093
center_2025_04_30_18_11_46_527.jpg,left_2025_04_30_18_11_46_527.jpg,right_2025_04_30_18_11_46_527.jpg,0.1138
center_2025_04_30_18_11_46_572.jpg,left_2025_04_30_18_11_46_572.jpg,right_2025_04_30_18_11_46_572.jpg,0.1169
center_2025_04_30_18_11_46_620.jpg,left_2025_04_30_18_11_46_620.jpg,right_2025_04_30_18_11_46_620.jpg,0.1189
center_2025_04_30_18_11_46_665.jpg,left_2025_04_30_18_11_46_665.jpg,right_2025_04_30_18_11_46_665.jpg,0.1189
center_2025_04_30_18_11_46_713.jpg,left_2025_04_30_18_11_46_713.jpg,right_2025_04_30_18_11_46_713.jpg,0.1155
center_2025_04_30_18_11_46_759.jpg,left_2025_04_30_18_11_46_759.jpg,right_2025_04_30_18_11_46_759.jpg,0.1096
center_2025_04_30_18_11_46_806.jpg,left_2025_04_30_18_11_46_806.jpg,right_2025_04_30_18_11_46_806.jpg,0.1033
center_2025_04_30_18_11_46_857.jpg,left_2025_04_30_18_11_46_857.jpg,right_2025_04_30_18_11_46_857.jpg,0.0965
center_2025_04_30_18_11_46_900.jpg,left_2025_04_30_18_11_46_900.jpg,right_2025_04_30_18_11_46_900.jpg,0.0889
center_2025_04_30_18_11_46_950.jpg,left_2025_04_30_18_11_46_950.jpg,right_2025_04_30_18_11_46_950.jpg,0.0835
center_2025_04_30_18_11_46_994.jpg,left_2025_04_30_18_11_46_994.jpg,right_2025_04_30_18_11_46_994.jpg,0.0795
center_2025_04_30_18_11_47_042.jpg,left_2025_04_30_18_11_47_042.jpg,right_2025_04_30_18_11_47_042.jpg,0.0736
center_2025_04_30_18_11_47_088.jpg,left_2025_04_30_18_11_47_088.jpg,right_2025_04_30_18_11_47_088.jpg,0.0654
center_2025_04_30_18_11_47_136.jpg,left_2025_04_30_18_11_47_136.jpg,right_2025_04_30_18_11_47_136.jpg,0.0492
center_2025_04_30_18_11_47_187.jpg,left_2025_04_30_18_11_47_187.jpg,right_2025_04_30_18_11_47_187.jpg,0.0342
center_2025_04_30_18_11_47_229.jpg,left_2025_04_30_18_11_47_229.jpg,right_2025_04_30_18_11_47_229.jpg,0.0204
center_2025_04_30_18_11_47_279.jpg,left_2025_04_30_18_11_47_279.jpg,right_2025_04_30_18_11_47_279.jpg,0.0088
center_2025_04_30_18_11_47_323.jpg,left_2025_04_30_18_11_47_323.jpg,right_2025_04_30_18_11_47_323.jpg,0.0
center_2025_04_30_18_11_47_372.jpg,left_2025_04_30_18_11_47_372.jpg,right_2025_04_30_18_11_47_372.jpg,0.0
center_2025_04_30_18_11_47_417.jpg,left_2025_04_30_18_11_47_417.jpg,right_2025_04_30_18_11_47_417.jpg,0.0
center_2025_04_30_18_11_47_466.jpg,left_2025_04_30_18_11_47_466.jpg,right_2025_04_30_18_11_47_466.jpg,0.0
center_2025_04_30_18_11_47_511.jpg,left_2025_04_30_18_11_47_511.jpg,right_2025_04_30_18_11_47_511.jpg,0.0
center_2025_04_30_18_11_47_559.jpg,left_2025_04_30_18_11_47_559.jpg,right_2025_04_30_18_11_47_559.jpg,0.0
center_2025_04_30_18_11_47_605.jpg,left_2025_04_30_18_11_47_605.jpg,right_2025_04_30_18_11_47_605.jpg,0.0
center_2025_04_30_18_11_47_651.jpg,left_2025_04_30_18_11_47_651.jpg,right_2025_04_30_18_11_47_651.jpg,0.0
center_2025_04_30_18_11_47_697.jpg,left_2025_04_30_18_11_47_697.jpg,right_2025_04_30_18_11_47_697.jpg,0.0
center_2025_04_30_18_11_47_744.jpg,left_2025_04_30_18_11_47_744.jpg,right_2025_04_30_18_11_47_744.jpg,0.0
center_2025_04_30_18_11_47_790.jpg,left_2025_04_30_18_11_47_790.jpg,right_2025_04_30_18_11_47_790.jpg,0.0
center_2025_04_30_18_11_47_838.jpg,left_2025_04_30_18_11_47_838.jpg,right_2025_04_30_18_11_47_838.jpg,0.0
center_2025_04_30_18_11_47_888.jpg,left_2025_04_30_18_11_47_888.jpg,right_2025_04_30_18_11_47_888.jpg,0.0
center_2025_04_30_18_11_47_930.jpg,left_2025_04_30_18_11_47_930.jpg,right_2025_04_30_18_11_47_930.jpg,0.0
center_2025_04_30_18_11_47_980.jpg,left_2025_04_30_18_11_47_980.jpg,right_2025_04_30_18_11_47_980.jpg,0.0
center_2025_04_30_18_11_48_024.jpg,left_2025_04_30_18_11_48_024.jpg,right_2025_04_30_18_11_48_024.jpg,0.0
center_2025_04_30_18_11_48_073.jpg,left_2025_04_30_18_11_48_073.jpg,right_2025_04_30_18_11_48_073.jpg,0.0
center_2025_04_30_18_11_48_118.jpg,left_2025_04_30_18_11_48_118.jpg,right_2025_04_30_18_11_48_118.jpg,0.0
center_2025_04_30_18_11_48_168.jpg,left_2025_04_30_18_11_48_168.jpg,right_2025_04_30_18_11_48_168.jpg,0.0
center_2025_04_30_18_11_48_209.jpg,left_2025_04_30_18_11_48_209.jpg,right_2025_04_30_18_11_48_209.jpg,0.0
center_2025_04_30_18_11_48_260.jpg,left_2025_04_30_18_11_48_260.jpg,right_2025_04_30_18_11_48_260.jpg,0.0
center_2025_04_30_18_11_48_301.jpg,left_2025_04_30_18_11_48_301.jpg,right_2025_04_30_18_11_48_301.jpg,0.0
center_2025_04_30_18_11_48_352.jpg,left_2025_04_30_18_11_48_352.jpg,right_2025_04_30_18_11_48_352.jpg,0.0
center_2025_04_30_18_11_48_395.jpg,left_2025_04_30_18_11_48_395.jpg,right_2025_04_30_18_11_48_395.jpg,0.0
center_2025_04_30_18_11_48_444.jpg,left_2025_04_30_18_11_48_444.jpg,right_2025_04_30_18_11_48_444.jpg,0.0
center_2025_04_30_18_11_48_488.jpg,left_2025_04_30_18_11_48_488.jpg,right_2025_04_30_18_11_48_488.jpg,0.0
center_2025_04_30_18_11_48_537.jpg,left_2025_04_30_18_11_48_537.jpg,right_2025_04_30_18_11_48_537.jpg,0.0
center_2025_04_30_18_11_48_584.jpg,left_2025_04_30_18_11_48_584.jpg,right_2025_04_30_18_11_48_584.jpg,0.0
center_2025_04_30_18_11_48_632.jpg,left_2025_04_30_18_11_48_632.jpg,right_2025_04_30_18_11_48_632.jpg,0.0
center_2025_04_30_18_11_48_682.jpg,left_2025_04_30_18_11_48_682.jpg,right_2025_04_30_18_11_48_682.jpg,0.0
center_2025_04_30_18_11_48_724.jpg,left_2025_04_30_18_11_48_724.jpg,right_2025_04_30_18_11_48_724.jpg,0.0
center_2025_04_30_18_11_48_774.jpg,left_2025_04_30_18_11_48_774.jpg,right_2025_04_30_18_11_48_774.jpg,0.0
center_2025_04_30_18_11_48_836.jpg,left_2025_04_30_18_11_48_836.jpg,right_2025_04_30_18_11_48_836.jpg,0.0
center_2025_04_30_18_11_48_870.jpg,left_2025_04_30_18_11_48_870.jpg,right_2025_04_30_18_11_48_870.jpg,0.0
center_2025_04_30_18_11_48_923.jpg,left_2025_04_30_18_11_48_923.jpg,right_2025_04_30_18_11_48_923.jpg,0.0
center_2025_04_30_18_11_48_960.jpg,left_2025_04_30_18_11_48_960.jpg,right_2025_04_30_18_11_48_960.jpg,0.0
center_2025_04_30_18_11_49_003.jpg,left_2025_04_30_18_11_49_003.jpg,right_2025_04_30_18_11_49_003.jpg,0.0
center_2025_04_30_18_11_49_052.jpg,left_2025_04_30_18_11_49_052.jpg,right_2025_04_30_18_11_49_052.jpg,0.0
center_2025_04_30_18_11_49_097.jpg,left_2025_04_30_18_11_49_097.jpg,right_2025_04_30_18_11_49_097.jpg,0.0
center_2025_04_30_18_11_49_145.jpg,left_2025_04_30_18_11_49_145.jpg,right_2025_04_30_18_11_49_145.jpg,0.0
center_2025_04_30_18_11_49_197.jpg,left_2025_04_30_18_11_49_197.jpg,right_2025_04_30_18_11_49_197.jpg,0.0
center_2025_04_30_18_11_49_240.jpg,left_2025_04_30_18_11_49_240.jpg,right_2025_04_30_18_11_49_240.jpg,0.0
center_2025_04_30_18_11_49_290.jpg,left_2025_04_30_18_11_49_290.jpg,right_2025_04_30_18_11_49_290.jpg,0.0
center_2025_04_30_18_11_49_354.jpg,left_2025_04_30_18_11_49_354.jpg,right_2025_04_30_18_11_49_354.jpg,0.0
center_2025_04_30_18_11_49_383.jpg,left_2025_04_30_18_11_49_383.jpg,right_2025_04_30_18_11_49_383.jpg,0.0
center_2025_04_30_18_11_49_427.jpg,left_2025_04_30_18_11_49_427.jpg,right_2025_04_30_18_11_49_427.jpg,0.0
center_2025_04_30_18_11_49_474.jpg,left_2025_04_30_18_11_49_474.jpg,right_2025_04_30_18_11_49_474.jpg,0.0
center_2025_04_30_18_11_49_522.jpg,left_2025_04_30_18_11_49_522.jpg,right_2025_04_30_18_11_49_522.jpg,0.0
center_2025_04_30_18_11_49_572.jpg,left_2025_04_30_18_11_49_572.jpg,right_2025_04_30_18_11_49_572.jpg,0.0
center_2025_04_30_18_11_49_620.jpg,left_2025_04_30_18_11_49_620.jpg,right_2025_04_30_18_11_49_620.jpg,0.0
center_2025_04_30_18_11_49_665.jpg,left_2025_04_30_18_11_49_665.jpg,right_2025_04_30_18_11_49_665.jpg,0.0
center_2025_04_30_18_11_49_712.jpg,left_2025_04_30_18_11_49_712.jpg,right_2025_04_30_18_11_49_712.jpg,0.0
center_2025_04_30_18_11_49_765.jpg,left_2025_04_30_18_11_49_765.jpg,right_2025_04_30_18_11_49_765.jpg,0.0
center_2025_04_30_18_11_49_807.jpg,left_2025_04_30_18_11_49_807.jpg,right_2025_04_30_18_11_49_807.jpg,0.0
center_2025_04_30_18_11_49_857.jpg,left_2025_04_30_18_11_49_857.jpg,right_2025_04_30_18_11_49_857.jpg,0.0
center_2025_04_30_18_11_49_902.jpg,left_2025_04_30_18_11_49_902.jpg,right_2025_04_30_18_11_49_902.jpg,0.0
center_2025_04_30_18_11_49_950.jpg,left_2025_04_30_18_11_49_950.jpg,right_2025_04_30_18_11_49_950.jpg,0.0
center_2025_04_30_18_11_49_993.jpg,left_2025_04_30_18_11_49_993.jpg,right_2025_04_30_18_11_49_993.jpg,0.0
center_2025_04_30_18_11_50_041.jpg,left_2025_04_30_18_11_50_041.jpg,right_2025_04_30_18_11_50_041.jpg,0.0
center_2025_04_30_18_11_50_085.jpg,left_2025_04_30_18_11_50_085.jpg,right_2025_04_30_18_11_50_085.jpg,0.0
center_2025_04_30_18_11_50_136.jpg,left_2025_04_30_18_11_50_136.jpg,right_2025_04_30_18_11_50_136.jpg,0.0
center_2025_04_30_18_11_50_180.jpg,left_2025_04_30_18_11_50_180.jpg,right_2025_04_30_18_11_50_180.jpg,0.0
center_2025_04_30_18_11_50_228.jpg,left_2025_04_30_18_11_50_228.jpg,right_2025_04_30_18_11_50_228.jpg,0.0
center_2025_04_30_18_11_50_273.jpg,left_2025_04_30_18_11_50_273.jpg,right_2025_04_30_18_11_50_273.jpg,0.0
center_2025_04_30_18_11_50_321.jpg,left_2025_04_30_18_11_50_321.jpg,right_2025_04_30_18_11_50_321.jpg,0.0
center_2025_04_30_18_11_50_366.jpg,left_2025_04_30_18_11_50_366.jpg,right_2025_04_30_18_11_50_366.jpg,0.0
center_2025_04_30_18_11_50_413.jpg,left_2025_04_30_18_11_50_413.jpg,right_2025_04_30_18_11_50_413.jpg,0.0
center_2025_04_30_18_11_50_459.jpg,left_2025_04_30_18_11_50_459.jpg,right_2025_04_30_18_11_50_459.jpg,0.0
center_2025_04_30_18_11_50_506.jpg,left_2025_04_30_18_11_50_506.jpg,right_2025_04_30_18_11_50_506.jpg,0.0
center_2025_04_30_18_11_50_552.jpg,left_2025_04_30_18_11_50_552.jpg,right_2025_04_30_18_11_50_552.jpg,0.0
center_2025_04_30_18_11_50_598.jpg,left_2025_04_30_18_11_50_598.jpg,right_2025_04_30_18_11_50_598.jpg,0.0
center_2025_04_30_18_11_50_650.jpg,left_2025_04_30_18_11_50_650.jpg,right_2025_04_30_18_11_50_650.jpg,0.0
center_2025_04_30_18_11_50_695.jpg,left_2025_04_30_18_11_50_695.jpg,right_2025_04_30_18_11_50_695.jpg,0.0
center_2025_04_30_18_11_50_743.jpg,left_2025_04_30_18_11_50_743.jpg,right_2025_04_30_18_11_50_743.jpg,0.0
center_2025_04_30_18_11_50_788.jpg,left_2025_04_30_18_11_50_788.jpg,right_2025_04_30_18_11_50_788.jpg,0.0
center_2025_04_30_18_11_50_836.jpg,left_2025_04_30_18_11_50_836.jpg,right_2025_04_30_18_11_50_836.jpg,0.0
center_2025_04_30_18_11_50_881.jpg,left_2025_04_30_18_11_50_881.jpg,right_2025_04_30_18_11_50_881.jpg,0.0
center_2025_04_30_18_11_50_928.jpg,left_2025_04_30_18_11_50_928.jpg,right_2025_04_30_18_11_50_928.jpg,0.0
center_2025_04_30_18_11_50_974.jpg,left_2025_04_30_18_11_50_974.jpg,right_2025_04_30_18_11_50_974.jpg,0.0
center_2025_04_30_18_11_51_022.jpg,left_2025_04_30_18_11_51_022.jpg,right_2025_04_30_18_11_51_022.jpg,0.0
center_2025_04_30_18_11_51_067.jpg,left_2025_04_30_18_11_51_067.jpg,right_2025_04_30_18_11_51_067.jpg,0.0
center_2025_04_30_18_11_51_115.jpg,left_2025_04_30_18_11_51_115.jpg,right_2025_04_30_18_11_51_115.jpg,0.0
center_2025_04_30_18_11_51_160.jpg,left_2025_04_30_18_11_51_160.jpg,right_2025_04_30_18_11_51_160.jpg,0.0
center_2025_04_30_18_11_51_206.jpg,left_2025_04_30_18_11_51_206.jpg,right_2025_04_30_18_11_51_206.jpg,0.0
center_2025_04_30_18_11_51_259.jpg,left_2025_04_30_18_11_51_259.jpg,right_2025_04_30_18_11_51_259.jpg,0.0
center_2025_04_30_18_11_51_302.jpg,left_2025_04_30_18_11_51_302.jpg,right_2025_04_30_18_11_51_302.jpg,0.0
center_2025_04_30_18_11_51_351.jpg,left_2025_04_30_18_11_51_351.jpg,right_2025_04_30_18_11_51_351.jpg,0.0
center_2025_04_30_18_11_51_395.jpg,left_2025_04_30_18_11_51_395.jpg,right_2025_04_30_18_11_51_395.jpg,0.0
center_2025_04_30_18_11_51_444.jpg,left_2025_04_30_18_11_51_444.jpg,right_2025_04_30_18_11_51_444.jpg,0.0
center_2025_04_30_18_11_51_524.jpg,left_2025_04_30_18_11_51_524.jpg,right_2025_04_30_18_11_51_524.jpg,0.0
center_2025_04_30_18_11_51_556.jpg,left_2025_04_30_18_11_51_556.jpg,right_2025_04_30_18_11_51_556.jpg,0.0
center_2025_04_30_18_11_51_598.jpg,left_2025_04_30_18_11_51_598.jpg,right_2025_04_30_18_11_51_598.jpg,0.0
center_2025_04_30_18_11_51_645.jpg,left_2025_04_30_18_11_51_645.jpg,right_2025_04_30_18_11_51_645.jpg,0.0
center_2025_04_30_18_11_51_691.jpg,left_2025_04_30_18_11_51_691.jpg,right_2025_04_30_18_11_51_691.jpg,0.0
center_2025_04_30_18_11_51_743.jpg,left_2025_04_30_18_11_51_743.jpg,right_2025_04_30_18_11_51_743.jpg,0.0
center_2025_04_30_18_11_51_786.jpg,left_2025_04_30_18_11_51_786.jpg,right_2025_04_30_18_11_51_786.jpg,0.0
center_2025_04_30_18_11_51_835.jpg,left_2025_04_30_18_11_51_835.jpg,right_2025_04_30_18_11_51_835.jpg,0.0
center_2025_04_30_18_11_51_878.jpg,left_2025_04_30_18_11_51_878.jpg,right_2025_04_30_18_11_51_878.jpg,0.0
center_2025_04_30_18_11_51_929.jpg,left_2025_04_30_18_11_51_929.jpg,right_2025_04_30_18_11_51_929.jpg,0.0
center_2025_04_30_18_11_51_973.jpg,left_2025_04_30_18_11_51_973.jpg,right_2025_04_30_18_11_51_973.jpg,0.0091
center_2025_04_30_18_11_52_022.jpg,left_2025_04_30_18_11_52_022.jpg,right_2025_04_30_18_11_52_022.jpg,0.0201
center_2025_04_30_18_11_52_066.jpg,left_2025_04_30_18_11_52_066.jpg,right_2025_04_30_18_11_52_066.jpg,0.0317
center_2025_04_30_18_11_52_114.jpg,left_2025_04_30_18_11_52_114.jpg,right_2025_04_30_18_11_52_114.jpg,0.0436
center_2025_04_30_18_11_52_159.jpg,left_2025_04_30_18_11_52_159.jpg,right_2025_04_30_18_11_52_159.jpg,0.0566
center_2025_04_30_18_11_52_207.jpg,left_2025_04_30_18_11_52_207.jpg,right_2025_04_30_18_11_52_207.jpg,0.062
center_2025_04_30_18_11_52_258.jpg,left_2025_04_30_18_11_52_258.jpg,right_2025_04_30_18_11_52_258.jpg,0.0671
center_2025_04_30_18_11_52_300.jpg,left_2025_04_30_18_11_52_300.jpg,right_2025_04_30_18_11_52_300.jpg,0.073
center_2025_04_30_18_11_52_351.jpg,left_2025_04_30_18_11_52_351.jpg,right_2025_04_30_18_11_52_351.jpg,0.0818
center_2025_04_30_18_11_52_393.jpg,left_2025_04_30_18_11_52_393.jpg,right_2025_04_30_18_11_52_393.jpg,0.092
center_2025_04_30_18_11_52_444.jpg,left_2025_04_30_18_11_52_444.jpg,right_2025_04_30_18_11_52_444.jpg,0.1039
center_2025_04_30_18_11_52_488.jpg,left_2025_04_30_18_11_52_488.jpg,right_2025_04_30_18_11_52_488.jpg,0.1172
center_2025_04_30_18_11_52_537.jpg,left_2025_04_30_18_11_52_537.jpg,right_2025_04_30_18_11_52_537.jpg,0.1327
center_2025_04_30_18_11_52_583.jpg,left_2025_04_30_18_11_52_583.jpg,right_2025_04_30_18_11_52_583.jpg,0.1477
center_2025_04_30_18_11_52_630.jpg,left_2025_04_30_18_11_52_630.jpg,right_2025_04_30_18_11_52_630.jpg,0.1616
center_2025_04_30_18_11_52_675.jpg,left_2025_04_30_18_11_52_675.jpg,right_2025_04_30_18_11_52_675.jpg,0.1729
center_2025_04_30_18_11_52_722.jpg,left_2025_04_30_18_11_52_722.jpg,right_2025_04_30_18_11_52_722.jpg,0.1817
center_2025_04_30_18_11_52_768.jpg,left_2025_04_30_18_11_52_768.jpg,right_2025_04_30_18_11_52_768.jpg,0.1871
center_2025_04_30_18_11_52_814.jpg,left_2025_04_30_18_11_52_814.jpg,right_2025_04_30_18_11_52_814.jpg,0.1899
center_2025_04_30_18_11_52_861.jpg,left_2025_04_30_18_11_52_861.jpg,right_2025_04_30_18_11_52_861.jpg,0.1916
center_2025_04_30_18_11_52_908.jpg,left_2025_04_30_18_11_52_908.jpg,right_2025_04_30_18_11_52_908.jpg,0.1928
center_2025_04_30_18_11_52_959.jpg,left_2025_04_30_18_11_52_959.jpg,right_2025_04_30_18_11_52_959.jpg,0.1933
center_2025_04_30_18_11_53_004.jpg,left_2025_04_30_18_11_53_004.jpg,right_2025_04_30_18_11_53_004.jpg,0.1936
center_2025_04_30_18_11_53_052.jpg,left_2025_04_30_18_11_53_052.jpg,right_2025_04_30_18_11_53_052.jpg,0.1942
center_2025_04_30_18_11_53_098.jpg,left_2025_04_30_18_11_53_098.jpg,right_2025_04_30_18_11_53_098.jpg,0.1942
center_2025_04_30_18_11_53_145.jpg,left_2025_04_30_18_11_53_145.jpg,right_2025_04_30_18_11_53_145.jpg,0.1945
center_2025_04_30_18_11_53_190.jpg,left_2025_04_30_18_11_53_190.jpg,right_2025_04_30_18_11_53_190.jpg,0.1945
center_2025_04_30_18_11_53_238.jpg,left_2025_04_30_18_11_53_238.jpg,right_2025_04_30_18_11_53_238.jpg,0.1945
center_2025_04_30_18_11_53_285.jpg,left_2025_04_30_18_11_53_285.jpg,right_2025_04_30_18_11_53_285.jpg,0.1942
center_2025_04_30_18_11_53_331.jpg,left_2025_04_30_18_11_53_331.jpg,right_2025_04_30_18_11_53_331.jpg,0.1942
center_2025_04_30_18_11_53_382.jpg,left_2025_04_30_18_11_53_382.jpg,right_2025_04_30_18_11_53_382.jpg,0.1939
center_2025_04_30_18_11_53_426.jpg,left_2025_04_30_18_11_53_426.jpg,right_2025_04_30_18_11_53_426.jpg,0.1939
center_2025_04_30_18_11_53_475.jpg,left_2025_04_30_18_11_53_475.jpg,right_2025_04_30_18_11_53_475.jpg,0.1936
center_2025_04_30_18_11_53_519.jpg,left_2025_04_30_18_11_53_519.jpg,right_2025_04_30_18_11_53_519.jpg,0.193
center_2025_04_30_18_11_53_568.jpg,left_2025_04_30_18_11_53_568.jpg,right_2025_04_30_18_11_53_568.jpg,0.1919
center_2025_04_30_18_11_53_624.jpg,left_2025_04_30_18_11_53_624.jpg,right_2025_04_30_18_11_53_624.jpg,0.1905
center_2025_04_30_18_11_53_660.jpg,left_2025_04_30_18_11_53_660.jpg,right_2025_04_30_18_11_53_660.jpg,0.1888
center_2025_04_30_18_11_53_704.jpg,left_2025_04_30_18_11_53_704.jpg,right_2025_04_30_18_11_53_704.jpg,0.1876
center_2025_04_30_18_11_53_753.jpg,left_2025_04_30_18_11_53_753.jpg,right_2025_04_30_18_11_53_753.jpg,0.1865
center_2025_04_30_18_11_53_799.jpg,left_2025_04_30_18_11_53_799.jpg,right_2025_04_30_18_11_53_799.jpg,0.1862
center_2025_04_30_18_11_53_846.jpg,left_2025_04_30_18_11_53_846.jpg,right_2025_04_30_18_11_53_846.jpg,0.186
center_2025_04_30_18_11_53_908.jpg,left_2025_04_30_18_11_53_908.jpg,right_2025_04_30_18_11_53_908.jpg,0.186
center_2025_04_30_18_11_53_940.jpg,left_2025_04_30_18_11_53_940.jpg,right_2025_04_30_18_11_53_940.jpg,0.1857
center_2025_04_30_18_11_53_985.jpg,left_2025_04_30_18_11_53_985.jpg,right_2025_04_30_18_11_53_985.jpg,0.1857
center_2025_04_30_18_11_54_033.jpg,left_2025_04_30_18_11_54_033.jpg,right_2025_04_30_18_11_54_033.jpg,0.1854
center_2025_04_30_18_11_54_082.jpg,left_2025_04_30_18_11_54_082.jpg,right_2025_04_30_18_11_54_082.jpg,0.1854
center_2025_04_30_18_11_54_127.jpg,left_2025_04_30_18_11_54_127.jpg,right_2025_04_30_18_11_54_127.jpg,0.1854
center_2025_04_30_18_11_54_176.jpg,left_2025_04_30_18_11_54_176.jpg,right_2025_04_30_18_11_54_176.jpg,0.1854
center_2025_04_30_18_11_54_221.jpg,left_2025_04_30_18_11_54_221.jpg,right_2025_04_30_18_11_54_221.jpg,0.1854
center_2025_04_30_18_11_54_268.jpg,left_2025_04_30_18_11_54_268.jpg,right_2025_04_30_18_11_54_268.jpg,0.1857
center_2025_04_30_18_11_54_313.jpg,left_2025_04_30_18_11_54_313.jpg,right_2025_04_30_18_11_54_313.jpg,0.1857
center_2025_04_30_18_11_54_362.jpg,left_2025_04_30_18_11_54_362.jpg,right_2025_04_30_18_11_54_362.jpg,0.1857
center_2025_04_30_18_11_54_407.jpg,left_2025_04_30_18_11_54_407.jpg,right_2025_04_30_18_11_54_407.jpg,0.1857
center_2025_04_30_18_11_54_454.jpg,left_2025_04_30_18_11_54_454.jpg,right_2025_04_30_18_11_54_454.jpg,0.186
center_2025_04_30_18_11_54_500.jpg,left_2025_04_30_18_11_54_500.jpg,right_2025_04_30_18_11_54_500.jpg,0.186
center_2025_04_30_18_11_54_546.jpg,left_2025_04_30_18_11_54_546.jpg,right_2025_04_30_18_11_54_546.jpg,0.186
center_2025_04_30_18_11_54_593.jpg,left_2025_04_30_18_11_54_593.jpg,right_2025_04_30_18_11_54_593.jpg,0.186
center_2025_04_30_18_11_54_641.jpg,left_2025_04_30_18_11_54_641.jpg,right_2025_04_30_18_11_54_641.jpg,0.186
center_2025_04_30_18_11_54_691.jpg,left_2025_04_30_18_11_54_691.jpg,right_2025_04_30_18_11_54_691.jpg,0.1857
center_2025_04_30_18_11_54_735.jpg,left_2025_04_30_18_11_54_735.jpg,right_2025_04_30_18_11_54_735.jpg,0.1857
center_2025_04_30_18_11_54_784.jpg,left_2025_04_30_18_11_54_784.jpg,right_2025_04_30_18_11_54_784.jpg,0.1857
center_2025_04_30_18_11_54_827.jpg,left_2025_04_30_18_11_54_827.jpg,right_2025_04_30_18_11_54_827.jpg,0.1857
center_2025_04_30_18_11_54_876.jpg,left_2025_04_30_18_11_54_876.jpg,right_2025_04_30_18_11_54_876.jpg,0.1857
center_2025_04_30_18_11_54_922.jpg,left_2025_04_30_18_11_54_922.jpg,right_2025_04_30_18_11_54_922.jpg,0.186
center_2025_04_30_18_11_54_969.jpg,left_2025_04_30_18_11_54_969.jpg,right_2025_04_30_18_11_54_969.jpg,0.1857
center_2025_04_30_18_11_55_016.jpg,left_2025_04_30_18_11_55_016.jpg,right_2025_04_30_18_11_55_016.jpg,0.1857
center_2025_04_30_18_11_55_062.jpg,left_2025_04_30_18_11_55_062.jpg,right_2025_04_30_18_11_55_062.jpg,0.1857
center_2025_04_30_18_11_55_113.jpg,left_2025_04_30_18_11_55_113.jpg,right_2025_04_30_18_11_55_113.jpg,0.186
center_2025_04_30_18_11_55_157.jpg,left_2025_04_30_18_11_55_157.jpg,right_2025_04_30_18_11_55_157.jpg,0.1857
center_2025_04_30_18_11_55_207.jpg,left_2025_04_30_18_11_55_207.jpg,right_2025_04_30_18_11_55_207.jpg,0.1857
center_2025_04_30_18_11_55_252.jpg,left_2025_04_30_18_11_55_252.jpg,right_2025_04_30_18_11_55_252.jpg,0.1857
center_2025_04_30_18_11_55_300.jpg,left_2025_04_30_18_11_55_300.jpg,right_2025_04_30_18_11_55_300.jpg,0.1857
center_2025_04_30_18_11_55_350.jpg,left_2025_04_30_18_11_55_350.jpg,right_2025_04_30_18_11_55_350.jpg,0.1854
center_2025_04_30_18_11_55_394.jpg,left_2025_04_30_18_11_55_394.jpg,right_2025_04_30_18_11_55_394.jpg,0.1854
center_2025_04_30_18_11_55_444.jpg,left_2025_04_30_18_11_55_444.jpg,right_2025_04_30_18_11_55_444.jpg,0.1854
center_2025_04_30_18_11_55_487.jpg,left_2025_04_30_18_11_55_487.jpg,right_2025_04_30_18_11_55_487.jpg,0.1854
center_2025_04_30_18_11_55_537.jpg,left_2025_04_30_18_11_55_537.jpg,right_2025_04_30_18_11_55_537.jpg,0.1854
center_2025_04_30_18_11_55_581.jpg,left_2025_04_30_18_11_55_581.jpg,right_2025_04_30_18_11_55_581.jpg,0.1854
center_2025_04_30_18_11_55_630.jpg,left_2025_04_30_18_11_55_630.jpg,right_2025_04_30_18_11_55_630.jpg,0.1857
center_2025_04_30_18_11_55_681.jpg,left_2025_04_30_18_11_55_681.jpg,right_2025_04_30_18_11_55_681.jpg,0.1857
center_2025_04_30_18_11_55_723.jpg,left_2025_04_30_18_11_55_723.jpg,right_2025_04_30_18_11_55_723.jpg,0.1857
center_2025_04_30_18_11_55_774.jpg,left_2025_04_30_18_11_55_774.jpg,right_2025_04_30_18_11_55_774.jpg,0.1857
center_2025_04_30_18_11_55_817.jpg,left_2025_04_30_18_11_55_817.jpg,right_2025_04_30_18_11_55_817.jpg,0.1857
center_2025_04_30_18_11_55_866.jpg,left_2025_04_30_18_11_55_866.jpg,right_2025_04_30_18_11_55_866.jpg,0.1854
center_2025_04_30_18_11_55_910.jpg,left_2025_04_30_18_11_55_910.jpg,right_2025_04_30_18_11_55_910.jpg,0.1851
center_2025_04_30_18_11_55_958.jpg,left_2025_04_30_18_11_55_958.jpg,right_2025_04_30_18_11_55_958.jpg,0.1848
center_2025_04_30_18_11_56_001.jpg,left_2025_04_30_18_11_56_001.jpg,right_2025_04_30_18_11_56_001.jpg,0.1846
center_2025_04_30_18_11_56_052.jpg,left_2025_04_30_18_11_56_052.jpg,right_2025_04_30_18_11_56_052.jpg,0.1837
center_2025_04_30_18_11_56_095.jpg,left_2025_04_30_18_11_56_095.jpg,right_2025_04_30_18_11_56_095.jpg,0.1828
center_2025_04_30_18_11_56_145.jpg,left_2025_04_30_18_11_56_145.jpg,right_2025_04_30_18_11_56_145.jpg,0.1811
center_2025_04_30_18_11_56_187.jpg,left_2025_04_30_18_11_56_187.jpg,right_2025_04_30_18_11_56_187.jpg,0.1792
center_2025_04_30_18_11_56_237.jpg,left_2025_04_30_18_11_56_237.jpg,right_2025_04_30_18_11_56_237.jpg,0.176
center_2025_04_30_18_11_56_280.jpg,left_2025_04_30_18_11_56_280.jpg,right_2025_04_30_18_11_56_280.jpg,0.1715
center_2025_04_30_18_11_56_330.jpg,left_2025_04_30_18_11_56_330.jpg,right_2025_04_30_18_11_56_330.jpg,0.1639
center_2025_04_30_18_11_56_375.jpg,left_2025_04_30_18_11_56_375.jpg,right_2025_04_30_18_11_56_375.jpg,0.1543
center_2025_04_30_18_11_56_425.jpg,left_2025_04_30_18_11_56_425.jpg,right_2025_04_30_18_11_56_425.jpg,0.1381
center_2025_04_30_18_11_56_468.jpg,left_2025_04_30_18_11_56_468.jpg,right_2025_04_30_18_11_56_468.jpg,0.1197
center_2025_04_30_18_11_56_516.jpg,left_2025_04_30_18_11_56_516.jpg,right_2025_04_30_18_11_56_516.jpg,0.0991
center_2025_04_30_18_11_56_562.jpg,left_2025_04_30_18_11_56_562.jpg,right_2025_04_30_18_11_56_562.jpg,0.0793
center_2025_04_30_18_11_56_609.jpg,left_2025_04_30_18_11_56_609.jpg,right_2025_04_30_18_11_56_609.jpg,0.0538
center_2025_04_30_18_11_56_660.jpg,left_2025_04_30_18_11_56_660.jpg,right_2025_04_30_18_11_56_660.jpg,0.0351
center_2025_04_30_18_11_56_709.jpg,left_2025_04_30_18_11_56_709.jpg,right_2025_04_30_18_11_56_709.jpg,0.0198
center_2025_04_30_18_11_56_753.jpg,left_2025_04_30_18_11_56_753.jpg,right_2025_04_30_18_11_56_753.jpg,0.0088
center_2025_04_30_18_11_56_800.jpg,left_2025_04_30_18_11_56_800.jpg,right_2025_04_30_18_11_56_800.jpg,0.0
center_2025_04_30_18_11_56_845.jpg,left_2025_04_30_18_11_56_845.jpg,right_2025_04_30_18_11_56_845.jpg,0.0
center_2025_04_30_18_11_56_892.jpg,left_2025_04_30_18_11_56_892.jpg,right_2025_04_30_18_11_56_892.jpg,0.0
center_2025_04_30_18_11_56_939.jpg,left_2025_04_30_18_11_56_939.jpg,right_2025_04_30_18_11_56_939.jpg,0.0
center_2025_04_30_18_11_56_990.jpg,left_2025_04_30_18_11_56_990.jpg,right_2025_04_30_18_11_56_990.jpg,0.0
center_2025_04_30_18_11_57_034.jpg,left_2025_04_30_18_11_57_034.jpg,right_2025_04_30_18_11_57_034.jpg,0.0
center_2025_04_30_18_11_57_082.jpg,left_2025_04_30_18_11_57_082.jpg,right_2025_04_30_18_11_57_082.jpg,0.0
center_2025_04_30_18_11_57_125.jpg,left_2025_04_30_18_11_57_125.jpg,right_2025_04_30_18_11_57_125.jpg,0.0
center_2025_04_30_18_11_57_174.jpg,left_2025_04_30_18_11_57_174.jpg,right_2025_04_30_18_11_57_174.jpg,0.0
center_2025_04_30_18_11_57_220.jpg,left_2025_04_30_18_11_57_220.jpg,right_2025_04_30_18_11_57_220.jpg,0.0
center_2025_04_30_18_11_57_268.jpg,left_2025_04_30_18_11_57_268.jpg,right_2025_04_30_18_11_57_268.jpg,0.0
center_2025_04_30_18_11_57_319.jpg,left_2025_04_30_18_11_57_319.jpg,right_2025_04_30_18_11_57_319.jpg,0.0
center_2025_04_30_18_11_57_363.jpg,left_2025_04_30_18_11_57_363.jpg,right_2025_04_30_18_11_57_363.jpg,0.0
center_2025_04_30_18_11_57_413.jpg,left_2025_04_30_18_11_57_413.jpg,right_2025_04_30_18_11_57_413.jpg,0.0
center_2025_04_30_18_11_57_457.jpg,left_2025_04_30_18_11_57_457.jpg,right_2025_04_30_18_11_57_457.jpg,0.0105
center_2025_04_30_18_11_57_505.jpg,left_2025_04_30_18_11_57_505.jpg,right_2025_04_30_18_11_57_505.jpg,0.0221
center_2025_04_30_18_11_57_556.jpg,left_2025_04_30_18_11_57_556.jpg,right_2025_04_30_18_11_57_556.jpg,0.0348
center_2025_04_30_18_11_57_598.jpg,left_2025_04_30_18_11_57_598.jpg,right_2025_04_30_18_11_57_598.jpg,0.0487
center_2025_04_30_18_11_57_650.jpg,left_2025_04_30_18_11_57_650.jpg,right_2025_04_30_18_11_57_650.jpg,0.0645
center_2025_04_30_18_11_57_692.jpg,left_2025_04_30_18_11_57_692.jpg,right_2025_04_30_18_11_57_692.jpg,0.0699
center_2025_04_30_18_11_57_742.jpg,left_2025_04_30_18_11_57_742.jpg,right_2025_04_30_18_11_57_742.jpg,0.0741
center_2025_04_30_18_11_57_787.jpg,left_2025_04_30_18_11_57_787.jpg,right_2025_04_30_18_11_57_787.jpg,0.0772
center_2025_04_30_18_11_57_835.jpg,left_2025_04_30_18_11_57_835.jpg,right_2025_04_30_18_11_57_835.jpg,0.0795
center_2025_04_30_18_11_57_880.jpg,left_2025_04_30_18_11_57_880.jpg,right_2025_04_30_18_11_57_880.jpg,0.0798
center_2025_04_30_18_11_57_928.jpg,left_2025_04_30_18_11_57_928.jpg,right_2025_04_30_18_11_57_928.jpg,0.0798
center_2025_04_30_18_11_57_975.jpg,left_2025_04_30_18_11_57_975.jpg,right_2025_04_30_18_11_57_975.jpg,0.079
center_2025_04_30_18_11_58_021.jpg,left_2025_04_30_18_11_58_021.jpg,right_2025_04_30_18_11_58_021.jpg,0.0778
center_2025_04_30_18_11_58_066.jpg,left_2025_04_30_18_11_58_066.jpg,right_2025_04_30_18_11_58_066.jpg,0.0764
center_2025_04_30_18_11_58_114.jpg,left_2025_04_30_18_11_58_114.jpg,right_2025_04_30_18_11_58_114.jpg,0.0741
center_2025_04_30_18_11_58_159.jpg,left_2025_04_30_18_11_58_159.jpg,right_2025_04_30_18_11_58_159.jpg,0.0716
center_2025_04_30_18_11_58_206.jpg,left_2025_04_30_18_11_58_206.jpg,right_2025_04_30_18_11_58_206.jpg,0.0679
center_2025_04_30_18_11_58_258.jpg,left_2025_04_30_18_11_58_258.jpg,right_2025_04_30_18_11_58_258.jpg,0.064
center_2025_04_30_18_11_58_300.jpg,left_2025_04_30_18_11_58_300.jpg,right_2025_04_30_18_11_58_300.jpg,0.06
center_2025_04_30_18_11_58_350.jpg,left_2025_04_30_18_11_58_350.jpg,right_2025_04_30_18_11_58_350.jpg,0.0569
center_2025_04_30_18_11_58_392.jpg,left_2025_04_30_18_11_58_392.jpg,right_2025_04_30_18_11_58_392.jpg,0.0541
center_2025_04_30_18_11_58_443.jpg,left_2025_04_30_18_11_58_443.jpg,right_2025_04_30_18_11_58_443.jpg,0.0535
center_2025_04_30_18_11_58_487.jpg,left_2025_04_30_18_11_58_487.jpg,right_2025_04_30_18_11_58_487.jpg,0.0532
center_2025_04_30_18_11_58_536.jpg,left_2025_04_30_18_11_58_536.jpg,right_2025_04_30_18_11_58_536.jpg,0.053
center_2025_04_30_18_11_58_582.jpg,left_2025_04_30_18_11_58_582.jpg,right_2025_04_30_18_11_58_582.jpg,0.053
center_2025_04_30_18_11_58_628.jpg,left_2025_04_30_18_11_58_628.jpg,right_2025_04_30_18_11_58_628.jpg,0.053
center_2025_04_30_18_11_58_675.jpg,left_2025_04_30_18_11_58_675.jpg,right_2025_04_30_18_11_58_675.jpg,0.053
center_2025_04_30_18_11_58_722.jpg,left_2025_04_30_18_11_58_722.jpg,right_2025_04_30_18_11_58_722.jpg,0.0532
center_2025_04_30_18_11_58_767.jpg,left_2025_04_30_18_11_58_767.jpg,right_2025_04_30_18_11_58_767.jpg,0.0532
center_2025_04_30_18_11_58_814.jpg,left_2025_04_30_18_11_58_814.jpg,right_2025_04_30_18_11_58_814.jpg,0.0532
center_2025_04_30_18_11_58_861.jpg,left_2025_04_30_18_11_58_861.jpg,right_2025_04_30_18_11_58_861.jpg,0.0535
center_2025_04_30_18_11_58_907.jpg,left_2025_04_30_18_11_58_907.jpg,right_2025_04_30_18_11_58_907.jpg,0.0532
center_2025_04_30_18_11_58_954.jpg,left_2025_04_30_18_11_58_954.jpg,right_2025_04_30_18_11_58_954.jpg,0.053
center_2025_04_30_18_11_59_000.jpg,left_2025_04_30_18_11_59_000.jpg,right_2025_04_30_18_11_59_000.jpg,0.0558
center_2025_04_30_18_11_59_052.jpg,left_2025_04_30_18_11_59_052.jpg,right_2025_04_30_18_11_59_052.jpg,0.0609
center_2025_04_30_18_11_59_094.jpg,left_2025_04_30_18_11_59_094.jpg,right_2025_04_30_18_11_59_094.jpg,0.0662
center_2025_04_30_18_11_59_145.jpg,left_2025_04_30_18_11_59_145.jpg,right_2025_04_30_18_11_59_145.jpg,0.073
center_2025_04_30_18_11_59_187.jpg,left_2025_04_30_18_11_59_187.jpg,right_2025_04_30_18_11_59_187.jpg,0.0804
center_2025_04_30_18_11_59_237.jpg,left_2025_04_30_18_11_59_237.jpg,right_2025_04_30_18_11_59_237.jpg,0.0872
center_2025_04_30_18_11_59_281.jpg,left_2025_04_30_18_11_59_281.jpg,right_2025_04_30_18_11_59_281.jpg,0.0926
center_2025_04_30_18_11_59_330.jpg,left_2025_04_30_18_11_59_330.jpg,right_2025_04_30_18_11_59_330.jpg,0.0993
center_2025_04_30_18_11_59_374.jpg,left_2025_04_30_18_11_59_374.jpg,right_2025_04_30_18_11_59_374.jpg,0.1067
center_2025_04_30_18_11_59_422.jpg,left_2025_04_30_18_11_59_422.jpg,right_2025_04_30_18_11_59_422.jpg,0.1138
center_2025_04_30_18_11_59_468.jpg,left_2025_04_30_18_11_59_468.jpg,right_2025_04_30_18_11_59_468.jpg,0.1188
center_2025_04_30_18_11_59_515.jpg,left_2025_04_30_18_11_59_515.jpg,right_2025_04_30_18_11_59_515.jpg,0.1228
center_2025_04_30_18_11_59_562.jpg,left_2025_04_30_18_11_59_562.jpg,right_2025_04_30_18_11_59_562.jpg,0.1251
center_2025_04_30_18_11_59_608.jpg,left_2025_04_30_18_11_59_608.jpg,right_2025_04_30_18_11_59_608.jpg,0.1256
center_2025_04_30_18_11_59_654.jpg,left_2025_04_30_18_11_59_654.jpg,right_2025_04_30_18_11_59_654.jpg,0.1259
center_2025_04_30_18_11_59_700.jpg,left_2025_04_30_18_11_59_700.jpg,right_2025_04_30_18_11_59_700.jpg,0.1262
center_2025_04_30_18_11_59_752.jpg,left_2025_04_30_18_11_59_752.jpg,right_2025_04_30_18_11_59_752.jpg,0.1262
center_2025_04_30_18_11_59_795.jpg,left_2025_04_30_18_11_59_795.jpg,right_2025_04_30_18_11_59_795.jpg,0.1262
center_2025_04_30_18_11_59_844.jpg,left_2025_04_30_18_11_59_844.jpg,right_2025_04_30_18_11_59_844.jpg,0.1265
center_2025_04_30_18_11_59_889.jpg,left_2025_04_30_18_11_59_889.jpg,right_2025_04_30_18_11_59_889.jpg,0.1265
center_2025_04_30_18_11_59_937.jpg,left_2025_04_30_18_11_59_937.jpg,right_2025_04_30_18_11_59_937.jpg,0.1262
center_2025_04_30_18_11_59_989.jpg,left_2025_04_30_18_11_59_989.jpg,right_2025_04_30_18_11_59_989.jpg,0.1262
center_2025_04_30_18_12_00_032.jpg,left_2025_04_30_18_12_00_032.jpg,right_2025_04_30_18_12_00_032.jpg,0.1262
center_2025_04_30_18_12_00_083.jpg,left_2025_04_30_18_12_00_083.jpg,right_2025_04_30_18_12_00_083.jpg,0.1259
center_2025_04_30_18_12_00_126.jpg,left_2025_04_30_18_12_00_126.jpg,right_2025_04_30_18_12_00_126.jpg,0.1259
center_2025_04_30_18_12_00_174.jpg,left_2025_04_30_18_12_00_174.jpg,right_2025_04_30_18_12_00_174.jpg,0.1259
center_2025_04_30_18_12_00_219.jpg,left_2025_04_30_18_12_00_219.jpg,right_2025_04_30_18_12_00_219.jpg,0.1259
center_2025_04_30_18_12_00_267.jpg,left_2025_04_30_18_12_00_267.jpg,right_2025_04_30_18_12_00_267.jpg,0.1259
center_2025_04_30_18_12_00_314.jpg,left_2025_04_30_18_12_00_314.jpg,right_2025_04_30_18_12_00_314.jpg,0.1259
center_2025_04_30_18_12_00_362.jpg,left_2025_04_30_18_12_00_362.jpg,right_2025_04_30_18_12_00_362.jpg,0.1259
center_2025_04_30_18_12_00_412.jpg,left_2025_04_30_18_12_00_412.jpg,right_2025_04_30_18_12_00_412.jpg,0.1259
center_2025_04_30_18_12_00_455.jpg,left_2025_04_30_18_12_00_455.jpg,right_2025_04_30_18_12_00_455.jpg,0.1259
center_2025_04_30_18_12_00_504.jpg,left_2025_04_30_18_12_00_504.jpg,right_2025_04_30_18_12_00_504.jpg,0.1259
center_2025_04_30_18_12_00_551.jpg,left_2025_04_30_18_12_00_551.jpg,right_2025_04_30_18_12_00_551.jpg,0.1265
center_2025_04_30_18_12_00_598.jpg,left_2025_04_30_18_12_00_598.jpg,right_2025_04_30_18_12_00_598.jpg,0.1271
center_2025_04_30_18_12_00_643.jpg,left_2025_04_30_18_12_00_643.jpg,right_2025_04_30_18_12_00_643.jpg,0.1285
center_2025_04_30_18_12_00_689.jpg,left_2025_04_30_18_12_00_689.jpg,right_2025_04_30_18_12_00_689.jpg,0.1302
center_2025_04_30_18_12_00_742.jpg,left_2025_04_30_18_12_00_742.jpg,right_2025_04_30_18_12_00_742.jpg,0.1322
center_2025_04_30_18_12_00_785.jpg,left_2025_04_30_18_12_00_785.jpg,right_2025_04_30_18_12_00_785.jpg,0.1339
center_2025_04_30_18_12_00_834.jpg,left_2025_04_30_18_12_00_834.jpg,right_2025_04_30_18_12_00_834.jpg,0.1364
center_2025_04_30_18_12_00_880.jpg,left_2025_04_30_18_12_00_880.jpg,right_2025_04_30_18_12_00_880.jpg,0.1381
center_2025_04_30_18_12_00_929.jpg,left_2025_04_30_18_12_00_929.jpg,right_2025_04_30_18_12_00_929.jpg,0.1398
center_2025_04_30_18_12_00_973.jpg,left_2025_04_30_18_12_00_973.jpg,right_2025_04_30_18_12_00_973.jpg,0.1412
center_2025_04_30_18_12_01_021.jpg,left_2025_04_30_18_12_01_021.jpg,right_2025_04_30_18_12_01_021.jpg,0.1426
center_2025_04_30_18_12_01_071.jpg,left_2025_04_30_18_12_01_071.jpg,right_2025_04_30_18_12_01_071.jpg,0.1435
center_2025_04_30_18_12_01_116.jpg,left_2025_04_30_18_12_01_116.jpg,right_2025_04_30_18_12_01_116.jpg,0.1443
center_2025_04_30_18_12_01_163.jpg,left_2025_04_30_18_12_01_163.jpg,right_2025_04_30_18_12_01_163.jpg,0.1455
center_2025_04_30_18_12_01_207.jpg,left_2025_04_30_18_12_01_207.jpg,right_2025_04_30_18_12_01_207.jpg,0.1466
center_2025_04_30_18_12_01_257.jpg,left_2025_04_30_18_12_01_257.jpg,right_2025_04_30_18_12_01_257.jpg,0.1475
center_2025_04_30_18_12_01_302.jpg,left_2025_04_30_18_12_01_302.jpg,right_2025_04_30_18_12_01_302.jpg,0.148
center_2025_04_30_18_12_01_349.jpg,left_2025_04_30_18_12_01_349.jpg,right_2025_04_30_18_12_01_349.jpg,0.1489
center_2025_04_30_18_12_01_396.jpg,left_2025_04_30_18_12_01_396.jpg,right_2025_04_30_18_12_01_396.jpg,0.1492
center_2025_04_30_18_12_01_443.jpg,left_2025_04_30_18_12_01_443.jpg,right_2025_04_30_18_12_01_443.jpg,0.15
center_2025_04_30_18_12_01_488.jpg,left_2025_04_30_18_12_01_488.jpg,right_2025_04_30_18_12_01_488.jpg,0.1511
center_2025_04_30_18_12_01_534.jpg,left_2025_04_30_18_12_01_534.jpg,right_2025_04_30_18_12_01_534.jpg,0.1522
center_2025_04_30_18_12_01_582.jpg,left_2025_04_30_18_12_01_582.jpg,right_2025_04_30_18_12_01_582.jpg,0.1537
center_2025_04_30_18_12_01_628.jpg,left_2025_04_30_18_12_01_628.jpg,right_2025_04_30_18_12_01_628.jpg,0.1548
center_2025_04_30_18_12_01_674.jpg,left_2025_04_30_18_12_01_674.jpg,right_2025_04_30_18_12_01_674.jpg,0.1554
center_2025_04_30_18_12_01_720.jpg,left_2025_04_30_18_12_01_720.jpg,right_2025_04_30_18_12_01_720.jpg,0.156
center_2025_04_30_18_12_01_767.jpg,left_2025_04_30_18_12_01_767.jpg,right_2025_04_30_18_12_01_767.jpg,0.1565
center_2025_04_30_18_12_01_814.jpg,left_2025_04_30_18_12_01_814.jpg,right_2025_04_30_18_12_01_814.jpg,0.1565
center_2025_04_30_18_12_01_860.jpg,left_2025_04_30_18_12_01_860.jpg,right_2025_04_30_18_12_01_860.jpg,0.1568
center_2025_04_30_18_12_01_909.jpg,left_2025_04_30_18_12_01_909.jpg,right_2025_04_30_18_12_01_909.jpg,0.1571
center_2025_04_30_18_12_01_959.jpg,left_2025_04_30_18_12_01_959.jpg,right_2025_04_30_18_12_01_959.jpg,0.1574
center_2025_04_30_18_12_02_004.jpg,left_2025_04_30_18_12_02_004.jpg,right_2025_04_30_18_12_02_004.jpg,0.1577
center_2025_04_30_18_12_02_069.jpg,left_2025_04_30_18_12_02_069.jpg,right_2025_04_30_18_12_02_069.jpg,0.1579
center_2025_04_30_18_12_02_093.jpg,left_2025_04_30_18_12_02_093.jpg,right_2025_04_30_18_12_02_093.jpg,0.1582
center_2025_04_30_18_12_02_144.jpg,left_2025_04_30_18_12_02_144.jpg,right_2025_04_30_18_12_02_144.jpg,0.1585
center_2025_04_30_18_12_02_189.jpg,left_2025_04_30_18_12_02_189.jpg,right_2025_04_30_18_12_02_189.jpg,0.1585
center_2025_04_30_18_12_02_235.jpg,left_2025_04_30_18_12_02_235.jpg,right_2025_04_30_18_12_02_235.jpg,0.1588
center_2025_04_30_18_12_02_280.jpg,left_2025_04_30_18_12_02_280.jpg,right_2025_04_30_18_12_02_280.jpg,0.1588
center_2025_04_30_18_12_02_328.jpg,left_2025_04_30_18_12_02_328.jpg,right_2025_04_30_18_12_02_328.jpg,0.1588
center_2025_04_30_18_12_02_374.jpg,left_2025_04_30_18_12_02_374.jpg,right_2025_04_30_18_12_02_374.jpg,0.1588
center_2025_04_30_18_12_02_423.jpg,left_2025_04_30_18_12_02_423.jpg,right_2025_04_30_18_12_02_423.jpg,0.1588
center_2025_04_30_18_12_02_473.jpg,left_2025_04_30_18_12_02_473.jpg,right_2025_04_30_18_12_02_473.jpg,0.1585
center_2025_04_30_18_12_02_516.jpg,left_2025_04_30_18_12_02_516.jpg,right_2025_04_30_18_12_02_516.jpg,0.1585
center_2025_04_30_18_12_02_566.jpg,left_2025_04_30_18_12_02_566.jpg,right_2025_04_30_18_12_02_566.jpg,0.1585
center_2025_04_30_18_12_02_609.jpg,left_2025_04_30_18_12_02_609.jpg,right_2025_04_30_18_12_02_609.jpg,0.1585
center_2025_04_30_18_12_02_659.jpg,left_2025_04_30_18_12_02_659.jpg,right_2025_04_30_18_12_02_659.jpg,0.1588
center_2025_04_30_18_12_02_705.jpg,left_2025_04_30_18_12_02_705.jpg,right_2025_04_30_18_12_02_705.jpg,0.1588
center_2025_04_30_18_12_02_756.jpg,left_2025_04_30_18_12_02_756.jpg,right_2025_04_30_18_12_02_756.jpg,0.154
center_2025_04_30_18_12_02_799.jpg,left_2025_04_30_18_12_02_799.jpg,right_2025_04_30_18_12_02_799.jpg,0.1449
center_2025_04_30_18_12_02_844.jpg,left_2025_04_30_18_12_02_844.jpg,right_2025_04_30_18_12_02_844.jpg,0.1339
center_2025_04_30_18_12_02_890.jpg,left_2025_04_30_18_12_02_890.jpg,right_2025_04_30_18_12_02_890.jpg,0.122
center_2025_04_30_18_12_02_938.jpg,left_2025_04_30_18_12_02_938.jpg,right_2025_04_30_18_12_02_938.jpg,0.1092
center_2025_04_30_18_12_02_989.jpg,left_2025_04_30_18_12_02_989.jpg,right_2025_04_30_18_12_02_989.jpg,0.1005
center_2025_04_30_18_12_03_032.jpg,left_2025_04_30_18_12_03_032.jpg,right_2025_04_30_18_12_03_032.jpg,0.0954
center_2025_04_30_18_12_03_081.jpg,left_2025_04_30_18_12_03_081.jpg,right_2025_04_30_18_12_03_081.jpg,0.092
center_2025_04_30_18_12_03_125.jpg,left_2025_04_30_18_12_03_125.jpg,right_2025_04_30_18_12_03_125.jpg,0.0891
center_2025_04_30_18_12_03_174.jpg,left_2025_04_30_18_12_03_174.jpg,right_2025_04_30_18_12_03_174.jpg,0.0874
center_2025_04_30_18_12_03_219.jpg,left_2025_04_30_18_12_03_219.jpg,right_2025_04_30_18_12_03_219.jpg,0.0863
center_2025_04_30_18_12_03_267.jpg,left_2025_04_30_18_12_03_267.jpg,right_2025_04_30_18_12_03_267.jpg,0.086
center_2025_04_30_18_12_03_312.jpg,left_2025_04_30_18_12_03_312.jpg,right_2025_04_30_18_12_03_312.jpg,0.086
center_2025_04_30_18_12_03_362.jpg,left_2025_04_30_18_12_03_362.jpg,right_2025_04_30_18_12_03_362.jpg,0.086
center_2025_04_30_18_12_03_407.jpg,left_2025_04_30_18_12_03_407.jpg,right_2025_04_30_18_12_03_407.jpg,0.086
center_2025_04_30_18_12_03_455.jpg,left_2025_04_30_18_12_03_455.jpg,right_2025_04_30_18_12_03_455.jpg,0.0863
center_2025_04_30_18_12_03_505.jpg,left_2025_04_30_18_12_03_505.jpg,right_2025_04_30_18_12_03_505.jpg,0.0863
center_2025_04_30_18_12_03_548.jpg,left_2025_04_30_18_12_03_548.jpg,right_2025_04_30_18_12_03_548.jpg,0.086
center_2025_04_30_18_12_03_596.jpg,left_2025_04_30_18_12_03_596.jpg,right_2025_04_30_18_12_03_596.jpg,0.086
center_2025_04_30_18_12_03_642.jpg,left_2025_04_30_18_12_03_642.jpg,right_2025_04_30_18_12_03_642.jpg,0.0857
center_2025_04_30_18_12_03_691.jpg,left_2025_04_30_18_12_03_691.jpg,right_2025_04_30_18_12_03_691.jpg,0.0857
center_2025_04_30_18_12_03_748.jpg,left_2025_04_30_18_12_03_748.jpg,right_2025_04_30_18_12_03_748.jpg,0.0857
center_2025_04_30_18_12_03_784.jpg,left_2025_04_30_18_12_03_784.jpg,right_2025_04_30_18_12_03_784.jpg,0.086
center_2025_04_30_18_12_03_834.jpg,left_2025_04_30_18_12_03_834.jpg,right_2025_04_30_18_12_03_834.jpg,0.086
center_2025_04_30_18_12_03_877.jpg,left_2025_04_30_18_12_03_877.jpg,right_2025_04_30_18_12_03_877.jpg,0.0863
center_2025_04_30_18_12_03_927.jpg,left_2025_04_30_18_12_03_927.jpg,right_2025_04_30_18_12_03_927.jpg,0.0863
center_2025_04_30_18_12_03_968.jpg,left_2025_04_30_18_12_03_968.jpg,right_2025_04_30_18_12_03_968.jpg,0.0857
center_2025_04_30_18_12_04_019.jpg,left_2025_04_30_18_12_04_019.jpg,right_2025_04_30_18_12_04_019.jpg,0.0835
center_2025_04_30_18_12_04_063.jpg,left_2025_04_30_18_12_04_063.jpg,right_2025_04_30_18_12_04_063.jpg,0.0801
center_2025_04_30_18_12_04_117.jpg,left_2025_04_30_18_12_04_117.jpg,right_2025_04_30_18_12_04_117.jpg,0.0753
center_2025_04_30_18_12_04_158.jpg,left_2025_04_30_18_12_04_158.jpg,right_2025_04_30_18_12_04_158.jpg,0.0699
center_2025_04_30_18_12_04_206.jpg,left_2025_04_30_18_12_04_206.jpg,right_2025_04_30_18_12_04_206.jpg,0.0645
center_2025_04_30_18_12_04_258.jpg,left_2025_04_30_18_12_04_258.jpg,right_2025_04_30_18_12_04_258.jpg,0.0603
center_2025_04_30_18_12_04_299.jpg,left_2025_04_30_18_12_04_299.jpg,right_2025_04_30_18_12_04_299.jpg,0.0563
center_2025_04_30_18_12_04_349.jpg,left_2025_04_30_18_12_04_349.jpg,right_2025_04_30_18_12_04_349.jpg,0.0439
center_2025_04_30_18_12_04_395.jpg,left_2025_04_30_18_12_04_395.jpg,right_2025_04_30_18_12_04_395.jpg,0.032
center_2025_04_30_18_12_04_442.jpg,left_2025_04_30_18_12_04_442.jpg,right_2025_04_30_18_12_04_442.jpg,0.0207
center_2025_04_30_18_12_04_488.jpg,left_2025_04_30_18_12_04_488.jpg,right_2025_04_30_18_12_04_488.jpg,0.0099
center_2025_04_30_18_12_04_537.jpg,left_2025_04_30_18_12_04_537.jpg,right_2025_04_30_18_12_04_537.jpg,0.0
center_2025_04_30_18_12_04_587.jpg,left_2025_04_30_18_12_04_587.jpg,right_2025_04_30_18_12_04_587.jpg,0.0
center_2025_04_30_18_12_04_630.jpg,left_2025_04_30_18_12_04_630.jpg,right_2025_04_30_18_12_04_630.jpg,0.0
center_2025_04_30_18_12_04_679.jpg,left_2025_04_30_18_12_04_679.jpg,right_2025_04_30_18_12_04_679.jpg,0.0
center_2025_04_30_18_12_04_741.jpg,left_2025_04_30_18_12_04_741.jpg,right_2025_04_30_18_12_04_741.jpg,0.0
center_2025_04_30_18_12_04_791.jpg,left_2025_04_30_18_12_04_791.jpg,right_2025_04_30_18_12_04_791.jpg,0.0
center_2025_04_30_18_12_04_817.jpg,left_2025_04_30_18_12_04_817.jpg,right_2025_04_30_18_12_04_817.jpg,0.0
center_2025_04_30_18_12_04_864.jpg,left_2025_04_30_18_12_04_864.jpg,right_2025_04_30_18_12_04_864.jpg,0.0
center_2025_04_30_18_12_04_910.jpg,left_2025_04_30_18_12_04_910.jpg,right_2025_04_30_18_12_04_910.jpg,0.0
center_2025_04_30_18_12_04_957.jpg,left_2025_04_30_18_12_04_957.jpg,right_2025_04_30_18_12_04_957.jpg,0.0
center_2025_04_30_18_12_05_003.jpg,left_2025_04_30_18_12_05_003.jpg,right_2025_04_30_18_12_05_003.jpg,0.0
center_2025_04_30_18_12_05_051.jpg,left_2025_04_30_18_12_05_051.jpg,right_2025_04_30_18_12_05_051.jpg,0.0
center_2025_04_30_18_12_05_107.jpg,left_2025_04_30_18_12_05_107.jpg,right_2025_04_30_18_12_05_107.jpg,0.0
center_2025_04_30_18_12_05_171.jpg,left_2025_04_30_18_12_05_171.jpg,right_2025_04_30_18_12_05_171.jpg,0.0
center_2025_04_30_18_12_05_195.jpg,left_2025_04_30_18_12_05_195.jpg,right_2025_04_30_18_12_05_195.jpg,0.0
center_2025_04_30_18_12_05_237.jpg,left_2025_04_30_18_12_05_237.jpg,right_2025_04_30_18_12_05_237.jpg,0.0
center_2025_04_30_18_12_05_287.jpg,left_2025_04_30_18_12_05_287.jpg,right_2025_04_30_18_12_05_287.jpg,0.0
center_2025_04_30_18_12_05_330.jpg,left_2025_04_30_18_12_05_330.jpg,right_2025_04_30_18_12_05_330.jpg,0.0
center_2025_04_30_18_12_05_380.jpg,left_2025_04_30_18_12_05_380.jpg,right_2025_04_30_18_12_05_380.jpg,0.0
center_2025_04_30_18_12_05_424.jpg,left_2025_04_30_18_12_05_424.jpg,right_2025_04_30_18_12_05_424.jpg,0.0
center_2025_04_30_18_12_05_476.jpg,left_2025_04_30_18_12_05_476.jpg,right_2025_04_30_18_12_05_476.jpg,0.0
center_2025_04_30_18_12_05_517.jpg,left_2025_04_30_18_12_05_517.jpg,right_2025_04_30_18_12_05_517.jpg,0.0
center_2025_04_30_18_12_05_565.jpg,left_2025_04_30_18_12_05_565.jpg,right_2025_04_30_18_12_05_565.jpg,0.0
center_2025_04_30_18_12_05_611.jpg,left_2025_04_30_18_12_05_611.jpg,right_2025_04_30_18_12_05_611.jpg,0.0
center_2025_04_30_18_12_05_658.jpg,left_2025_04_30_18_12_05_658.jpg,right_2025_04_30_18_12_05_658.jpg,0.0
center_2025_04_30_18_12_05_703.jpg,left_2025_04_30_18_12_05_703.jpg,right_2025_04_30_18_12_05_703.jpg,0.0
center_2025_04_30_18_12_05_751.jpg,left_2025_04_30_18_12_05_751.jpg,right_2025_04_30_18_12_05_751.jpg,0.0
center_2025_04_30_18_12_05_798.jpg,left_2025_04_30_18_12_05_798.jpg,right_2025_04_30_18_12_05_798.jpg,0.0
center_2025_04_30_18_12_05_845.jpg,left_2025_04_30_18_12_05_845.jpg,right_2025_04_30_18_12_05_845.jpg,0.0
center_2025_04_30_18_12_05_896.jpg,left_2025_04_30_18_12_05_896.jpg,right_2025_04_30_18_12_05_896.jpg,0.0
center_2025_04_30_18_12_05_939.jpg,left_2025_04_30_18_12_05_939.jpg,right_2025_04_30_18_12_05_939.jpg,0.0
center_2025_04_30_18_12_05_988.jpg,left_2025_04_30_18_12_05_988.jpg,right_2025_04_30_18_12_05_988.jpg,0.0
center_2025_04_30_18_12_06_031.jpg,left_2025_04_30_18_12_06_031.jpg,right_2025_04_30_18_12_06_031.jpg,0.0
center_2025_04_30_18_12_06_081.jpg,left_2025_04_30_18_12_06_081.jpg,right_2025_04_30_18_12_06_081.jpg,0.0
center_2025_04_30_18_12_06_125.jpg,left_2025_04_30_18_12_06_125.jpg,right_2025_04_30_18_12_06_125.jpg,0.0
center_2025_04_30_18_12_06_175.jpg,left_2025_04_30_18_12_06_175.jpg,right_2025_04_30_18_12_06_175.jpg,0.0
center_2025_04_30_18_12_06_216.jpg,left_2025_04_30_18_12_06_216.jpg,right_2025_04_30_18_12_06_216.jpg,0.0
center_2025_04_30_18_12_06_267.jpg,left_2025_04_30_18_12_06_267.jpg,right_2025_04_30_18_12_06_267.jpg,0.0
center_2025_04_30_18_12_06_310.jpg,left_2025_04_30_18_12_06_310.jpg,right_2025_04_30_18_12_06_310.jpg,0.0
center_2025_04_30_18_12_06_359.jpg,left_2025_04_30_18_12_06_359.jpg,right_2025_04_30_18_12_06_359.jpg,0.0
center_2025_04_30_18_12_06_426.jpg,left_2025_04_30_18_12_06_426.jpg,right_2025_04_30_18_12_06_426.jpg,0.0
center_2025_04_30_18_12_06_471.jpg,left_2025_04_30_18_12_06_471.jpg,right_2025_04_30_18_12_06_471.jpg,0.0
center_2025_04_30_18_12_06_534.jpg,left_2025_04_30_18_12_06_534.jpg,right_2025_04_30_18_12_06_534.jpg,0.0
center_2025_04_30_18_12_06_559.jpg,left_2025_04_30_18_12_06_559.jpg,right_2025_04_30_18_12_06_559.jpg,0.0
center_2025_04_30_18_12_06_607.jpg,left_2025_04_30_18_12_06_607.jpg,right_2025_04_30_18_12_06_607.jpg,0.0
center_2025_04_30_18_12_06_652.jpg,left_2025_04_30_18_12_06_652.jpg,right_2025_04_30_18_12_06_652.jpg,0.0
center_2025_04_30_18_12_06_699.jpg,left_2025_04_30_18_12_06_699.jpg,right_2025_04_30_18_12_06_699.jpg,0.0
center_2025_04_30_18_12_06_745.jpg,left_2025_04_30_18_12_06_745.jpg,right_2025_04_30_18_12_06_745.jpg,0.0
center_2025_04_30_18_12_06_792.jpg,left_2025_04_30_18_12_06_792.jpg,right_2025_04_30_18_12_06_792.jpg,0.0
center_2025_04_30_18_12_06_839.jpg,left_2025_04_30_18_12_06_839.jpg,right_2025_04_30_18_12_06_839.jpg,0.0
center_2025_04_30_18_12_06_900.jpg,left_2025_04_30_18_12_06_900.jpg,right_2025_04_30_18_12_06_900.jpg,0.0
center_2025_04_30_18_12_06_936.jpg,left_2025_04_30_18_12_06_936.jpg,right_2025_04_30_18_12_06_936.jpg,0.0
center_2025_04_30_18_12_06_981.jpg,left_2025_04_30_18_12_06_981.jpg,right_2025_04_30_18_12_06_981.jpg,0.0
center_2025_04_30_18_12_07_029.jpg,left_2025_04_30_18_12_07_029.jpg,right_2025_04_30_18_12_07_029.jpg,0.0
center_2025_04_30_18_12_07_075.jpg,left_2025_04_30_18_12_07_075.jpg,right_2025_04_30_18_12_07_075.jpg,0.0
center_2025_04_30_18_12_07_124.jpg,left_2025_04_30_18_12_07_124.jpg,right_2025_04_30_18_12_07_124.jpg,0.0
center_2025_04_30_18_12_07_173.jpg,left_2025_04_30_18_12_07_173.jpg,right_2025_04_30_18_12_07_173.jpg,0.0
center_2025_04_30_18_12_07_215.jpg,left_2025_04_30_18_12_07_215.jpg,right_2025_04_30_18_12_07_215.jpg,0.0
center_2025_04_30_18_12_07_266.jpg,left_2025_04_30_18_12_07_266.jpg,right_2025_04_30_18_12_07_266.jpg,0.0
center_2025_04_30_18_12_07_309.jpg,left_2025_04_30_18_12_07_309.jpg,right_2025_04_30_18_12_07_309.jpg,0.0
center_2025_04_30_18_12_07_359.jpg,left_2025_04_30_18_12_07_359.jpg,right_2025_04_30_18_12_07_359.jpg,0.0
center_2025_04_30_18_12_07_404.jpg,left_2025_04_30_18_12_07_404.jpg,right_2025_04_30_18_12_07_404.jpg,0.0
center_2025_04_30_18_12_07_452.jpg,left_2025_04_30_18_12_07_452.jpg,right_2025_04_30_18_12_07_452.jpg,0.0
center_2025_04_30_18_12_07_498.jpg,left_2025_04_30_18_12_07_498.jpg,right_2025_04_30_18_12_07_498.jpg,0.0
center_2025_04_30_18_12_07_544.jpg,left_2025_04_30_18_12_07_544.jpg,right_2025_04_30_18_12_07_544.jpg,0.0
center_2025_04_30_18_12_07_592.jpg,left_2025_04_30_18_12_07_592.jpg,right_2025_04_30_18_12_07_592.jpg,0.0
center_2025_04_30_18_12_07_637.jpg,left_2025_04_30_18_12_07_637.jpg,right_2025_04_30_18_12_07_637.jpg,0.0
center_2025_04_30_18_12_07_683.jpg,left_2025_04_30_18_12_07_683.jpg,right_2025_04_30_18_12_07_683.jpg,0.0
center_2025_04_30_18_12_07_730.jpg,left_2025_04_30_18_12_07_730.jpg,right_2025_04_30_18_12_07_730.jpg,0.0
center_2025_04_30_18_12_07_782.jpg,left_2025_04_30_18_12_07_782.jpg,right_2025_04_30_18_12_07_782.jpg,0.0
center_2025_04_30_18_12_07_825.jpg,left_2025_04_30_18_12_07_825.jpg,right_2025_04_30_18_12_07_825.jpg,0.0
center_2025_04_30_18_12_07_874.jpg,left_2025_04_30_18_12_07_874.jpg,right_2025_04_30_18_12_07_874.jpg,0.0
center_2025_04_30_18_12_07_919.jpg,left_2025_04_30_18_12_07_919.jpg,right_2025_04_30_18_12_07_919.jpg,0.0
center_2025_04_30_18_12_07_967.jpg,left_2025_04_30_18_12_07_967.jpg,right_2025_04_30_18_12_07_967.jpg,0.0
center_2025_04_30_18_12_08_013.jpg,left_2025_04_30_18_12_08_013.jpg,right_2025_04_30_18_12_08_013.jpg,0.0
center_2025_04_30_18_12_08_062.jpg,left_2025_04_30_18_12_08_062.jpg,right_2025_04_30_18_12_08_062.jpg,0.0
center_2025_04_30_18_12_08_112.jpg,left_2025_04_30_18_12_08_112.jpg,right_2025_04_30_18_12_08_112.jpg,0.0
center_2025_04_30_18_12_08_156.jpg,left_2025_04_30_18_12_08_156.jpg,right_2025_04_30_18_12_08_156.jpg,0.0
center_2025_04_30_18_12_08_204.jpg,left_2025_04_30_18_12_08_204.jpg,right_2025_04_30_18_12_08_204.jpg,0.0
center_2025_04_30_18_12_08_259.jpg,left_2025_04_30_18_12_08_259.jpg,right_2025_04_30_18_12_08_259.jpg,0.0
center_2025_04_30_18_12_08_297.jpg,left_2025_04_30_18_12_08_297.jpg,right_2025_04_30_18_12_08_297.jpg,0.0
center_2025_04_30_18_12_08_342.jpg,left_2025_04_30_18_12_08_342.jpg,right_2025_04_30_18_12_08_342.jpg,0.0
center_2025_04_30_18_12_08_390.jpg,left_2025_04_30_18_12_08_390.jpg,right_2025_04_30_18_12_08_390.jpg,0.0
center_2025_04_30_18_12_08_435.jpg,left_2025_04_30_18_12_08_435.jpg,right_2025_04_30_18_12_08_435.jpg,0.0
center_2025_04_30_18_12_08_482.jpg,left_2025_04_30_18_12_08_482.jpg,right_2025_04_30_18_12_08_482.jpg,0.0
center_2025_04_30_18_12_08_529.jpg,left_2025_04_30_18_12_08_529.jpg,right_2025_04_30_18_12_08_529.jpg,0.0
center_2025_04_30_18_12_08_581.jpg,left_2025_04_30_18_12_08_581.jpg,right_2025_04_30_18_12_08_581.jpg,0.0088
center_2025_04_30_18_12_08_621.jpg,left_2025_04_30_18_12_08_621.jpg,right_2025_04_30_18_12_08_621.jpg,0.0184
center_2025_04_30_18_12_08_668.jpg,left_2025_04_30_18_12_08_668.jpg,right_2025_04_30_18_12_08_668.jpg,0.0297
center_2025_04_30_18_12_08_714.jpg,left_2025_04_30_18_12_08_714.jpg,right_2025_04_30_18_12_08_714.jpg,0.0439
center_2025_04_30_18_12_08_762.jpg,left_2025_04_30_18_12_08_762.jpg,right_2025_04_30_18_12_08_762.jpg,0.0628
center_2025_04_30_18_12_08_825.jpg,left_2025_04_30_18_12_08_825.jpg,right_2025_04_30_18_12_08_825.jpg,0.0773
center_2025_04_30_18_12_08_887.jpg,left_2025_04_30_18_12_08_887.jpg,right_2025_04_30_18_12_08_887.jpg,0.0976
center_2025_04_30_18_12_08_916.jpg,left_2025_04_30_18_12_08_916.jpg,right_2025_04_30_18_12_08_916.jpg,0.1217
center_2025_04_30_18_12_08_961.jpg,left_2025_04_30_18_12_08_961.jpg,right_2025_04_30_18_12_08_961.jpg,0.1443
center_2025_04_30_18_12_09_008.jpg,left_2025_04_30_18_12_09_008.jpg,right_2025_04_30_18_12_09_008.jpg,0.1627
center_2025_04_30_18_12_09_053.jpg,left_2025_04_30_18_12_09_053.jpg,right_2025_04_30_18_12_09_053.jpg,0.1772
center_2025_04_30_18_12_09_101.jpg,left_2025_04_30_18_12_09_101.jpg,right_2025_04_30_18_12_09_101.jpg,0.1848
center_2025_04_30_18_12_09_147.jpg,left_2025_04_30_18_12_09_147.jpg,right_2025_04_30_18_12_09_147.jpg,0.1871
center_2025_04_30_18_12_09_196.jpg,left_2025_04_30_18_12_09_196.jpg,right_2025_04_30_18_12_09_196.jpg,0.1882
center_2025_04_30_18_12_09_253.jpg,left_2025_04_30_18_12_09_253.jpg,right_2025_04_30_18_12_09_253.jpg,0.1888
center_2025_04_30_18_12_09_288.jpg,left_2025_04_30_18_12_09_288.jpg,right_2025_04_30_18_12_09_288.jpg,0.189
center_2025_04_30_18_12_09_334.jpg,left_2025_04_30_18_12_09_334.jpg,right_2025_04_30_18_12_09_334.jpg,0.1893
center_2025_04_30_18_12_09_381.jpg,left_2025_04_30_18_12_09_381.jpg,right_2025_04_30_18_12_09_381.jpg,0.1896
center_2025_04_30_18_12_09_431.jpg,left_2025_04_30_18_12_09_431.jpg,right_2025_04_30_18_12_09_431.jpg,0.1896
center_2025_04_30_18_12_09_472.jpg,left_2025_04_30_18_12_09_472.jpg,right_2025_04_30_18_12_09_472.jpg,0.1899
center_2025_04_30_18_12_09_524.jpg,left_2025_04_30_18_12_09_524.jpg,right_2025_04_30_18_12_09_524.jpg,0.1899
center_2025_04_30_18_12_09_564.jpg,left_2025_04_30_18_12_09_564.jpg,right_2025_04_30_18_12_09_564.jpg,0.1899
center_2025_04_30_18_12_09_620.jpg,left_2025_04_30_18_12_09_620.jpg,right_2025_04_30_18_12_09_620.jpg,0.1899
center_2025_04_30_18_12_09_659.jpg,left_2025_04_30_18_12_09_659.jpg,right_2025_04_30_18_12_09_659.jpg,0.1899
center_2025_04_30_18_12_09_709.jpg,left_2025_04_30_18_12_09_709.jpg,right_2025_04_30_18_12_09_709.jpg,0.1896
center_2025_04_30_18_12_09_754.jpg,left_2025_04_30_18_12_09_754.jpg,right_2025_04_30_18_12_09_754.jpg,0.1896
center_2025_04_30_18_12_09_802.jpg,left_2025_04_30_18_12_09_802.jpg,right_2025_04_30_18_12_09_802.jpg,0.1899
center_2025_04_30_18_12_09_853.jpg,left_2025_04_30_18_12_09_853.jpg,right_2025_04_30_18_12_09_853.jpg,0.1899
center_2025_04_30_18_12_09_897.jpg,left_2025_04_30_18_12_09_897.jpg,right_2025_04_30_18_12_09_897.jpg,0.1899
center_2025_04_30_18_12_09_946.jpg,left_2025_04_30_18_12_09_946.jpg,right_2025_04_30_18_12_09_946.jpg,0.1899
center_2025_04_30_18_12_09_991.jpg,left_2025_04_30_18_12_09_991.jpg,right_2025_04_30_18_12_09_991.jpg,0.1899
center_2025_04_30_18_12_10_039.jpg,left_2025_04_30_18_12_10_039.jpg,right_2025_04_30_18_12_10_039.jpg,0.1896
center_2025_04_30_18_12_10_084.jpg,left_2025_04_30_18_12_10_084.jpg,right_2025_04_30_18_12_10_084.jpg,0.1896
center_2025_04_30_18_12_10_132.jpg,left_2025_04_30_18_12_10_132.jpg,right_2025_04_30_18_12_10_132.jpg,0.1896
center_2025_04_30_18_12_10_176.jpg,left_2025_04_30_18_12_10_176.jpg,right_2025_04_30_18_12_10_176.jpg,0.1899
center_2025_04_30_18_12_10_226.jpg,left_2025_04_30_18_12_10_226.jpg,right_2025_04_30_18_12_10_226.jpg,0.1902
center_2025_04_30_18_12_10_271.jpg,left_2025_04_30_18_12_10_271.jpg,right_2025_04_30_18_12_10_271.jpg,0.1902
center_2025_04_30_18_12_10_318.jpg,left_2025_04_30_18_12_10_318.jpg,right_2025_04_30_18_12_10_318.jpg,0.1902
center_2025_04_30_18_12_10_368.jpg,left_2025_04_30_18_12_10_368.jpg,right_2025_04_30_18_12_10_368.jpg,0.1902
center_2025_04_30_18_12_10_412.jpg,left_2025_04_30_18_12_10_412.jpg,right_2025_04_30_18_12_10_412.jpg,0.1899
center_2025_04_30_18_12_10_462.jpg,left_2025_04_30_18_12_10_462.jpg,right_2025_04_30_18_12_10_462.jpg,0.1896
center_2025_04_30_18_12_10_506.jpg,left_2025_04_30_18_12_10_506.jpg,right_2025_04_30_18_12_10_506.jpg,0.1896
center_2025_04_30_18_12_10_554.jpg,left_2025_04_30_18_12_10_554.jpg,right_2025_04_30_18_12_10_554.jpg,0.1896
center_2025_04_30_18_12_10_602.jpg,left_2025_04_30_18_12_10_602.jpg,right_2025_04_30_18_12_10_602.jpg,0.1896
center_2025_04_30_18_12_10_647.jpg,left_2025_04_30_18_12_10_647.jpg,right_2025_04_30_18_12_10_647.jpg,0.1896
center_2025_04_30_18_12_10_699.jpg,left_2025_04_30_18_12_10_699.jpg,right_2025_04_30_18_12_10_699.jpg,0.1896
center_2025_04_30_18_12_10_742.jpg,left_2025_04_30_18_12_10_742.jpg,right_2025_04_30_18_12_10_742.jpg,0.1896
center_2025_04_30_18_12_10_792.jpg,left_2025_04_30_18_12_10_792.jpg,right_2025_04_30_18_12_10_792.jpg,0.1896
center_2025_04_30_18_12_10_837.jpg,left_2025_04_30_18_12_10_837.jpg,right_2025_04_30_18_12_10_837.jpg,0.1896
center_2025_04_30_18_12_10_886.jpg,left_2025_04_30_18_12_10_886.jpg,right_2025_04_30_18_12_10_886.jpg,0.1896
center_2025_04_30_18_12_10_931.jpg,left_2025_04_30_18_12_10_931.jpg,right_2025_04_30_18_12_10_931.jpg,0.1896
center_2025_04_30_18_12_10_977.jpg,left_2025_04_30_18_12_10_977.jpg,right_2025_04_30_18_12_10_977.jpg,0.1896
center_2025_04_30_18_12_11_023.jpg,left_2025_04_30_18_12_11_023.jpg,right_2025_04_30_18_12_11_023.jpg,0.1896
center_2025_04_30_18_12_11_070.jpg,left_2025_04_30_18_12_11_070.jpg,right_2025_04_30_18_12_11_070.jpg,0.1896
center_2025_04_30_18_12_11_116.jpg,left_2025_04_30_18_12_11_116.jpg,right_2025_04_30_18_12_11_116.jpg,0.1896
center_2025_04_30_18_12_11_164.jpg,left_2025_04_30_18_12_11_164.jpg,right_2025_04_30_18_12_11_164.jpg,0.1896
center_2025_04_30_18_12_11_224.jpg,left_2025_04_30_18_12_11_224.jpg,right_2025_04_30_18_12_11_224.jpg,0.1896
center_2025_04_30_18_12_11_259.jpg,left_2025_04_30_18_12_11_259.jpg,right_2025_04_30_18_12_11_259.jpg,0.1899
center_2025_04_30_18_12_11_307.jpg,left_2025_04_30_18_12_11_307.jpg,right_2025_04_30_18_12_11_307.jpg,0.1902
center_2025_04_30_18_12_11_353.jpg,left_2025_04_30_18_12_11_353.jpg,right_2025_04_30_18_12_11_353.jpg,0.1902
center_2025_04_30_18_12_11_400.jpg,left_2025_04_30_18_12_11_400.jpg,right_2025_04_30_18_12_11_400.jpg,0.1902
center_2025_04_30_18_12_11_444.jpg,left_2025_04_30_18_12_11_444.jpg,right_2025_04_30_18_12_11_444.jpg,0.1902
center_2025_04_30_18_12_11_494.jpg,left_2025_04_30_18_12_11_494.jpg,right_2025_04_30_18_12_11_494.jpg,0.1899
center_2025_04_30_18_12_11_537.jpg,left_2025_04_30_18_12_11_537.jpg,right_2025_04_30_18_12_11_537.jpg,0.1896
center_2025_04_30_18_12_11_586.jpg,left_2025_04_30_18_12_11_586.jpg,right_2025_04_30_18_12_11_586.jpg,0.1896
center_2025_04_30_18_12_11_633.jpg,left_2025_04_30_18_12_11_633.jpg,right_2025_04_30_18_12_11_633.jpg,0.1896
center_2025_04_30_18_12_11_678.jpg,left_2025_04_30_18_12_11_678.jpg,right_2025_04_30_18_12_11_678.jpg,0.1896
center_2025_04_30_18_12_11_730.jpg,left_2025_04_30_18_12_11_730.jpg,right_2025_04_30_18_12_11_730.jpg,0.1896
center_2025_04_30_18_12_11_772.jpg,left_2025_04_30_18_12_11_772.jpg,right_2025_04_30_18_12_11_772.jpg,0.1896
center_2025_04_30_18_12_11_817.jpg,left_2025_04_30_18_12_11_817.jpg,right_2025_04_30_18_12_11_817.jpg,0.1896
center_2025_04_30_18_12_11_863.jpg,left_2025_04_30_18_12_11_863.jpg,right_2025_04_30_18_12_11_863.jpg,0.1896
center_2025_04_30_18_12_11_910.jpg,left_2025_04_30_18_12_11_910.jpg,right_2025_04_30_18_12_11_910.jpg,0.1896
center_2025_04_30_18_12_11_957.jpg,left_2025_04_30_18_12_11_957.jpg,right_2025_04_30_18_12_11_957.jpg,0.1896
center_2025_04_30_18_12_12_008.jpg,left_2025_04_30_18_12_12_008.jpg,right_2025_04_30_18_12_12_008.jpg,0.1882
center_2025_04_30_18_12_12_052.jpg,left_2025_04_30_18_12_12_052.jpg,right_2025_04_30_18_12_12_052.jpg,0.1834
center_2025_04_30_18_12_12_102.jpg,left_2025_04_30_18_12_12_102.jpg,right_2025_04_30_18_12_12_102.jpg,0.1723
center_2025_04_30_18_12_12_147.jpg,left_2025_04_30_18_12_12_147.jpg,right_2025_04_30_18_12_12_147.jpg,0.1542
center_2025_04_30_18_12_12_194.jpg,left_2025_04_30_18_12_12_194.jpg,right_2025_04_30_18_12_12_194.jpg,0.1285
center_2025_04_30_18_12_12_245.jpg,left_2025_04_30_18_12_12_245.jpg,right_2025_04_30_18_12_12_245.jpg,0.092
center_2025_04_30_18_12_12_289.jpg,left_2025_04_30_18_12_12_289.jpg,right_2025_04_30_18_12_12_289.jpg,0.0589
center_2025_04_30_18_12_12_338.jpg,left_2025_04_30_18_12_12_338.jpg,right_2025_04_30_18_12_12_338.jpg,0.032
center_2025_04_30_18_12_12_382.jpg,left_2025_04_30_18_12_12_382.jpg,right_2025_04_30_18_12_12_382.jpg,0.0122
center_2025_04_30_18_12_12_431.jpg,left_2025_04_30_18_12_12_431.jpg,right_2025_04_30_18_12_12_431.jpg,0.0
center_2025_04_30_18_12_12_478.jpg,left_2025_04_30_18_12_12_478.jpg,right_2025_04_30_18_12_12_478.jpg,0.0
center_2025_04_30_18_12_12_524.jpg,left_2025_04_30_18_12_12_524.jpg,right_2025_04_30_18_12_12_524.jpg,0.0
center_2025_04_30_18_12_12_569.jpg,left_2025_04_30_18_12_12_569.jpg,right_2025_04_30_18_12_12_569.jpg,0.0
center_2025_04_30_18_12_12_617.jpg,left_2025_04_30_18_12_12_617.jpg,right_2025_04_30_18_12_12_617.jpg,0.0
center_2025_04_30_18_12_12_662.jpg,left_2025_04_30_18_12_12_662.jpg,right_2025_04_30_18_12_12_662.jpg,0.0
center_2025_04_30_18_12_12_708.jpg,left_2025_04_30_18_12_12_708.jpg,right_2025_04_30_18_12_12_708.jpg,0.0
center_2025_04_30_18_12_12_755.jpg,left_2025_04_30_18_12_12_755.jpg,right_2025_04_30_18_12_12_755.jpg,0.0
center_2025_04_30_18_12_12_803.jpg,left_2025_04_30_18_12_12_803.jpg,right_2025_04_30_18_12_12_803.jpg,0.0
center_2025_04_30_18_12_12_853.jpg,left_2025_04_30_18_12_12_853.jpg,right_2025_04_30_18_12_12_853.jpg,0.0
center_2025_04_30_18_12_12_899.jpg,left_2025_04_30_18_12_12_899.jpg,right_2025_04_30_18_12_12_899.jpg,0.0
center_2025_04_30_18_12_12_945.jpg,left_2025_04_30_18_12_12_945.jpg,right_2025_04_30_18_12_12_945.jpg,0.0
center_2025_04_30_18_12_12_992.jpg,left_2025_04_30_18_12_12_992.jpg,right_2025_04_30_18_12_12_992.jpg,0.0
center_2025_04_30_18_12_13_040.jpg,left_2025_04_30_18_12_13_040.jpg,right_2025_04_30_18_12_13_040.jpg,0.0
center_2025_04_30_18_12_13_090.jpg,left_2025_04_30_18_12_13_090.jpg,right_2025_04_30_18_12_13_090.jpg,0.0
center_2025_04_30_18_12_13_134.jpg,left_2025_04_30_18_12_13_134.jpg,right_2025_04_30_18_12_13_134.jpg,0.0
center_2025_04_30_18_12_13_183.jpg,left_2025_04_30_18_12_13_183.jpg,right_2025_04_30_18_12_13_183.jpg,0.0
center_2025_04_30_18_12_13_229.jpg,left_2025_04_30_18_12_13_229.jpg,right_2025_04_30_18_12_13_229.jpg,0.0
center_2025_04_30_18_12_13_275.jpg,left_2025_04_30_18_12_13_275.jpg,right_2025_04_30_18_12_13_275.jpg,0.0
center_2025_04_30_18_12_13_323.jpg,left_2025_04_30_18_12_13_323.jpg,right_2025_04_30_18_12_13_323.jpg,0.0
center_2025_04_30_18_12_13_370.jpg,left_2025_04_30_18_12_13_370.jpg,right_2025_04_30_18_12_13_370.jpg,0.0
center_2025_04_30_18_12_13_420.jpg,left_2025_04_30_18_12_13_420.jpg,right_2025_04_30_18_12_13_420.jpg,0.0
center_2025_04_30_18_12_13_462.jpg,left_2025_04_30_18_12_13_462.jpg,right_2025_04_30_18_12_13_462.jpg,0.0
center_2025_04_30_18_12_13_513.jpg,left_2025_04_30_18_12_13_513.jpg,right_2025_04_30_18_12_13_513.jpg,0.0
center_2025_04_30_18_12_13_557.jpg,left_2025_04_30_18_12_13_557.jpg,right_2025_04_30_18_12_13_557.jpg,0.0
center_2025_04_30_18_12_13_605.jpg,left_2025_04_30_18_12_13_605.jpg,right_2025_04_30_18_12_13_605.jpg,0.0
center_2025_04_30_18_12_13_652.jpg,left_2025_04_30_18_12_13_652.jpg,right_2025_04_30_18_12_13_652.jpg,0.0
center_2025_04_30_18_12_13_699.jpg,left_2025_04_30_18_12_13_699.jpg,right_2025_04_30_18_12_13_699.jpg,0.0
center_2025_04_30_18_12_13_750.jpg,left_2025_04_30_18_12_13_750.jpg,right_2025_04_30_18_12_13_750.jpg,0.0
center_2025_04_30_18_12_13_795.jpg,left_2025_04_30_18_12_13_795.jpg,right_2025_04_30_18_12_13_795.jpg,0.0
center_2025_04_30_18_12_13_844.jpg,left_2025_04_30_18_12_13_844.jpg,right_2025_04_30_18_12_13_844.jpg,0.0
center_2025_04_30_18_12_13_889.jpg,left_2025_04_30_18_12_13_889.jpg,right_2025_04_30_18_12_13_889.jpg,0.0
center_2025_04_30_18_12_13_937.jpg,left_2025_04_30_18_12_13_937.jpg,right_2025_04_30_18_12_13_937.jpg,0.0
center_2025_04_30_18_12_13_982.jpg,left_2025_04_30_18_12_13_982.jpg,right_2025_04_30_18_12_13_982.jpg,0.0
center_2025_04_30_18_12_14_029.jpg,left_2025_04_30_18_12_14_029.jpg,right_2025_04_30_18_12_14_029.jpg,0.0
center_2025_04_30_18_12_14_079.jpg,left_2025_04_30_18_12_14_079.jpg,right_2025_04_30_18_12_14_079.jpg,0.0
center_2025_04_30_18_12_14_122.jpg,left_2025_04_30_18_12_14_122.jpg,right_2025_04_30_18_12_14_122.jpg,0.0
center_2025_04_30_18_12_14_173.jpg,left_2025_04_30_18_12_14_173.jpg,right_2025_04_30_18_12_14_173.jpg,0.0
center_2025_04_30_18_12_14_216.jpg,left_2025_04_30_18_12_14_216.jpg,right_2025_04_30_18_12_14_216.jpg,0.0
center_2025_04_30_18_12_14_266.jpg,left_2025_04_30_18_12_14_266.jpg,right_2025_04_30_18_12_14_266.jpg,0.0
center_2025_04_30_18_12_14_312.jpg,left_2025_04_30_18_12_14_312.jpg,right_2025_04_30_18_12_14_312.jpg,0.0
center_2025_04_30_18_12_14_358.jpg,left_2025_04_30_18_12_14_358.jpg,right_2025_04_30_18_12_14_358.jpg,0.0
center_2025_04_30_18_12_14_402.jpg,left_2025_04_30_18_12_14_402.jpg,right_2025_04_30_18_12_14_402.jpg,0.0
center_2025_04_30_18_12_14_451.jpg,left_2025_04_30_18_12_14_451.jpg,right_2025_04_30_18_12_14_451.jpg,0.0
center_2025_04_30_18_12_14_496.jpg,left_2025_04_30_18_12_14_496.jpg,right_2025_04_30_18_12_14_496.jpg,0.0
center_2025_04_30_18_12_14_543.jpg,left_2025_04_30_18_12_14_543.jpg,right_2025_04_30_18_12_14_543.jpg,0.0
center_2025_04_30_18_12_14_591.jpg,left_2025_04_30_18_12_14_591.jpg,right_2025_04_30_18_12_14_591.jpg,0.0
center_2025_04_30_18_12_14_637.jpg,left_2025_04_30_18_12_14_637.jpg,right_2025_04_30_18_12_14_637.jpg,0.0
center_2025_04_30_18_12_14_688.jpg,left_2025_04_30_18_12_14_688.jpg,right_2025_04_30_18_12_14_688.jpg,0.0
center_2025_04_30_18_12_14_731.jpg,left_2025_04_30_18_12_14_731.jpg,right_2025_04_30_18_12_14_731.jpg,0.0
center_2025_04_30_18_12_14_781.jpg,left_2025_04_30_18_12_14_781.jpg,right_2025_04_30_18_12_14_781.jpg,0.0
center_2025_04_30_18_12_14_824.jpg,left_2025_04_30_18_12_14_824.jpg,right_2025_04_30_18_12_14_824.jpg,0.0
center_2025_04_30_18_12_14_874.jpg,left_2025_04_30_18_12_14_874.jpg,right_2025_04_30_18_12_14_874.jpg,0.0
center_2025_04_30_18_12_14_917.jpg,left_2025_04_30_18_12_14_917.jpg,right_2025_04_30_18_12_14_917.jpg,0.0
center_2025_04_30_18_12_14_967.jpg,left_2025_04_30_18_12_14_967.jpg,right_2025_04_30_18_12_14_967.jpg,0.0
center_2025_04_30_18_12_15_013.jpg,left_2025_04_30_18_12_15_013.jpg,right_2025_04_30_18_12_15_013.jpg,0.0
center_2025_04_30_18_12_15_059.jpg,left_2025_04_30_18_12_15_059.jpg,right_2025_04_30_18_12_15_059.jpg,0.0
center_2025_04_30_18_12_15_105.jpg,left_2025_04_30_18_12_15_105.jpg,right_2025_04_30_18_12_15_105.jpg,0.0
center_2025_04_30_18_12_15_152.jpg,left_2025_04_30_18_12_15_152.jpg,right_2025_04_30_18_12_15_152.jpg,0.0
center_2025_04_30_18_12_15_203.jpg,left_2025_04_30_18_12_15_203.jpg,right_2025_04_30_18_12_15_203.jpg,0.0
center_2025_04_30_18_12_15_248.jpg,left_2025_04_30_18_12_15_248.jpg,right_2025_04_30_18_12_15_248.jpg,0.0
center_2025_04_30_18_12_15_297.jpg,left_2025_04_30_18_12_15_297.jpg,right_2025_04_30_18_12_15_297.jpg,0.0
center_2025_04_30_18_12_15_340.jpg,left_2025_04_30_18_12_15_340.jpg,right_2025_04_30_18_12_15_340.jpg,0.0
center_2025_04_30_18_12_15_388.jpg,left_2025_04_30_18_12_15_388.jpg,right_2025_04_30_18_12_15_388.jpg,0.0096
center_2025_04_30_18_12_15_432.jpg,left_2025_04_30_18_12_15_432.jpg,right_2025_04_30_18_12_15_432.jpg,0.0198
center_2025_04_30_18_12_15_482.jpg,left_2025_04_30_18_12_15_482.jpg,right_2025_04_30_18_12_15_482.jpg,0.0303
center_2025_04_30_18_12_15_527.jpg,left_2025_04_30_18_12_15_527.jpg,right_2025_04_30_18_12_15_527.jpg,0.0408
center_2025_04_30_18_12_15_575.jpg,left_2025_04_30_18_12_15_575.jpg,right_2025_04_30_18_12_15_575.jpg,0.0515
center_2025_04_30_18_12_15_619.jpg,left_2025_04_30_18_12_15_619.jpg,right_2025_04_30_18_12_15_619.jpg,0.0524
center_2025_04_30_18_12_15_667.jpg,left_2025_04_30_18_12_15_667.jpg,right_2025_04_30_18_12_15_667.jpg,0.0527
center_2025_04_30_18_12_15_712.jpg,left_2025_04_30_18_12_15_712.jpg,right_2025_04_30_18_12_15_712.jpg,0.053
center_2025_04_30_18_12_15_760.jpg,left_2025_04_30_18_12_15_760.jpg,right_2025_04_30_18_12_15_760.jpg,0.053
center_2025_04_30_18_12_15_812.jpg,left_2025_04_30_18_12_15_812.jpg,right_2025_04_30_18_12_15_812.jpg,0.0527
center_2025_04_30_18_12_15_854.jpg,left_2025_04_30_18_12_15_854.jpg,right_2025_04_30_18_12_15_854.jpg,0.0527
center_2025_04_30_18_12_15_905.jpg,left_2025_04_30_18_12_15_905.jpg,right_2025_04_30_18_12_15_905.jpg,0.0527
center_2025_04_30_18_12_15_950.jpg,left_2025_04_30_18_12_15_950.jpg,right_2025_04_30_18_12_15_950.jpg,0.0524
center_2025_04_30_18_12_15_997.jpg,left_2025_04_30_18_12_15_997.jpg,right_2025_04_30_18_12_15_997.jpg,0.0527
center_2025_04_30_18_12_16_049.jpg,left_2025_04_30_18_12_16_049.jpg,right_2025_04_30_18_12_16_049.jpg,0.0527
center_2025_04_30_18_12_16_093.jpg,left_2025_04_30_18_12_16_093.jpg,right_2025_04_30_18_12_16_093.jpg,0.0527
center_2025_04_30_18_12_16_141.jpg,left_2025_04_30_18_12_16_141.jpg,right_2025_04_30_18_12_16_141.jpg,0.053
center_2025_04_30_18_12_16_187.jpg,left_2025_04_30_18_12_16_187.jpg,right_2025_04_30_18_12_16_187.jpg,0.053
center_2025_04_30_18_12_16_235.jpg,left_2025_04_30_18_12_16_235.jpg,right_2025_04_30_18_12_16_235.jpg,0.0527
center_2025_04_30_18_12_16_279.jpg,left_2025_04_30_18_12_16_279.jpg,right_2025_04_30_18_12_16_279.jpg,0.0527
center_2025_04_30_18_12_16_327.jpg,left_2025_04_30_18_12_16_327.jpg,right_2025_04_30_18_12_16_327.jpg,0.0527
center_2025_04_30_18_12_16_379.jpg,left_2025_04_30_18_12_16_379.jpg,right_2025_04_30_18_12_16_379.jpg,0.0524
center_2025_04_30_18_12_16_421.jpg,left_2025_04_30_18_12_16_421.jpg,right_2025_04_30_18_12_16_421.jpg,0.0524
center_2025_04_30_18_12_16_471.jpg,left_2025_04_30_18_12_16_471.jpg,right_2025_04_30_18_12_16_471.jpg,0.0524
center_2025_04_30_18_12_16_515.jpg,left_2025_04_30_18_12_16_515.jpg,right_2025_04_30_18_12_16_515.jpg,0.0524
center_2025_04_30_18_12_16_564.jpg,left_2025_04_30_18_12_16_564.jpg,right_2025_04_30_18_12_16_564.jpg,0.0524
center_2025_04_30_18_12_16_609.jpg,left_2025_04_30_18_12_16_609.jpg,right_2025_04_30_18_12_16_609.jpg,0.0527
center_2025_04_30_18_12_16_656.jpg,left_2025_04_30_18_12_16_656.jpg,right_2025_04_30_18_12_16_656.jpg,0.0549
center_2025_04_30_18_12_16_701.jpg,left_2025_04_30_18_12_16_701.jpg,right_2025_04_30_18_12_16_701.jpg,0.0586
center_2025_04_30_18_12_16_751.jpg,left_2025_04_30_18_12_16_751.jpg,right_2025_04_30_18_12_16_751.jpg,0.0629
center_2025_04_30_18_12_16_794.jpg,left_2025_04_30_18_12_16_794.jpg,right_2025_04_30_18_12_16_794.jpg,0.0677
center_2025_04_30_18_12_16_842.jpg,left_2025_04_30_18_12_16_842.jpg,right_2025_04_30_18_12_16_842.jpg,0.073
center_2025_04_30_18_12_16_887.jpg,left_2025_04_30_18_12_16_887.jpg,right_2025_04_30_18_12_16_887.jpg,0.0784
center_2025_04_30_18_12_16_935.jpg,left_2025_04_30_18_12_16_935.jpg,right_2025_04_30_18_12_16_935.jpg,0.0849
center_2025_04_30_18_12_16_979.jpg,left_2025_04_30_18_12_16_979.jpg,right_2025_04_30_18_12_16_979.jpg,0.0928
center_2025_04_30_18_12_17_028.jpg,left_2025_04_30_18_12_17_028.jpg,right_2025_04_30_18_12_17_028.jpg,0.1016
center_2025_04_30_18_12_17_070.jpg,left_2025_04_30_18_12_17_070.jpg,right_2025_04_30_18_12_17_070.jpg,0.111
center_2025_04_30_18_12_17_121.jpg,left_2025_04_30_18_12_17_121.jpg,right_2025_04_30_18_12_17_121.jpg,0.1209
center_2025_04_30_18_12_17_165.jpg,left_2025_04_30_18_12_17_165.jpg,right_2025_04_30_18_12_17_165.jpg,0.1294
center_2025_04_30_18_12_17_214.jpg,left_2025_04_30_18_12_17_214.jpg,right_2025_04_30_18_12_17_214.jpg,0.1362
center_2025_04_30_18_12_17_259.jpg,left_2025_04_30_18_12_17_259.jpg,right_2025_04_30_18_12_17_259.jpg,0.1418
center_2025_04_30_18_12_17_306.jpg,left_2025_04_30_18_12_17_306.jpg,right_2025_04_30_18_12_17_306.jpg,0.1466
center_2025_04_30_18_12_17_351.jpg,left_2025_04_30_18_12_17_351.jpg,right_2025_04_30_18_12_17_351.jpg,0.1483
center_2025_04_30_18_12_17_399.jpg,left_2025_04_30_18_12_17_399.jpg,right_2025_04_30_18_12_17_399.jpg,0.1489
center_2025_04_30_18_12_17_443.jpg,left_2025_04_30_18_12_17_443.jpg,right_2025_04_30_18_12_17_443.jpg,0.1494
center_2025_04_30_18_12_17_491.jpg,left_2025_04_30_18_12_17_491.jpg,right_2025_04_30_18_12_17_491.jpg,0.1494
center_2025_04_30_18_12_17_538.jpg,left_2025_04_30_18_12_17_538.jpg,right_2025_04_30_18_12_17_538.jpg,0.1492
center_2025_04_30_18_12_17_585.jpg,left_2025_04_30_18_12_17_585.jpg,right_2025_04_30_18_12_17_585.jpg,0.1494
center_2025_04_30_18_12_17_632.jpg,left_2025_04_30_18_12_17_632.jpg,right_2025_04_30_18_12_17_632.jpg,0.1497
center_2025_04_30_18_12_17_679.jpg,left_2025_04_30_18_12_17_679.jpg,right_2025_04_30_18_12_17_679.jpg,0.1494
center_2025_04_30_18_12_17_729.jpg,left_2025_04_30_18_12_17_729.jpg,right_2025_04_30_18_12_17_729.jpg,0.1497
center_2025_04_30_18_12_17_774.jpg,left_2025_04_30_18_12_17_774.jpg,right_2025_04_30_18_12_17_774.jpg,0.1497
center_2025_04_30_18_12_17_823.jpg,left_2025_04_30_18_12_17_823.jpg,right_2025_04_30_18_12_17_823.jpg,0.1497
center_2025_04_30_18_12_17_867.jpg,left_2025_04_30_18_12_17_867.jpg,right_2025_04_30_18_12_17_867.jpg,0.1497
center_2025_04_30_18_12_17_925.jpg,left_2025_04_30_18_12_17_925.jpg,right_2025_04_30_18_12_17_925.jpg,0.15
center_2025_04_30_18_12_17_960.jpg,left_2025_04_30_18_12_17_960.jpg,right_2025_04_30_18_12_17_960.jpg,0.1497
center_2025_04_30_18_12_18_007.jpg,left_2025_04_30_18_12_18_007.jpg,right_2025_04_30_18_12_18_007.jpg,0.1497
center_2025_04_30_18_12_18_052.jpg,left_2025_04_30_18_12_18_052.jpg,right_2025_04_30_18_12_18_052.jpg,0.1497
center_2025_04_30_18_12_18_100.jpg,left_2025_04_30_18_12_18_100.jpg,right_2025_04_30_18_12_18_100.jpg,0.1497
center_2025_04_30_18_12_18_151.jpg,left_2025_04_30_18_12_18_151.jpg,right_2025_04_30_18_12_18_151.jpg,0.15
center_2025_04_30_18_12_18_194.jpg,left_2025_04_30_18_12_18_194.jpg,right_2025_04_30_18_12_18_194.jpg,0.15
center_2025_04_30_18_12_18_244.jpg,left_2025_04_30_18_12_18_244.jpg,right_2025_04_30_18_12_18_244.jpg,0.1497
center_2025_04_30_18_12_18_290.jpg,left_2025_04_30_18_12_18_290.jpg,right_2025_04_30_18_12_18_290.jpg,0.1497
center_2025_04_30_18_12_18_337.jpg,left_2025_04_30_18_12_18_337.jpg,right_2025_04_30_18_12_18_337.jpg,0.1497
center_2025_04_30_18_12_18_381.jpg,left_2025_04_30_18_12_18_381.jpg,right_2025_04_30_18_12_18_381.jpg,0.1497
center_2025_04_30_18_12_18_430.jpg,left_2025_04_30_18_12_18_430.jpg,right_2025_04_30_18_12_18_430.jpg,0.15
center_2025_04_30_18_12_18_476.jpg,left_2025_04_30_18_12_18_476.jpg,right_2025_04_30_18_12_18_476.jpg,0.1503
center_2025_04_30_18_12_18_523.jpg,left_2025_04_30_18_12_18_523.jpg,right_2025_04_30_18_12_18_523.jpg,0.1503
center_2025_04_30_18_12_18_566.jpg,left_2025_04_30_18_12_18_566.jpg,right_2025_04_30_18_12_18_566.jpg,0.1503
center_2025_04_30_18_12_18_615.jpg,left_2025_04_30_18_12_18_615.jpg,right_2025_04_30_18_12_18_615.jpg,0.15
center_2025_04_30_18_12_18_660.jpg,left_2025_04_30_18_12_18_660.jpg,right_2025_04_30_18_12_18_660.jpg,0.15
center_2025_04_30_18_12_18_708.jpg,left_2025_04_30_18_12_18_708.jpg,right_2025_04_30_18_12_18_708.jpg,0.15
center_2025_04_30_18_12_18_753.jpg,left_2025_04_30_18_12_18_753.jpg,right_2025_04_30_18_12_18_753.jpg,0.15
center_2025_04_30_18_12_18_800.jpg,left_2025_04_30_18_12_18_800.jpg,right_2025_04_30_18_12_18_800.jpg,0.1497
center_2025_04_30_18_12_18_848.jpg,left_2025_04_30_18_12_18_848.jpg,right_2025_04_30_18_12_18_848.jpg,0.1497
center_2025_04_30_18_12_18_894.jpg,left_2025_04_30_18_12_18_894.jpg,right_2025_04_30_18_12_18_894.jpg,0.1497
center_2025_04_30_18_12_18_946.jpg,left_2025_04_30_18_12_18_946.jpg,right_2025_04_30_18_12_18_946.jpg,0.1497
center_2025_04_30_18_12_18_999.jpg,left_2025_04_30_18_12_18_999.jpg,right_2025_04_30_18_12_18_999.jpg,0.1497
center_2025_04_30_18_12_19_038.jpg,left_2025_04_30_18_12_19_038.jpg,right_2025_04_30_18_12_19_038.jpg,0.1494
center_2025_04_30_18_12_19_081.jpg,left_2025_04_30_18_12_19_081.jpg,right_2025_04_30_18_12_19_081.jpg,0.1494
center_2025_04_30_18_12_19_131.jpg,left_2025_04_30_18_12_19_131.jpg,right_2025_04_30_18_12_19_131.jpg,0.1494
center_2025_04_30_18_12_19_175.jpg,left_2025_04_30_18_12_19_175.jpg,right_2025_04_30_18_12_19_175.jpg,0.1497
center_2025_04_30_18_12_19_222.jpg,left_2025_04_30_18_12_19_222.jpg,right_2025_04_30_18_12_19_222.jpg,0.1497
center_2025_04_30_18_12_19_287.jpg,left_2025_04_30_18_12_19_287.jpg,right_2025_04_30_18_12_19_287.jpg,0.1503
center_2025_04_30_18_12_19_316.jpg,left_2025_04_30_18_12_19_316.jpg,right_2025_04_30_18_12_19_316.jpg,0.1503
center_2025_04_30_18_12_19_362.jpg,left_2025_04_30_18_12_19_362.jpg,right_2025_04_30_18_12_19_362.jpg,0.15
center_2025_04_30_18_12_19_410.jpg,left_2025_04_30_18_12_19_410.jpg,right_2025_04_30_18_12_19_410.jpg,0.15
center_2025_04_30_18_12_19_455.jpg,left_2025_04_30_18_12_19_455.jpg,right_2025_04_30_18_12_19_455.jpg,0.15
center_2025_04_30_18_12_19_501.jpg,left_2025_04_30_18_12_19_501.jpg,right_2025_04_30_18_12_19_501.jpg,0.15
center_2025_04_30_18_12_19_548.jpg,left_2025_04_30_18_12_19_548.jpg,right_2025_04_30_18_12_19_548.jpg,0.15
center_2025_04_30_18_12_19_595.jpg,left_2025_04_30_18_12_19_595.jpg,right_2025_04_30_18_12_19_595.jpg,0.1503
center_2025_04_30_18_12_19_642.jpg,left_2025_04_30_18_12_19_642.jpg,right_2025_04_30_18_12_19_642.jpg,0.15
center_2025_04_30_18_12_19_687.jpg,left_2025_04_30_18_12_19_687.jpg,right_2025_04_30_18_12_19_687.jpg,0.15
center_2025_04_30_18_12_19_751.jpg,left_2025_04_30_18_12_19_751.jpg,right_2025_04_30_18_12_19_751.jpg,0.15
center_2025_04_30_18_12_19_780.jpg,left_2025_04_30_18_12_19_780.jpg,right_2025_04_30_18_12_19_780.jpg,0.15
center_2025_04_30_18_12_19_832.jpg,left_2025_04_30_18_12_19_832.jpg,right_2025_04_30_18_12_19_832.jpg,0.15
center_2025_04_30_18_12_19_875.jpg,left_2025_04_30_18_12_19_875.jpg,right_2025_04_30_18_12_19_875.jpg,0.15
center_2025_04_30_18_12_19_924.jpg,left_2025_04_30_18_12_19_924.jpg,right_2025_04_30_18_12_19_924.jpg,0.1503
center_2025_04_30_18_12_19_968.jpg,left_2025_04_30_18_12_19_968.jpg,right_2025_04_30_18_12_19_968.jpg,0.1503
center_2025_04_30_18_12_20_017.jpg,left_2025_04_30_18_12_20_017.jpg,right_2025_04_30_18_12_20_017.jpg,0.1503
center_2025_04_30_18_12_20_061.jpg,left_2025_04_30_18_12_20_061.jpg,right_2025_04_30_18_12_20_061.jpg,0.1503
center_2025_04_30_18_12_20_121.jpg,left_2025_04_30_18_12_20_121.jpg,right_2025_04_30_18_12_20_121.jpg,0.1491
center_2025_04_30_18_12_20_155.jpg,left_2025_04_30_18_12_20_155.jpg,right_2025_04_30_18_12_20_155.jpg,0.1424
center_2025_04_30_18_12_20_202.jpg,left_2025_04_30_18_12_20_202.jpg,right_2025_04_30_18_12_20_202.jpg,0.1325
center_2025_04_30_18_12_20_246.jpg,left_2025_04_30_18_12_20_246.jpg,right_2025_04_30_18_12_20_246.jpg,0.1217
center_2025_04_30_18_12_20_296.jpg,left_2025_04_30_18_12_20_296.jpg,right_2025_04_30_18_12_20_296.jpg,0.1092
center_2025_04_30_18_12_20_343.jpg,left_2025_04_30_18_12_20_343.jpg,right_2025_04_30_18_12_20_343.jpg,0.0965
center_2025_04_30_18_12_20_406.jpg,left_2025_04_30_18_12_20_406.jpg,right_2025_04_30_18_12_20_406.jpg,0.0877
center_2025_04_30_18_12_20_435.jpg,left_2025_04_30_18_12_20_435.jpg,right_2025_04_30_18_12_20_435.jpg,0.0812
center_2025_04_30_18_12_20_488.jpg,left_2025_04_30_18_12_20_488.jpg,right_2025_04_30_18_12_20_488.jpg,0.0741
center_2025_04_30_18_12_20_532.jpg,left_2025_04_30_18_12_20_532.jpg,right_2025_04_30_18_12_20_532.jpg,0.0682
center_2025_04_30_18_12_20_574.jpg,left_2025_04_30_18_12_20_574.jpg,right_2025_04_30_18_12_20_574.jpg,0.0634
center_2025_04_30_18_12_20_621.jpg,left_2025_04_30_18_12_20_621.jpg,right_2025_04_30_18_12_20_621.jpg,0.06
center_2025_04_30_18_12_20_668.jpg,left_2025_04_30_18_12_20_668.jpg,right_2025_04_30_18_12_20_668.jpg,0.0577
center_2025_04_30_18_12_20_718.jpg,left_2025_04_30_18_12_20_718.jpg,right_2025_04_30_18_12_20_718.jpg,0.0572
center_2025_04_30_18_12_20_771.jpg,left_2025_04_30_18_12_20_771.jpg,right_2025_04_30_18_12_20_771.jpg,0.0572
center_2025_04_30_18_12_20_811.jpg,left_2025_04_30_18_12_20_811.jpg,right_2025_04_30_18_12_20_811.jpg,0.0572
center_2025_04_30_18_12_20_852.jpg,left_2025_04_30_18_12_20_852.jpg,right_2025_04_30_18_12_20_852.jpg,0.0572
center_2025_04_30_18_12_20_904.jpg,left_2025_04_30_18_12_20_904.jpg,right_2025_04_30_18_12_20_904.jpg,0.0572
center_2025_04_30_18_12_20_946.jpg,left_2025_04_30_18_12_20_946.jpg,right_2025_04_30_18_12_20_946.jpg,0.0569
center_2025_04_30_18_12_20_996.jpg,left_2025_04_30_18_12_20_996.jpg,right_2025_04_30_18_12_20_996.jpg,0.0566
center_2025_04_30_18_12_21_039.jpg,left_2025_04_30_18_12_21_039.jpg,right_2025_04_30_18_12_21_039.jpg,0.0563
center_2025_04_30_18_12_21_093.jpg,left_2025_04_30_18_12_21_093.jpg,right_2025_04_30_18_12_21_093.jpg,0.0563
center_2025_04_30_18_12_21_132.jpg,left_2025_04_30_18_12_21_132.jpg,right_2025_04_30_18_12_21_132.jpg,0.0563
center_2025_04_30_18_12_21_181.jpg,left_2025_04_30_18_12_21_181.jpg,right_2025_04_30_18_12_21_181.jpg,0.0563
center_2025_04_30_18_12_21_227.jpg,left_2025_04_30_18_12_21_227.jpg,right_2025_04_30_18_12_21_227.jpg,0.056
center_2025_04_30_18_12_21_274.jpg,left_2025_04_30_18_12_21_274.jpg,right_2025_04_30_18_12_21_274.jpg,0.056
center_2025_04_30_18_12_21_320.jpg,left_2025_04_30_18_12_21_320.jpg,right_2025_04_30_18_12_21_320.jpg,0.0558
center_2025_04_30_18_12_21_367.jpg,left_2025_04_30_18_12_21_367.jpg,right_2025_04_30_18_12_21_367.jpg,0.0558
center_2025_04_30_18_12_21_416.jpg,left_2025_04_30_18_12_21_416.jpg,right_2025_04_30_18_12_21_416.jpg,0.0555
center_2025_04_30_18_12_21_478.jpg,left_2025_04_30_18_12_21_478.jpg,right_2025_04_30_18_12_21_478.jpg,0.0555
center_2025_04_30_18_12_21_512.jpg,left_2025_04_30_18_12_21_512.jpg,right_2025_04_30_18_12_21_512.jpg,0.0555
center_2025_04_30_18_12_21_555.jpg,left_2025_04_30_18_12_21_555.jpg,right_2025_04_30_18_12_21_555.jpg,0.0552
center_2025_04_30_18_12_21_600.jpg,left_2025_04_30_18_12_21_600.jpg,right_2025_04_30_18_12_21_600.jpg,0.0546
center_2025_04_30_18_12_21_647.jpg,left_2025_04_30_18_12_21_647.jpg,right_2025_04_30_18_12_21_647.jpg,0.0544
center_2025_04_30_18_12_21_700.jpg,left_2025_04_30_18_12_21_700.jpg,right_2025_04_30_18_12_21_700.jpg,0.0541
center_2025_04_30_18_12_21_765.jpg,left_2025_04_30_18_12_21_765.jpg,right_2025_04_30_18_12_21_765.jpg,0.0541
center_2025_04_30_18_12_21_799.jpg,left_2025_04_30_18_12_21_799.jpg,right_2025_04_30_18_12_21_799.jpg,0.0541
center_2025_04_30_18_12_21_832.jpg,left_2025_04_30_18_12_21_832.jpg,right_2025_04_30_18_12_21_832.jpg,0.0541
center_2025_04_30_18_12_21_882.jpg,left_2025_04_30_18_12_21_882.jpg,right_2025_04_30_18_12_21_882.jpg,0.0544
center_2025_04_30_18_12_21_926.jpg,left_2025_04_30_18_12_21_926.jpg,right_2025_04_30_18_12_21_926.jpg,0.0544
center_2025_04_30_18_12_21_975.jpg,left_2025_04_30_18_12_21_975.jpg,right_2025_04_30_18_12_21_975.jpg,0.0541
center_2025_04_30_18_12_22_020.jpg,left_2025_04_30_18_12_22_020.jpg,right_2025_04_30_18_12_22_020.jpg,0.0541
center_2025_04_30_18_12_22_068.jpg,left_2025_04_30_18_12_22_068.jpg,right_2025_04_30_18_12_22_068.jpg,0.0538
center_2025_04_30_18_12_22_114.jpg,left_2025_04_30_18_12_22_114.jpg,right_2025_04_30_18_12_22_114.jpg,0.0535
center_2025_04_30_18_12_22_170.jpg,left_2025_04_30_18_12_22_170.jpg,right_2025_04_30_18_12_22_170.jpg,0.0535
center_2025_04_30_18_12_22_205.jpg,left_2025_04_30_18_12_22_205.jpg,right_2025_04_30_18_12_22_205.jpg,0.0535
center_2025_04_30_18_12_22_254.jpg,left_2025_04_30_18_12_22_254.jpg,right_2025_04_30_18_12_22_254.jpg,0.0535
center_2025_04_30_18_12_22_297.jpg,left_2025_04_30_18_12_22_297.jpg,right_2025_04_30_18_12_22_297.jpg,0.0538
center_2025_04_30_18_12_22_347.jpg,left_2025_04_30_18_12_22_347.jpg,right_2025_04_30_18_12_22_347.jpg,0.0538
center_2025_04_30_18_12_22_391.jpg,left_2025_04_30_18_12_22_391.jpg,right_2025_04_30_18_12_22_391.jpg,0.0538
center_2025_04_30_18_12_22_452.jpg,left_2025_04_30_18_12_22_452.jpg,right_2025_04_30_18_12_22_452.jpg,0.0538
center_2025_04_30_18_12_22_484.jpg,left_2025_04_30_18_12_22_484.jpg,right_2025_04_30_18_12_22_484.jpg,0.0538
center_2025_04_30_18_12_22_535.jpg,left_2025_04_30_18_12_22_535.jpg,right_2025_04_30_18_12_22_535.jpg,0.0535
center_2025_04_30_18_12_22_577.jpg,left_2025_04_30_18_12_22_577.jpg,right_2025_04_30_18_12_22_577.jpg,0.0538
center_2025_04_30_18_12_22_625.jpg,left_2025_04_30_18_12_22_625.jpg,right_2025_04_30_18_12_22_625.jpg,0.0569
center_2025_04_30_18_12_22_670.jpg,left_2025_04_30_18_12_22_670.jpg,right_2025_04_30_18_12_22_670.jpg,0.0606
center_2025_04_30_18_12_22_718.jpg,left_2025_04_30_18_12_22_718.jpg,right_2025_04_30_18_12_22_718.jpg,0.0643
center_2025_04_30_18_12_22_762.jpg,left_2025_04_30_18_12_22_762.jpg,right_2025_04_30_18_12_22_762.jpg,0.0682
center_2025_04_30_18_12_22_821.jpg,left_2025_04_30_18_12_22_821.jpg,right_2025_04_30_18_12_22_821.jpg,0.0716
center_2025_04_30_18_12_22_855.jpg,left_2025_04_30_18_12_22_855.jpg,right_2025_04_30_18_12_22_855.jpg,0.0716
center_2025_04_30_18_12_22_905.jpg,left_2025_04_30_18_12_22_905.jpg,right_2025_04_30_18_12_22_905.jpg,0.0708
center_2025_04_30_18_12_22_947.jpg,left_2025_04_30_18_12_22_947.jpg,right_2025_04_30_18_12_22_947.jpg,0.0688
center_2025_04_30_18_12_22_997.jpg,left_2025_04_30_18_12_22_997.jpg,right_2025_04_30_18_12_22_997.jpg,0.0651
center_2025_04_30_18_12_23_039.jpg,left_2025_04_30_18_12_23_039.jpg,right_2025_04_30_18_12_23_039.jpg,0.0606
center_2025_04_30_18_12_23_089.jpg,left_2025_04_30_18_12_23_089.jpg,right_2025_04_30_18_12_23_089.jpg,0.0467
center_2025_04_30_18_12_23_133.jpg,left_2025_04_30_18_12_23_133.jpg,right_2025_04_30_18_12_23_133.jpg,0.0331
center_2025_04_30_18_12_23_188.jpg,left_2025_04_30_18_12_23_188.jpg,right_2025_04_30_18_12_23_188.jpg,0.0207
center_2025_04_30_18_12_23_227.jpg,left_2025_04_30_18_12_23_227.jpg,right_2025_04_30_18_12_23_227.jpg,0.0099
center_2025_04_30_18_12_23_274.jpg,left_2025_04_30_18_12_23_274.jpg,right_2025_04_30_18_12_23_274.jpg,0.0
center_2025_04_30_18_12_23_320.jpg,left_2025_04_30_18_12_23_320.jpg,right_2025_04_30_18_12_23_320.jpg,0.0
center_2025_04_30_18_12_23_367.jpg,left_2025_04_30_18_12_23_367.jpg,right_2025_04_30_18_12_23_367.jpg,0.0
center_2025_04_30_18_12_23_414.jpg,left_2025_04_30_18_12_23_414.jpg,right_2025_04_30_18_12_23_414.jpg,0.0
center_2025_04_30_18_12_23_459.jpg,left_2025_04_30_18_12_23_459.jpg,right_2025_04_30_18_12_23_459.jpg,0.0
center_2025_04_30_18_12_23_511.jpg,left_2025_04_30_18_12_23_511.jpg,right_2025_04_30_18_12_23_511.jpg,0.0
center_2025_04_30_18_12_23_556.jpg,left_2025_04_30_18_12_23_556.jpg,right_2025_04_30_18_12_23_556.jpg,0.0
center_2025_04_30_18_12_23_605.jpg,left_2025_04_30_18_12_23_605.jpg,right_2025_04_30_18_12_23_605.jpg,0.0
center_2025_04_30_18_12_23_648.jpg,left_2025_04_30_18_12_23_648.jpg,right_2025_04_30_18_12_23_648.jpg,0.0
center_2025_04_30_18_12_23_697.jpg,left_2025_04_30_18_12_23_697.jpg,right_2025_04_30_18_12_23_697.jpg,0.0
center_2025_04_30_18_12_23_740.jpg,left_2025_04_30_18_12_23_740.jpg,right_2025_04_30_18_12_23_740.jpg,0.0
center_2025_04_30_18_12_23_790.jpg,left_2025_04_30_18_12_23_790.jpg,right_2025_04_30_18_12_23_790.jpg,0.0
center_2025_04_30_18_12_23_832.jpg,left_2025_04_30_18_12_23_832.jpg,right_2025_04_30_18_12_23_832.jpg,0.0
center_2025_04_30_18_12_23_896.jpg,left_2025_04_30_18_12_23_896.jpg,right_2025_04_30_18_12_23_896.jpg,0.0
center_2025_04_30_18_12_23_927.jpg,left_2025_04_30_18_12_23_927.jpg,right_2025_04_30_18_12_23_927.jpg,0.0
center_2025_04_30_18_12_23_975.jpg,left_2025_04_30_18_12_23_975.jpg,right_2025_04_30_18_12_23_975.jpg,0.0
center_2025_04_30_18_12_24_020.jpg,left_2025_04_30_18_12_24_020.jpg,right_2025_04_30_18_12_24_020.jpg,0.0
center_2025_04_30_18_12_24_068.jpg,left_2025_04_30_18_12_24_068.jpg,right_2025_04_30_18_12_24_068.jpg,0.0
center_2025_04_30_18_12_24_118.jpg,left_2025_04_30_18_12_24_118.jpg,right_2025_04_30_18_12_24_118.jpg,0.0
center_2025_04_30_18_12_24_180.jpg,left_2025_04_30_18_12_24_180.jpg,right_2025_04_30_18_12_24_180.jpg,0.0
center_2025_04_30_18_12_24_212.jpg,left_2025_04_30_18_12_24_212.jpg,right_2025_04_30_18_12_24_212.jpg,0.0
center_2025_04_30_18_12_24_263.jpg,left_2025_04_30_18_12_24_263.jpg,right_2025_04_30_18_12_24_263.jpg,0.0
center_2025_04_30_18_12_24_305.jpg,left_2025_04_30_18_12_24_305.jpg,right_2025_04_30_18_12_24_305.jpg,0.0
center_2025_04_30_18_12_24_350.jpg,left_2025_04_30_18_12_24_350.jpg,right_2025_04_30_18_12_24_350.jpg,0.0
center_2025_04_30_18_12_24_397.jpg,left_2025_04_30_18_12_24_397.jpg,right_2025_04_30_18_12_24_397.jpg,0.0
center_2025_04_30_18_12_24_441.jpg,left_2025_04_30_18_12_24_441.jpg,right_2025_04_30_18_12_24_441.jpg,0.0
center_2025_04_30_18_12_24_490.jpg,left_2025_04_30_18_12_24_490.jpg,right_2025_04_30_18_12_24_490.jpg,0.0
center_2025_04_30_18_12_24_549.jpg,left_2025_04_30_18_12_24_549.jpg,right_2025_04_30_18_12_24_549.jpg,0.0
center_2025_04_30_18_12_24_584.jpg,left_2025_04_30_18_12_24_584.jpg,right_2025_04_30_18_12_24_584.jpg,0.0
center_2025_04_30_18_12_24_635.jpg,left_2025_04_30_18_12_24_635.jpg,right_2025_04_30_18_12_24_635.jpg,0.0
center_2025_04_30_18_12_24_679.jpg,left_2025_04_30_18_12_24_679.jpg,right_2025_04_30_18_12_24_679.jpg,0.0
center_2025_04_30_18_12_24_723.jpg,left_2025_04_30_18_12_24_723.jpg,right_2025_04_30_18_12_24_723.jpg,0.0
center_2025_04_30_18_12_24_771.jpg,left_2025_04_30_18_12_24_771.jpg,right_2025_04_30_18_12_24_771.jpg,0.0
center_2025_04_30_18_12_24_821.jpg,left_2025_04_30_18_12_24_821.jpg,right_2025_04_30_18_12_24_821.jpg,0.0
center_2025_04_30_18_12_24_863.jpg,left_2025_04_30_18_12_24_863.jpg,right_2025_04_30_18_12_24_863.jpg,0.0
center_2025_04_30_18_12_24_914.jpg,left_2025_04_30_18_12_24_914.jpg,right_2025_04_30_18_12_24_914.jpg,0.0
center_2025_04_30_18_12_24_957.jpg,left_2025_04_30_18_12_24_957.jpg,right_2025_04_30_18_12_24_957.jpg,0.0
center_2025_04_30_18_12_25_016.jpg,left_2025_04_30_18_12_25_016.jpg,right_2025_04_30_18_12_25_016.jpg,0.0
center_2025_04_30_18_12_25_050.jpg,left_2025_04_30_18_12_25_050.jpg,right_2025_04_30_18_12_25_050.jpg,0.0
center_2025_04_30_18_12_25_099.jpg,left_2025_04_30_18_12_25_099.jpg,right_2025_04_30_18_12_25_099.jpg,0.0
center_2025_04_30_18_12_25_144.jpg,left_2025_04_30_18_12_25_144.jpg,right_2025_04_30_18_12_25_144.jpg,0.0
center_2025_04_30_18_12_25_192.jpg,left_2025_04_30_18_12_25_192.jpg,right_2025_04_30_18_12_25_192.jpg,0.0
center_2025_04_30_18_12_25_238.jpg,left_2025_04_30_18_12_25_238.jpg,right_2025_04_30_18_12_25_238.jpg,0.0
center_2025_04_30_18_12_25_284.jpg,left_2025_04_30_18_12_25_284.jpg,right_2025_04_30_18_12_25_284.jpg,0.0
center_2025_04_30_18_12_25_329.jpg,left_2025_04_30_18_12_25_329.jpg,right_2025_04_30_18_12_25_329.jpg,0.0
center_2025_04_30_18_12_25_382.jpg,left_2025_04_30_18_12_25_382.jpg,right_2025_04_30_18_12_25_382.jpg,0.0
center_2025_04_30_18_12_25_423.jpg,left_2025_04_30_18_12_25_423.jpg,right_2025_04_30_18_12_25_423.jpg,0.0088
center_2025_04_30_18_12_25_470.jpg,left_2025_04_30_18_12_25_470.jpg,right_2025_04_30_18_12_25_470.jpg,0.0181
center_2025_04_30_18_12_25_516.jpg,left_2025_04_30_18_12_25_516.jpg,right_2025_04_30_18_12_25_516.jpg,0.0275
center_2025_04_30_18_12_25_562.jpg,left_2025_04_30_18_12_25_562.jpg,right_2025_04_30_18_12_25_562.jpg,0.0371
center_2025_04_30_18_12_25_609.jpg,left_2025_04_30_18_12_25_609.jpg,right_2025_04_30_18_12_25_609.jpg,0.0467
center_2025_04_30_18_12_25_655.jpg,left_2025_04_30_18_12_25_655.jpg,right_2025_04_30_18_12_25_655.jpg,0.0478
center_2025_04_30_18_12_25_708.jpg,left_2025_04_30_18_12_25_708.jpg,right_2025_04_30_18_12_25_708.jpg,0.0484
center_2025_04_30_18_12_25_748.jpg,left_2025_04_30_18_12_25_748.jpg,right_2025_04_30_18_12_25_748.jpg,0.0492
center_2025_04_30_18_12_25_800.jpg,left_2025_04_30_18_12_25_800.jpg,right_2025_04_30_18_12_25_800.jpg,0.0504
center_2025_04_30_18_12_25_843.jpg,left_2025_04_30_18_12_25_843.jpg,right_2025_04_30_18_12_25_843.jpg,0.0523
center_2025_04_30_18_12_25_892.jpg,left_2025_04_30_18_12_25_892.jpg,right_2025_04_30_18_12_25_892.jpg,0.0555
center_2025_04_30_18_12_25_937.jpg,left_2025_04_30_18_12_25_937.jpg,right_2025_04_30_18_12_25_937.jpg,0.0603
center_2025_04_30_18_12_25_986.jpg,left_2025_04_30_18_12_25_986.jpg,right_2025_04_30_18_12_25_986.jpg,0.0682
center_2025_04_30_18_12_26_031.jpg,left_2025_04_30_18_12_26_031.jpg,right_2025_04_30_18_12_26_031.jpg,0.0798
center_2025_04_30_18_12_26_078.jpg,left_2025_04_30_18_12_26_078.jpg,right_2025_04_30_18_12_26_078.jpg,0.0962
center_2025_04_30_18_12_26_124.jpg,left_2025_04_30_18_12_26_124.jpg,right_2025_04_30_18_12_26_124.jpg,0.1166
center_2025_04_30_18_12_26_170.jpg,left_2025_04_30_18_12_26_170.jpg,right_2025_04_30_18_12_26_170.jpg,0.141
center_2025_04_30_18_12_26_217.jpg,left_2025_04_30_18_12_26_217.jpg,right_2025_04_30_18_12_26_217.jpg,0.1653
center_2025_04_30_18_12_26_264.jpg,left_2025_04_30_18_12_26_264.jpg,right_2025_04_30_18_12_26_264.jpg,0.1871
center_2025_04_30_18_12_26_309.jpg,left_2025_04_30_18_12_26_309.jpg,right_2025_04_30_18_12_26_309.jpg,0.2035
center_2025_04_30_18_12_26_357.jpg,left_2025_04_30_18_12_26_357.jpg,right_2025_04_30_18_12_26_357.jpg,0.2148
center_2025_04_30_18_12_26_400.jpg,left_2025_04_30_18_12_26_400.jpg,right_2025_04_30_18_12_26_400.jpg,0.2202
center_2025_04_30_18_12_26_449.jpg,left_2025_04_30_18_12_26_449.jpg,right_2025_04_30_18_12_26_449.jpg,0.2225
center_2025_04_30_18_12_26_495.jpg,left_2025_04_30_18_12_26_495.jpg,right_2025_04_30_18_12_26_495.jpg,0.2228
center_2025_04_30_18_12_26_542.jpg,left_2025_04_30_18_12_26_542.jpg,right_2025_04_30_18_12_26_542.jpg,0.223
center_2025_04_30_18_12_26_593.jpg,left_2025_04_30_18_12_26_593.jpg,right_2025_04_30_18_12_26_593.jpg,0.223
center_2025_04_30_18_12_26_636.jpg,left_2025_04_30_18_12_26_636.jpg,right_2025_04_30_18_12_26_636.jpg,0.2233
center_2025_04_30_18_12_26_686.jpg,left_2025_04_30_18_12_26_686.jpg,right_2025_04_30_18_12_26_686.jpg,0.2233
center_2025_04_30_18_12_26_728.jpg,left_2025_04_30_18_12_26_728.jpg,right_2025_04_30_18_12_26_728.jpg,0.2236
center_2025_04_30_18_12_26_774.jpg,left_2025_04_30_18_12_26_774.jpg,right_2025_04_30_18_12_26_774.jpg,0.2236
center_2025_04_30_18_12_26_822.jpg,left_2025_04_30_18_12_26_822.jpg,right_2025_04_30_18_12_26_822.jpg,0.2236
center_2025_04_30_18_12_26_872.jpg,left_2025_04_30_18_12_26_872.jpg,right_2025_04_30_18_12_26_872.jpg,0.2236
center_2025_04_30_18_12_26_915.jpg,left_2025_04_30_18_12_26_915.jpg,right_2025_04_30_18_12_26_915.jpg,0.2236
center_2025_04_30_18_12_26_964.jpg,left_2025_04_30_18_12_26_964.jpg,right_2025_04_30_18_12_26_964.jpg,0.2233
center_2025_04_30_18_12_27_009.jpg,left_2025_04_30_18_12_27_009.jpg,right_2025_04_30_18_12_27_009.jpg,0.223
center_2025_04_30_18_12_27_057.jpg,left_2025_04_30_18_12_27_057.jpg,right_2025_04_30_18_12_27_057.jpg,0.2233
center_2025_04_30_18_12_27_101.jpg,left_2025_04_30_18_12_27_101.jpg,right_2025_04_30_18_12_27_101.jpg,0.223
center_2025_04_30_18_12_27_150.jpg,left_2025_04_30_18_12_27_150.jpg,right_2025_04_30_18_12_27_150.jpg,0.223
center_2025_04_30_18_12_27_193.jpg,left_2025_04_30_18_12_27_193.jpg,right_2025_04_30_18_12_27_193.jpg,0.2236
center_2025_04_30_18_12_27_243.jpg,left_2025_04_30_18_12_27_243.jpg,right_2025_04_30_18_12_27_243.jpg,0.2236
center_2025_04_30_18_12_27_287.jpg,left_2025_04_30_18_12_27_287.jpg,right_2025_04_30_18_12_27_287.jpg,0.223
center_2025_04_30_18_12_27_336.jpg,left_2025_04_30_18_12_27_336.jpg,right_2025_04_30_18_12_27_336.jpg,0.2233
center_2025_04_30_18_12_27_380.jpg,left_2025_04_30_18_12_27_380.jpg,right_2025_04_30_18_12_27_380.jpg,0.2233
center_2025_04_30_18_12_27_429.jpg,left_2025_04_30_18_12_27_429.jpg,right_2025_04_30_18_12_27_429.jpg,0.2228
center_2025_04_30_18_12_27_473.jpg,left_2025_04_30_18_12_27_473.jpg,right_2025_04_30_18_12_27_473.jpg,0.223
center_2025_04_30_18_12_27_521.jpg,left_2025_04_30_18_12_27_521.jpg,right_2025_04_30_18_12_27_521.jpg,0.223
center_2025_04_30_18_12_27_565.jpg,left_2025_04_30_18_12_27_565.jpg,right_2025_04_30_18_12_27_565.jpg,0.2228
center_2025_04_30_18_12_27_614.jpg,left_2025_04_30_18_12_27_614.jpg,right_2025_04_30_18_12_27_614.jpg,0.2225
center_2025_04_30_18_12_27_658.jpg,left_2025_04_30_18_12_27_658.jpg,right_2025_04_30_18_12_27_658.jpg,0.2228
center_2025_04_30_18_12_27_707.jpg,left_2025_04_30_18_12_27_707.jpg,right_2025_04_30_18_12_27_707.jpg,0.2228
center_2025_04_30_18_12_27_752.jpg,left_2025_04_30_18_12_27_752.jpg,right_2025_04_30_18_12_27_752.jpg,0.223
center_2025_04_30_18_12_27_801.jpg,left_2025_04_30_18_12_27_801.jpg,right_2025_04_30_18_12_27_801.jpg,0.2233
center_2025_04_30_18_12_27_846.jpg,left_2025_04_30_18_12_27_846.jpg,right_2025_04_30_18_12_27_846.jpg,0.2236
center_2025_04_30_18_12_27_926.jpg,left_2025_04_30_18_12_27_926.jpg,right_2025_04_30_18_12_27_926.jpg,0.2233
center_2025_04_30_18_12_27_955.jpg,left_2025_04_30_18_12_27_955.jpg,right_2025_04_30_18_12_27_955.jpg,0.223
center_2025_04_30_18_12_28_006.jpg,left_2025_04_30_18_12_28_006.jpg,right_2025_04_30_18_12_28_006.jpg,0.223
center_2025_04_30_18_12_28_048.jpg,left_2025_04_30_18_12_28_048.jpg,right_2025_04_30_18_12_28_048.jpg,0.223
center_2025_04_30_18_12_28_098.jpg,left_2025_04_30_18_12_28_098.jpg,right_2025_04_30_18_12_28_098.jpg,0.223
center_2025_04_30_18_12_28_142.jpg,left_2025_04_30_18_12_28_142.jpg,right_2025_04_30_18_12_28_142.jpg,0.223
center_2025_04_30_18_12_28_191.jpg,left_2025_04_30_18_12_28_191.jpg,right_2025_04_30_18_12_28_191.jpg,0.2233
center_2025_04_30_18_12_28_234.jpg,left_2025_04_30_18_12_28_234.jpg,right_2025_04_30_18_12_28_234.jpg,0.2233
center_2025_04_30_18_12_28_279.jpg,left_2025_04_30_18_12_28_279.jpg,right_2025_04_30_18_12_28_279.jpg,0.2233
center_2025_04_30_18_12_28_327.jpg,left_2025_04_30_18_12_28_327.jpg,right_2025_04_30_18_12_28_327.jpg,0.2233
center_2025_04_30_18_12_28_372.jpg,left_2025_04_30_18_12_28_372.jpg,right_2025_04_30_18_12_28_372.jpg,0.2236
center_2025_04_30_18_12_28_418.jpg,left_2025_04_30_18_12_28_418.jpg,right_2025_04_30_18_12_28_418.jpg,0.2233
center_2025_04_30_18_12_28_465.jpg,left_2025_04_30_18_12_28_465.jpg,right_2025_04_30_18_12_28_465.jpg,0.223
center_2025_04_30_18_12_28_510.jpg,left_2025_04_30_18_12_28_510.jpg,right_2025_04_30_18_12_28_510.jpg,0.223
center_2025_04_30_18_12_28_557.jpg,left_2025_04_30_18_12_28_557.jpg,right_2025_04_30_18_12_28_557.jpg,0.2228
center_2025_04_30_18_12_28_605.jpg,left_2025_04_30_18_12_28_605.jpg,right_2025_04_30_18_12_28_605.jpg,0.2225
center_2025_04_30_18_12_28_655.jpg,left_2025_04_30_18_12_28_655.jpg,right_2025_04_30_18_12_28_655.jpg,0.2196
center_2025_04_30_18_12_28_696.jpg,left_2025_04_30_18_12_28_696.jpg,right_2025_04_30_18_12_28_696.jpg,0.2128
center_2025_04_30_18_12_28_748.jpg,left_2025_04_30_18_12_28_748.jpg,right_2025_04_30_18_12_28_748.jpg,0.1998
center_2025_04_30_18_12_28_791.jpg,left_2025_04_30_18_12_28_791.jpg,right_2025_04_30_18_12_28_791.jpg,0.1817
center_2025_04_30_18_12_28_840.jpg,left_2025_04_30_18_12_28_840.jpg,right_2025_04_30_18_12_28_840.jpg,0.1542
center_2025_04_30_18_12_28_884.jpg,left_2025_04_30_18_12_28_884.jpg,right_2025_04_30_18_12_28_884.jpg,0.1251
center_2025_04_30_18_12_28_933.jpg,left_2025_04_30_18_12_28_933.jpg,right_2025_04_30_18_12_28_933.jpg,0.0979
center_2025_04_30_18_12_28_977.jpg,left_2025_04_30_18_12_28_977.jpg,right_2025_04_30_18_12_28_977.jpg,0.0761
center_2025_04_30_18_12_29_027.jpg,left_2025_04_30_18_12_29_027.jpg,right_2025_04_30_18_12_29_027.jpg,0.0597
center_2025_04_30_18_12_29_072.jpg,left_2025_04_30_18_12_29_072.jpg,right_2025_04_30_18_12_29_072.jpg,0.0524
center_2025_04_30_18_12_29_118.jpg,left_2025_04_30_18_12_29_118.jpg,right_2025_04_30_18_12_29_118.jpg,0.0495
center_2025_04_30_18_12_29_164.jpg,left_2025_04_30_18_12_29_164.jpg,right_2025_04_30_18_12_29_164.jpg,0.0487
center_2025_04_30_18_12_29_212.jpg,left_2025_04_30_18_12_29_212.jpg,right_2025_04_30_18_12_29_212.jpg,0.0484
center_2025_04_30_18_12_29_257.jpg,left_2025_04_30_18_12_29_257.jpg,right_2025_04_30_18_12_29_257.jpg,0.0481
center_2025_04_30_18_12_29_304.jpg,left_2025_04_30_18_12_29_304.jpg,right_2025_04_30_18_12_29_304.jpg,0.0484
center_2025_04_30_18_12_29_350.jpg,left_2025_04_30_18_12_29_350.jpg,right_2025_04_30_18_12_29_350.jpg,0.0484
center_2025_04_30_18_12_29_396.jpg,left_2025_04_30_18_12_29_396.jpg,right_2025_04_30_18_12_29_396.jpg,0.0484
center_2025_04_30_18_12_29_443.jpg,left_2025_04_30_18_12_29_443.jpg,right_2025_04_30_18_12_29_443.jpg,0.0487
center_2025_04_30_18_12_29_490.jpg,left_2025_04_30_18_12_29_490.jpg,right_2025_04_30_18_12_29_490.jpg,0.0489
center_2025_04_30_18_12_29_541.jpg,left_2025_04_30_18_12_29_541.jpg,right_2025_04_30_18_12_29_541.jpg,0.0487
center_2025_04_30_18_12_29_584.jpg,left_2025_04_30_18_12_29_584.jpg,right_2025_04_30_18_12_29_584.jpg,0.0487
center_2025_04_30_18_12_29_634.jpg,left_2025_04_30_18_12_29_634.jpg,right_2025_04_30_18_12_29_634.jpg,0.0487
center_2025_04_30_18_12_29_679.jpg,left_2025_04_30_18_12_29_679.jpg,right_2025_04_30_18_12_29_679.jpg,0.0487
center_2025_04_30_18_12_29_728.jpg,left_2025_04_30_18_12_29_728.jpg,right_2025_04_30_18_12_29_728.jpg,0.0487
center_2025_04_30_18_12_29_772.jpg,left_2025_04_30_18_12_29_772.jpg,right_2025_04_30_18_12_29_772.jpg,0.0487
center_2025_04_30_18_12_29_820.jpg,left_2025_04_30_18_12_29_820.jpg,right_2025_04_30_18_12_29_820.jpg,0.0489
center_2025_04_30_18_12_29_866.jpg,left_2025_04_30_18_12_29_866.jpg,right_2025_04_30_18_12_29_866.jpg,0.0498
center_2025_04_30_18_12_29_912.jpg,left_2025_04_30_18_12_29_912.jpg,right_2025_04_30_18_12_29_912.jpg,0.0515
center_2025_04_30_18_12_29_959.jpg,left_2025_04_30_18_12_29_959.jpg,right_2025_04_30_18_12_29_959.jpg,0.0538
center_2025_04_30_18_12_30_005.jpg,left_2025_04_30_18_12_30_005.jpg,right_2025_04_30_18_12_30_005.jpg,0.0577
center_2025_04_30_18_12_30_052.jpg,left_2025_04_30_18_12_30_052.jpg,right_2025_04_30_18_12_30_052.jpg,0.0623
center_2025_04_30_18_12_30_099.jpg,left_2025_04_30_18_12_30_099.jpg,right_2025_04_30_18_12_30_099.jpg,0.0665
center_2025_04_30_18_12_30_149.jpg,left_2025_04_30_18_12_30_149.jpg,right_2025_04_30_18_12_30_149.jpg,0.0696
center_2025_04_30_18_12_30_192.jpg,left_2025_04_30_18_12_30_192.jpg,right_2025_04_30_18_12_30_192.jpg,0.0722
center_2025_04_30_18_12_30_243.jpg,left_2025_04_30_18_12_30_243.jpg,right_2025_04_30_18_12_30_243.jpg,0.0736
center_2025_04_30_18_12_30_285.jpg,left_2025_04_30_18_12_30_285.jpg,right_2025_04_30_18_12_30_285.jpg,0.0739
center_2025_04_30_18_12_30_335.jpg,left_2025_04_30_18_12_30_335.jpg,right_2025_04_30_18_12_30_335.jpg,0.0739
center_2025_04_30_18_12_30_378.jpg,left_2025_04_30_18_12_30_378.jpg,right_2025_04_30_18_12_30_378.jpg,0.0739
center_2025_04_30_18_12_30_428.jpg,left_2025_04_30_18_12_30_428.jpg,right_2025_04_30_18_12_30_428.jpg,0.0742
center_2025_04_30_18_12_30_473.jpg,left_2025_04_30_18_12_30_473.jpg,right_2025_04_30_18_12_30_473.jpg,0.0739
center_2025_04_30_18_12_30_520.jpg,left_2025_04_30_18_12_30_520.jpg,right_2025_04_30_18_12_30_520.jpg,0.0739
center_2025_04_30_18_12_30_566.jpg,left_2025_04_30_18_12_30_566.jpg,right_2025_04_30_18_12_30_566.jpg,0.0739
center_2025_04_30_18_12_30_615.jpg,left_2025_04_30_18_12_30_615.jpg,right_2025_04_30_18_12_30_615.jpg,0.0742
center_2025_04_30_18_12_30_665.jpg,left_2025_04_30_18_12_30_665.jpg,right_2025_04_30_18_12_30_665.jpg,0.0739
center_2025_04_30_18_12_30_712.jpg,left_2025_04_30_18_12_30_712.jpg,right_2025_04_30_18_12_30_712.jpg,0.0739
center_2025_04_30_18_12_30_758.jpg,left_2025_04_30_18_12_30_758.jpg,right_2025_04_30_18_12_30_758.jpg,0.0739
center_2025_04_30_18_12_30_801.jpg,left_2025_04_30_18_12_30_801.jpg,right_2025_04_30_18_12_30_801.jpg,0.0739
center_2025_04_30_18_12_30_851.jpg,left_2025_04_30_18_12_30_851.jpg,right_2025_04_30_18_12_30_851.jpg,0.0725
center_2025_04_30_18_12_30_894.jpg,left_2025_04_30_18_12_30_894.jpg,right_2025_04_30_18_12_30_894.jpg,0.0699
center_2025_04_30_18_12_30_943.jpg,left_2025_04_30_18_12_30_943.jpg,right_2025_04_30_18_12_30_943.jpg,0.0668
center_2025_04_30_18_12_30_986.jpg,left_2025_04_30_18_12_30_986.jpg,right_2025_04_30_18_12_30_986.jpg,0.0639
center_2025_04_30_18_12_31_036.jpg,left_2025_04_30_18_12_31_036.jpg,right_2025_04_30_18_12_31_036.jpg,0.0605
center_2025_04_30_18_12_31_080.jpg,left_2025_04_30_18_12_31_080.jpg,right_2025_04_30_18_12_31_080.jpg,0.058
center_2025_04_30_18_12_31_129.jpg,left_2025_04_30_18_12_31_129.jpg,right_2025_04_30_18_12_31_129.jpg,0.0569
center_2025_04_30_18_12_31_174.jpg,left_2025_04_30_18_12_31_174.jpg,right_2025_04_30_18_12_31_174.jpg,0.0563
center_2025_04_30_18_12_31_221.jpg,left_2025_04_30_18_12_31_221.jpg,right_2025_04_30_18_12_31_221.jpg,0.0555
center_2025_04_30_18_12_31_268.jpg,left_2025_04_30_18_12_31_268.jpg,right_2025_04_30_18_12_31_268.jpg,0.0546
center_2025_04_30_18_12_31_315.jpg,left_2025_04_30_18_12_31_315.jpg,right_2025_04_30_18_12_31_315.jpg,0.0549
center_2025_04_30_18_12_31_361.jpg,left_2025_04_30_18_12_31_361.jpg,right_2025_04_30_18_12_31_361.jpg,0.0552
center_2025_04_30_18_12_31_408.jpg,left_2025_04_30_18_12_31_408.jpg,right_2025_04_30_18_12_31_408.jpg,0.0552
center_2025_04_30_18_12_31_459.jpg,left_2025_04_30_18_12_31_459.jpg,right_2025_04_30_18_12_31_459.jpg,0.0552
center_2025_04_30_18_12_31_503.jpg,left_2025_04_30_18_12_31_503.jpg,right_2025_04_30_18_12_31_503.jpg,0.056
center_2025_04_30_18_12_31_552.jpg,left_2025_04_30_18_12_31_552.jpg,right_2025_04_30_18_12_31_552.jpg,0.0558
center_2025_04_30_18_12_31_595.jpg,left_2025_04_30_18_12_31_595.jpg,right_2025_04_30_18_12_31_595.jpg,0.0555
center_2025_04_30_18_12_31_644.jpg,left_2025_04_30_18_12_31_644.jpg,right_2025_04_30_18_12_31_644.jpg,0.0555
center_2025_04_30_18_12_31_688.jpg,left_2025_04_30_18_12_31_688.jpg,right_2025_04_30_18_12_31_688.jpg,0.0555
center_2025_04_30_18_12_31_737.jpg,left_2025_04_30_18_12_31_737.jpg,right_2025_04_30_18_12_31_737.jpg,0.0549
center_2025_04_30_18_12_31_783.jpg,left_2025_04_30_18_12_31_783.jpg,right_2025_04_30_18_12_31_783.jpg,0.0549
center_2025_04_30_18_12_31_831.jpg,left_2025_04_30_18_12_31_831.jpg,right_2025_04_30_18_12_31_831.jpg,0.0549
center_2025_04_30_18_12_31_876.jpg,left_2025_04_30_18_12_31_876.jpg,right_2025_04_30_18_12_31_876.jpg,0.0549
center_2025_04_30_18_12_31_922.jpg,left_2025_04_30_18_12_31_922.jpg,right_2025_04_30_18_12_31_922.jpg,0.0549
center_2025_04_30_18_12_31_968.jpg,left_2025_04_30_18_12_31_968.jpg,right_2025_04_30_18_12_31_968.jpg,0.0552
center_2025_04_30_18_12_32_015.jpg,left_2025_04_30_18_12_32_015.jpg,right_2025_04_30_18_12_32_015.jpg,0.0552
center_2025_04_30_18_12_32_066.jpg,left_2025_04_30_18_12_32_066.jpg,right_2025_04_30_18_12_32_066.jpg,0.0552
center_2025_04_30_18_12_32_108.jpg,left_2025_04_30_18_12_32_108.jpg,right_2025_04_30_18_12_32_108.jpg,0.0555
center_2025_04_30_18_12_32_154.jpg,left_2025_04_30_18_12_32_154.jpg,right_2025_04_30_18_12_32_154.jpg,0.0555
center_2025_04_30_18_12_32_201.jpg,left_2025_04_30_18_12_32_201.jpg,right_2025_04_30_18_12_32_201.jpg,0.0555
center_2025_04_30_18_12_32_252.jpg,left_2025_04_30_18_12_32_252.jpg,right_2025_04_30_18_12_32_252.jpg,0.0555
center_2025_04_30_18_12_32_295.jpg,left_2025_04_30_18_12_32_295.jpg,right_2025_04_30_18_12_32_295.jpg,0.0555
center_2025_04_30_18_12_32_346.jpg,left_2025_04_30_18_12_32_346.jpg,right_2025_04_30_18_12_32_346.jpg,0.0552
center_2025_04_30_18_12_32_388.jpg,left_2025_04_30_18_12_32_388.jpg,right_2025_04_30_18_12_32_388.jpg,0.0552
center_2025_04_30_18_12_32_438.jpg,left_2025_04_30_18_12_32_438.jpg,right_2025_04_30_18_12_32_438.jpg,0.0552
center_2025_04_30_18_12_32_480.jpg,left_2025_04_30_18_12_32_480.jpg,right_2025_04_30_18_12_32_480.jpg,0.0552
center_2025_04_30_18_12_32_530.jpg,left_2025_04_30_18_12_32_530.jpg,right_2025_04_30_18_12_32_530.jpg,0.0552
center_2025_04_30_18_12_32_574.jpg,left_2025_04_30_18_12_32_574.jpg,right_2025_04_30_18_12_32_574.jpg,0.0552
center_2025_04_30_18_12_32_623.jpg,left_2025_04_30_18_12_32_623.jpg,right_2025_04_30_18_12_32_623.jpg,0.0552
center_2025_04_30_18_12_32_668.jpg,left_2025_04_30_18_12_32_668.jpg,right_2025_04_30_18_12_32_668.jpg,0.0552
center_2025_04_30_18_12_32_717.jpg,left_2025_04_30_18_12_32_717.jpg,right_2025_04_30_18_12_32_717.jpg,0.0555
center_2025_04_30_18_12_32_763.jpg,left_2025_04_30_18_12_32_763.jpg,right_2025_04_30_18_12_32_763.jpg,0.0558
center_2025_04_30_18_12_32_823.jpg,left_2025_04_30_18_12_32_823.jpg,right_2025_04_30_18_12_32_823.jpg,0.0558
center_2025_04_30_18_12_32_855.jpg,left_2025_04_30_18_12_32_855.jpg,right_2025_04_30_18_12_32_855.jpg,0.0558
center_2025_04_30_18_12_32_903.jpg,left_2025_04_30_18_12_32_903.jpg,right_2025_04_30_18_12_32_903.jpg,0.0558
center_2025_04_30_18_12_32_953.jpg,left_2025_04_30_18_12_32_953.jpg,right_2025_04_30_18_12_32_953.jpg,0.0555
center_2025_04_30_18_12_32_996.jpg,left_2025_04_30_18_12_32_996.jpg,right_2025_04_30_18_12_32_996.jpg,0.0552
center_2025_04_30_18_12_33_046.jpg,left_2025_04_30_18_12_33_046.jpg,right_2025_04_30_18_12_33_046.jpg,0.0552
center_2025_04_30_18_12_33_110.jpg,left_2025_04_30_18_12_33_110.jpg,right_2025_04_30_18_12_33_110.jpg,0.0558
center_2025_04_30_18_12_33_140.jpg,left_2025_04_30_18_12_33_140.jpg,right_2025_04_30_18_12_33_140.jpg,0.0575
center_2025_04_30_18_12_33_184.jpg,left_2025_04_30_18_12_33_184.jpg,right_2025_04_30_18_12_33_184.jpg,0.0594
center_2025_04_30_18_12_33_231.jpg,left_2025_04_30_18_12_33_231.jpg,right_2025_04_30_18_12_33_231.jpg,0.0617
center_2025_04_30_18_12_33_277.jpg,left_2025_04_30_18_12_33_277.jpg,right_2025_04_30_18_12_33_277.jpg,0.0642
center_2025_04_30_18_12_33_325.jpg,left_2025_04_30_18_12_33_325.jpg,right_2025_04_30_18_12_33_325.jpg,0.0665
center_2025_04_30_18_12_33_371.jpg,left_2025_04_30_18_12_33_371.jpg,right_2025_04_30_18_12_33_371.jpg,0.0685
center_2025_04_30_18_12_33_418.jpg,left_2025_04_30_18_12_33_418.jpg,right_2025_04_30_18_12_33_418.jpg,0.073
center_2025_04_30_18_12_33_463.jpg,left_2025_04_30_18_12_33_463.jpg,right_2025_04_30_18_12_33_463.jpg,0.0781
center_2025_04_30_18_12_33_512.jpg,left_2025_04_30_18_12_33_512.jpg,right_2025_04_30_18_12_33_512.jpg,0.0835
center_2025_04_30_18_12_33_557.jpg,left_2025_04_30_18_12_33_557.jpg,right_2025_04_30_18_12_33_557.jpg,0.0903
center_2025_04_30_18_12_33_604.jpg,left_2025_04_30_18_12_33_604.jpg,right_2025_04_30_18_12_33_604.jpg,0.0968
center_2025_04_30_18_12_33_654.jpg,left_2025_04_30_18_12_33_654.jpg,right_2025_04_30_18_12_33_654.jpg,0.1022
center_2025_04_30_18_12_33_697.jpg,left_2025_04_30_18_12_33_697.jpg,right_2025_04_30_18_12_33_697.jpg,0.1081
center_2025_04_30_18_12_33_744.jpg,left_2025_04_30_18_12_33_744.jpg,right_2025_04_30_18_12_33_744.jpg,0.1138
center_2025_04_30_18_12_33_789.jpg,left_2025_04_30_18_12_33_789.jpg,right_2025_04_30_18_12_33_789.jpg,0.1186
center_2025_04_30_18_12_33_839.jpg,left_2025_04_30_18_12_33_839.jpg,right_2025_04_30_18_12_33_839.jpg,0.1231
center_2025_04_30_18_12_33_882.jpg,left_2025_04_30_18_12_33_882.jpg,right_2025_04_30_18_12_33_882.jpg,0.126
center_2025_04_30_18_12_33_932.jpg,left_2025_04_30_18_12_33_932.jpg,right_2025_04_30_18_12_33_932.jpg,0.1277
center_2025_04_30_18_12_33_977.jpg,left_2025_04_30_18_12_33_977.jpg,right_2025_04_30_18_12_33_977.jpg,0.1291
center_2025_04_30_18_12_34_026.jpg,left_2025_04_30_18_12_34_026.jpg,right_2025_04_30_18_12_34_026.jpg,0.1296
center_2025_04_30_18_12_34_070.jpg,left_2025_04_30_18_12_34_070.jpg,right_2025_04_30_18_12_34_070.jpg,0.1302
center_2025_04_30_18_12_34_118.jpg,left_2025_04_30_18_12_34_118.jpg,right_2025_04_30_18_12_34_118.jpg,0.1305
center_2025_04_30_18_12_34_164.jpg,left_2025_04_30_18_12_34_164.jpg,right_2025_04_30_18_12_34_164.jpg,0.1305
center_2025_04_30_18_12_34_211.jpg,left_2025_04_30_18_12_34_211.jpg,right_2025_04_30_18_12_34_211.jpg,0.1305
center_2025_04_30_18_12_34_256.jpg,left_2025_04_30_18_12_34_256.jpg,right_2025_04_30_18_12_34_256.jpg,0.1305
center_2025_04_30_18_12_34_304.jpg,left_2025_04_30_18_12_34_304.jpg,right_2025_04_30_18_12_34_304.jpg,0.1299
center_2025_04_30_18_12_34_355.jpg,left_2025_04_30_18_12_34_355.jpg,right_2025_04_30_18_12_34_355.jpg,0.1299
center_2025_04_30_18_12_34_396.jpg,left_2025_04_30_18_12_34_396.jpg,right_2025_04_30_18_12_34_396.jpg,0.1302
center_2025_04_30_18_12_34_448.jpg,left_2025_04_30_18_12_34_448.jpg,right_2025_04_30_18_12_34_448.jpg,0.1305
center_2025_04_30_18_12_34_491.jpg,left_2025_04_30_18_12_34_491.jpg,right_2025_04_30_18_12_34_491.jpg,0.1305
center_2025_04_30_18_12_34_540.jpg,left_2025_04_30_18_12_34_540.jpg,right_2025_04_30_18_12_34_540.jpg,0.131
center_2025_04_30_18_12_34_583.jpg,left_2025_04_30_18_12_34_583.jpg,right_2025_04_30_18_12_34_583.jpg,0.1313
center_2025_04_30_18_12_34_633.jpg,left_2025_04_30_18_12_34_633.jpg,right_2025_04_30_18_12_34_633.jpg,0.1313
center_2025_04_30_18_12_34_676.jpg,left_2025_04_30_18_12_34_676.jpg,right_2025_04_30_18_12_34_676.jpg,0.1313
center_2025_04_30_18_12_34_727.jpg,left_2025_04_30_18_12_34_727.jpg,right_2025_04_30_18_12_34_727.jpg,0.1322
center_2025_04_30_18_12_34_770.jpg,left_2025_04_30_18_12_34_770.jpg,right_2025_04_30_18_12_34_770.jpg,0.1336
center_2025_04_30_18_12_34_819.jpg,left_2025_04_30_18_12_34_819.jpg,right_2025_04_30_18_12_34_819.jpg,0.1356
center_2025_04_30_18_12_34_864.jpg,left_2025_04_30_18_12_34_864.jpg,right_2025_04_30_18_12_34_864.jpg,0.1378
center_2025_04_30_18_12_34_911.jpg,left_2025_04_30_18_12_34_911.jpg,right_2025_04_30_18_12_34_911.jpg,0.1404
center_2025_04_30_18_12_34_957.jpg,left_2025_04_30_18_12_34_957.jpg,right_2025_04_30_18_12_34_957.jpg,0.1438
center_2025_04_30_18_12_35_005.jpg,left_2025_04_30_18_12_35_005.jpg,right_2025_04_30_18_12_35_005.jpg,0.1474
center_2025_04_30_18_12_35_049.jpg,left_2025_04_30_18_12_35_049.jpg,right_2025_04_30_18_12_35_049.jpg,0.1523
center_2025_04_30_18_12_35_099.jpg,left_2025_04_30_18_12_35_099.jpg,right_2025_04_30_18_12_35_099.jpg,0.1582
center_2025_04_30_18_12_35_148.jpg,left_2025_04_30_18_12_35_148.jpg,right_2025_04_30_18_12_35_148.jpg,0.167
center_2025_04_30_18_12_35_190.jpg,left_2025_04_30_18_12_35_190.jpg,right_2025_04_30_18_12_35_190.jpg,0.1769
center_2025_04_30_18_12_35_241.jpg,left_2025_04_30_18_12_35_241.jpg,right_2025_04_30_18_12_35_241.jpg,0.1871
center_2025_04_30_18_12_35_284.jpg,left_2025_04_30_18_12_35_284.jpg,right_2025_04_30_18_12_35_284.jpg,0.1964
center_2025_04_30_18_12_35_334.jpg,left_2025_04_30_18_12_35_334.jpg,right_2025_04_30_18_12_35_334.jpg,0.2052
center_2025_04_30_18_12_35_379.jpg,left_2025_04_30_18_12_35_379.jpg,right_2025_04_30_18_12_35_379.jpg,0.2108
center_2025_04_30_18_12_35_426.jpg,left_2025_04_30_18_12_35_426.jpg,right_2025_04_30_18_12_35_426.jpg,0.2142
center_2025_04_30_18_12_35_471.jpg,left_2025_04_30_18_12_35_471.jpg,right_2025_04_30_18_12_35_471.jpg,0.2162
center_2025_04_30_18_12_35_520.jpg,left_2025_04_30_18_12_35_520.jpg,right_2025_04_30_18_12_35_520.jpg,0.2173
center_2025_04_30_18_12_35_565.jpg,left_2025_04_30_18_12_35_565.jpg,right_2025_04_30_18_12_35_565.jpg,0.2179
center_2025_04_30_18_12_35_613.jpg,left_2025_04_30_18_12_35_613.jpg,right_2025_04_30_18_12_35_613.jpg,0.2182
center_2025_04_30_18_12_35_659.jpg,left_2025_04_30_18_12_35_659.jpg,right_2025_04_30_18_12_35_659.jpg,0.2185
center_2025_04_30_18_12_35_706.jpg,left_2025_04_30_18_12_35_706.jpg,right_2025_04_30_18_12_35_706.jpg,0.2185
center_2025_04_30_18_12_35_752.jpg,left_2025_04_30_18_12_35_752.jpg,right_2025_04_30_18_12_35_752.jpg,0.2185
center_2025_04_30_18_12_35_799.jpg,left_2025_04_30_18_12_35_799.jpg,right_2025_04_30_18_12_35_799.jpg,0.2185
center_2025_04_30_18_12_35_850.jpg,left_2025_04_30_18_12_35_850.jpg,right_2025_04_30_18_12_35_850.jpg,0.2185
center_2025_04_30_18_12_35_892.jpg,left_2025_04_30_18_12_35_892.jpg,right_2025_04_30_18_12_35_892.jpg,0.2182
center_2025_04_30_18_12_35_943.jpg,left_2025_04_30_18_12_35_943.jpg,right_2025_04_30_18_12_35_943.jpg,0.2182
center_2025_04_30_18_12_35_985.jpg,left_2025_04_30_18_12_35_985.jpg,right_2025_04_30_18_12_35_985.jpg,0.2182
center_2025_04_30_18_12_36_036.jpg,left_2025_04_30_18_12_36_036.jpg,right_2025_04_30_18_12_36_036.jpg,0.2179
center_2025_04_30_18_12_36_085.jpg,left_2025_04_30_18_12_36_085.jpg,right_2025_04_30_18_12_36_085.jpg,0.2179
center_2025_04_30_18_12_36_128.jpg,left_2025_04_30_18_12_36_128.jpg,right_2025_04_30_18_12_36_128.jpg,0.2168
center_2025_04_30_18_12_36_173.jpg,left_2025_04_30_18_12_36_173.jpg,right_2025_04_30_18_12_36_173.jpg,0.2125
center_2025_04_30_18_12_36_221.jpg,left_2025_04_30_18_12_36_221.jpg,right_2025_04_30_18_12_36_221.jpg,0.2077
center_2025_04_30_18_12_36_267.jpg,left_2025_04_30_18_12_36_267.jpg,right_2025_04_30_18_12_36_267.jpg,0.2029
center_2025_04_30_18_12_36_314.jpg,left_2025_04_30_18_12_36_314.jpg,right_2025_04_30_18_12_36_314.jpg,0.1976
center_2025_04_30_18_12_36_359.jpg,left_2025_04_30_18_12_36_359.jpg,right_2025_04_30_18_12_36_359.jpg,0.1922
center_2025_04_30_18_12_36_407.jpg,left_2025_04_30_18_12_36_407.jpg,right_2025_04_30_18_12_36_407.jpg,0.1893
center_2025_04_30_18_12_36_453.jpg,left_2025_04_30_18_12_36_453.jpg,right_2025_04_30_18_12_36_453.jpg,0.1865
center_2025_04_30_18_12_36_500.jpg,left_2025_04_30_18_12_36_500.jpg,right_2025_04_30_18_12_36_500.jpg,0.1834
center_2025_04_30_18_12_36_550.jpg,left_2025_04_30_18_12_36_550.jpg,right_2025_04_30_18_12_36_550.jpg,0.1803
center_2025_04_30_18_12_36_592.jpg,left_2025_04_30_18_12_36_592.jpg,right_2025_04_30_18_12_36_592.jpg,0.1774
center_2025_04_30_18_12_36_643.jpg,left_2025_04_30_18_12_36_643.jpg,right_2025_04_30_18_12_36_643.jpg,0.1752
center_2025_04_30_18_12_36_685.jpg,left_2025_04_30_18_12_36_685.jpg,right_2025_04_30_18_12_36_685.jpg,0.1729
center_2025_04_30_18_12_36_737.jpg,left_2025_04_30_18_12_36_737.jpg,right_2025_04_30_18_12_36_737.jpg,0.1704
center_2025_04_30_18_12_36_779.jpg,left_2025_04_30_18_12_36_779.jpg,right_2025_04_30_18_12_36_779.jpg,0.1684
center_2025_04_30_18_12_36_829.jpg,left_2025_04_30_18_12_36_829.jpg,right_2025_04_30_18_12_36_829.jpg,0.1667
center_2025_04_30_18_12_36_873.jpg,left_2025_04_30_18_12_36_873.jpg,right_2025_04_30_18_12_36_873.jpg,0.1647
center_2025_04_30_18_12_36_922.jpg,left_2025_04_30_18_12_36_922.jpg,right_2025_04_30_18_12_36_922.jpg,0.1627
center_2025_04_30_18_12_36_966.jpg,left_2025_04_30_18_12_36_966.jpg,right_2025_04_30_18_12_36_966.jpg,0.1608
center_2025_04_30_18_12_37_015.jpg,left_2025_04_30_18_12_37_015.jpg,right_2025_04_30_18_12_37_015.jpg,0.1571
center_2025_04_30_18_12_37_076.jpg,left_2025_04_30_18_12_37_076.jpg,right_2025_04_30_18_12_37_076.jpg,0.1523
center_2025_04_30_18_12_37_107.jpg,left_2025_04_30_18_12_37_107.jpg,right_2025_04_30_18_12_37_107.jpg,0.1424
center_2025_04_30_18_12_37_159.jpg,left_2025_04_30_18_12_37_159.jpg,right_2025_04_30_18_12_37_159.jpg,0.1296
center_2025_04_30_18_12_37_201.jpg,left_2025_04_30_18_12_37_201.jpg,right_2025_04_30_18_12_37_201.jpg,0.1141
center_2025_04_30_18_12_37_246.jpg,left_2025_04_30_18_12_37_246.jpg,right_2025_04_30_18_12_37_246.jpg,0.0971
center_2025_04_30_18_12_37_293.jpg,left_2025_04_30_18_12_37_293.jpg,right_2025_04_30_18_12_37_293.jpg,0.0795
center_2025_04_30_18_12_37_344.jpg,left_2025_04_30_18_12_37_344.jpg,right_2025_04_30_18_12_37_344.jpg,0.0662
center_2025_04_30_18_12_37_388.jpg,left_2025_04_30_18_12_37_388.jpg,right_2025_04_30_18_12_37_388.jpg,0.0473
center_2025_04_30_18_12_37_444.jpg,left_2025_04_30_18_12_37_444.jpg,right_2025_04_30_18_12_37_444.jpg,0.0317
center_2025_04_30_18_12_37_482.jpg,left_2025_04_30_18_12_37_482.jpg,right_2025_04_30_18_12_37_482.jpg,0.0192
center_2025_04_30_18_12_37_530.jpg,left_2025_04_30_18_12_37_530.jpg,right_2025_04_30_18_12_37_530.jpg,0.0091
center_2025_04_30_18_12_37_580.jpg,left_2025_04_30_18_12_37_580.jpg,right_2025_04_30_18_12_37_580.jpg,0.0
center_2025_04_30_18_12_37_623.jpg,left_2025_04_30_18_12_37_623.jpg,right_2025_04_30_18_12_37_623.jpg,0.0
center_2025_04_30_18_12_37_669.jpg,left_2025_04_30_18_12_37_669.jpg,right_2025_04_30_18_12_37_669.jpg,0.0
center_2025_04_30_18_12_37_717.jpg,left_2025_04_30_18_12_37_717.jpg,right_2025_04_30_18_12_37_717.jpg,0.0
center_2025_04_30_18_12_37_767.jpg,left_2025_04_30_18_12_37_767.jpg,right_2025_04_30_18_12_37_767.jpg,0.0
center_2025_04_30_18_12_37_815.jpg,left_2025_04_30_18_12_37_815.jpg,right_2025_04_30_18_12_37_815.jpg,0.0
center_2025_04_30_18_12_37_859.jpg,left_2025_04_30_18_12_37_859.jpg,right_2025_04_30_18_12_37_859.jpg,0.0
center_2025_04_30_18_12_37_901.jpg,left_2025_04_30_18_12_37_901.jpg,right_2025_04_30_18_12_37_901.jpg,0.0
center_2025_04_30_18_12_37_953.jpg,left_2025_04_30_18_12_37_953.jpg,right_2025_04_30_18_12_37_953.jpg,0.0
center_2025_04_30_18_12_37_994.jpg,left_2025_04_30_18_12_37_994.jpg,right_2025_04_30_18_12_37_994.jpg,0.0
center_2025_04_30_18_12_38_046.jpg,left_2025_04_30_18_12_38_046.jpg,right_2025_04_30_18_12_38_046.jpg,0.0
center_2025_04_30_18_12_38_089.jpg,left_2025_04_30_18_12_38_089.jpg,right_2025_04_30_18_12_38_089.jpg,0.0
center_2025_04_30_18_12_38_139.jpg,left_2025_04_30_18_12_38_139.jpg,right_2025_04_30_18_12_38_139.jpg,0.0
center_2025_04_30_18_12_38_181.jpg,left_2025_04_30_18_12_38_181.jpg,right_2025_04_30_18_12_38_181.jpg,0.0
center_2025_04_30_18_12_38_230.jpg,left_2025_04_30_18_12_38_230.jpg,right_2025_04_30_18_12_38_230.jpg,0.0
center_2025_04_30_18_12_38_277.jpg,left_2025_04_30_18_12_38_277.jpg,right_2025_04_30_18_12_38_277.jpg,0.0
center_2025_04_30_18_12_38_324.jpg,left_2025_04_30_18_12_38_324.jpg,right_2025_04_30_18_12_38_324.jpg,0.0
center_2025_04_30_18_12_38_367.jpg,left_2025_04_30_18_12_38_367.jpg,right_2025_04_30_18_12_38_367.jpg,0.0
center_2025_04_30_18_12_38_417.jpg,left_2025_04_30_18_12_38_417.jpg,right_2025_04_30_18_12_38_417.jpg,0.0
center_2025_04_30_18_12_38_461.jpg,left_2025_04_30_18_12_38_461.jpg,right_2025_04_30_18_12_38_461.jpg,0.0
center_2025_04_30_18_12_38_509.jpg,left_2025_04_30_18_12_38_509.jpg,right_2025_04_30_18_12_38_509.jpg,0.0
center_2025_04_30_18_12_38_565.jpg,left_2025_04_30_18_12_38_565.jpg,right_2025_04_30_18_12_38_565.jpg,0.0
center_2025_04_30_18_12_38_602.jpg,left_2025_04_30_18_12_38_602.jpg,right_2025_04_30_18_12_38_602.jpg,0.0
center_2025_04_30_18_12_38_645.jpg,left_2025_04_30_18_12_38_645.jpg,right_2025_04_30_18_12_38_645.jpg,0.0
center_2025_04_30_18_12_38_694.jpg,left_2025_04_30_18_12_38_694.jpg,right_2025_04_30_18_12_38_694.jpg,0.0
center_2025_04_30_18_12_38_739.jpg,left_2025_04_30_18_12_38_739.jpg,right_2025_04_30_18_12_38_739.jpg,0.0
center_2025_04_30_18_12_38_787.jpg,left_2025_04_30_18_12_38_787.jpg,right_2025_04_30_18_12_38_787.jpg,0.0
center_2025_04_30_18_12_38_833.jpg,left_2025_04_30_18_12_38_833.jpg,right_2025_04_30_18_12_38_833.jpg,0.0
center_2025_04_30_18_12_38_880.jpg,left_2025_04_30_18_12_38_880.jpg,right_2025_04_30_18_12_38_880.jpg,0.0
center_2025_04_30_18_12_38_934.jpg,left_2025_04_30_18_12_38_934.jpg,right_2025_04_30_18_12_38_934.jpg,0.0
center_2025_04_30_18_12_38_973.jpg,left_2025_04_30_18_12_38_973.jpg,right_2025_04_30_18_12_38_973.jpg,0.0
center_2025_04_30_18_12_39_025.jpg,left_2025_04_30_18_12_39_025.jpg,right_2025_04_30_18_12_39_025.jpg,0.0
center_2025_04_30_18_12_39_066.jpg,left_2025_04_30_18_12_39_066.jpg,right_2025_04_30_18_12_39_066.jpg,0.0
center_2025_04_30_18_12_39_117.jpg,left_2025_04_30_18_12_39_117.jpg,right_2025_04_30_18_12_39_117.jpg,0.0
center_2025_04_30_18_12_39_174.jpg,left_2025_04_30_18_12_39_174.jpg,right_2025_04_30_18_12_39_174.jpg,0.0
center_2025_04_30_18_12_39_237.jpg,left_2025_04_30_18_12_39_237.jpg,right_2025_04_30_18_12_39_237.jpg,0.0
center_2025_04_30_18_12_39_251.jpg,left_2025_04_30_18_12_39_251.jpg,right_2025_04_30_18_12_39_251.jpg,0.0
center_2025_04_30_18_12_39_302.jpg,left_2025_04_30_18_12_39_302.jpg,right_2025_04_30_18_12_39_302.jpg,0.0
center_2025_04_30_18_12_39_346.jpg,left_2025_04_30_18_12_39_346.jpg,right_2025_04_30_18_12_39_346.jpg,0.0
center_2025_04_30_18_12_39_396.jpg,left_2025_04_30_18_12_39_396.jpg,right_2025_04_30_18_12_39_396.jpg,0.0
center_2025_04_30_18_12_39_439.jpg,left_2025_04_30_18_12_39_439.jpg,right_2025_04_30_18_12_39_439.jpg,0.0
center_2025_04_30_18_12_39_488.jpg,left_2025_04_30_18_12_39_488.jpg,right_2025_04_30_18_12_39_488.jpg,0.0
center_2025_04_30_18_12_39_532.jpg,left_2025_04_30_18_12_39_532.jpg,right_2025_04_30_18_12_39_532.jpg,0.0
center_2025_04_30_18_12_39_581.jpg,left_2025_04_30_18_12_39_581.jpg,right_2025_04_30_18_12_39_581.jpg,0.0
center_2025_04_30_18_12_39_628.jpg,left_2025_04_30_18_12_39_628.jpg,right_2025_04_30_18_12_39_628.jpg,0.0
center_2025_04_30_18_12_39_673.jpg,left_2025_04_30_18_12_39_673.jpg,right_2025_04_30_18_12_39_673.jpg,0.0
center_2025_04_30_18_12_39_718.jpg,left_2025_04_30_18_12_39_718.jpg,right_2025_04_30_18_12_39_718.jpg,0.0
center_2025_04_30_18_12_39_766.jpg,left_2025_04_30_18_12_39_766.jpg,right_2025_04_30_18_12_39_766.jpg,0.0
center_2025_04_30_18_12_39_812.jpg,left_2025_04_30_18_12_39_812.jpg,right_2025_04_30_18_12_39_812.jpg,0.0
center_2025_04_30_18_12_39_858.jpg,left_2025_04_30_18_12_39_858.jpg,right_2025_04_30_18_12_39_858.jpg,0.0
center_2025_04_30_18_12_39_906.jpg,left_2025_04_30_18_12_39_906.jpg,right_2025_04_30_18_12_39_906.jpg,0.0
center_2025_04_30_18_12_39_954.jpg,left_2025_04_30_18_12_39_954.jpg,right_2025_04_30_18_12_39_954.jpg,0.0
center_2025_04_30_18_12_40_003.jpg,left_2025_04_30_18_12_40_003.jpg,right_2025_04_30_18_12_40_003.jpg,0.0
center_2025_04_30_18_12_40_046.jpg,left_2025_04_30_18_12_40_046.jpg,right_2025_04_30_18_12_40_046.jpg,0.0
center_2025_04_30_18_12_40_096.jpg,left_2025_04_30_18_12_40_096.jpg,right_2025_04_30_18_12_40_096.jpg,0.0
center_2025_04_30_18_12_40_140.jpg,left_2025_04_30_18_12_40_140.jpg,right_2025_04_30_18_12_40_140.jpg,0.0
center_2025_04_30_18_12_40_189.jpg,left_2025_04_30_18_12_40_189.jpg,right_2025_04_30_18_12_40_189.jpg,0.0
center_2025_04_30_18_12_40_231.jpg,left_2025_04_30_18_12_40_231.jpg,right_2025_04_30_18_12_40_231.jpg,0.0
center_2025_04_30_18_12_40_292.jpg,left_2025_04_30_18_12_40_292.jpg,right_2025_04_30_18_12_40_292.jpg,0.0
center_2025_04_30_18_12_40_326.jpg,left_2025_04_30_18_12_40_326.jpg,right_2025_04_30_18_12_40_326.jpg,0.0
center_2025_04_30_18_12_40_375.jpg,left_2025_04_30_18_12_40_375.jpg,right_2025_04_30_18_12_40_375.jpg,0.0
center_2025_04_30_18_12_40_422.jpg,left_2025_04_30_18_12_40_422.jpg,right_2025_04_30_18_12_40_422.jpg,0.0
center_2025_04_30_18_12_40_469.jpg,left_2025_04_30_18_12_40_469.jpg,right_2025_04_30_18_12_40_469.jpg,0.0
center_2025_04_30_18_12_40_514.jpg,left_2025_04_30_18_12_40_514.jpg,right_2025_04_30_18_12_40_514.jpg,0.0
center_2025_04_30_18_12_40_562.jpg,left_2025_04_30_18_12_40_562.jpg,right_2025_04_30_18_12_40_562.jpg,0.0
center_2025_04_30_18_12_40_611.jpg,left_2025_04_30_18_12_40_611.jpg,right_2025_04_30_18_12_40_611.jpg,0.0
center_2025_04_30_18_12_40_661.jpg,left_2025_04_30_18_12_40_661.jpg,right_2025_04_30_18_12_40_661.jpg,0.0
center_2025_04_30_18_12_40_704.jpg,left_2025_04_30_18_12_40_704.jpg,right_2025_04_30_18_12_40_704.jpg,0.0
center_2025_04_30_18_12_40_747.jpg,left_2025_04_30_18_12_40_747.jpg,right_2025_04_30_18_12_40_747.jpg,0.0
center_2025_04_30_18_12_40_798.jpg,left_2025_04_30_18_12_40_798.jpg,right_2025_04_30_18_12_40_798.jpg,0.0
center_2025_04_30_18_12_40_840.jpg,left_2025_04_30_18_12_40_840.jpg,right_2025_04_30_18_12_40_840.jpg,0.0
center_2025_04_30_18_12_40_890.jpg,left_2025_04_30_18_12_40_890.jpg,right_2025_04_30_18_12_40_890.jpg,0.0
center_2025_04_30_18_12_40_933.jpg,left_2025_04_30_18_12_40_933.jpg,right_2025_04_30_18_12_40_933.jpg,0.0
center_2025_04_30_18_12_40_982.jpg,left_2025_04_30_18_12_40_982.jpg,right_2025_04_30_18_12_40_982.jpg,0.0
center_2025_04_30_18_12_41_025.jpg,left_2025_04_30_18_12_41_025.jpg,right_2025_04_30_18_12_41_025.jpg,0.0
center_2025_04_30_18_12_41_076.jpg,left_2025_04_30_18_12_41_076.jpg,right_2025_04_30_18_12_41_076.jpg,0.0
center_2025_04_30_18_12_41_119.jpg,left_2025_04_30_18_12_41_119.jpg,right_2025_04_30_18_12_41_119.jpg,0.0
center_2025_04_30_18_12_41_169.jpg,left_2025_04_30_18_12_41_169.jpg,right_2025_04_30_18_12_41_169.jpg,0.0
center_2025_04_30_18_12_41_214.jpg,left_2025_04_30_18_12_41_214.jpg,right_2025_04_30_18_12_41_214.jpg,0.0
center_2025_04_30_18_12_41_261.jpg,left_2025_04_30_18_12_41_261.jpg,right_2025_04_30_18_12_41_261.jpg,0.0
center_2025_04_30_18_12_41_306.jpg,left_2025_04_30_18_12_41_306.jpg,right_2025_04_30_18_12_41_306.jpg,0.0
center_2025_04_30_18_12_41_353.jpg,left_2025_04_30_18_12_41_353.jpg,right_2025_04_30_18_12_41_353.jpg,0.0
center_2025_04_30_18_12_41_399.jpg,left_2025_04_30_18_12_41_399.jpg,right_2025_04_30_18_12_41_399.jpg,0.0
center_2025_04_30_18_12_41_447.jpg,left_2025_04_30_18_12_41_447.jpg,right_2025_04_30_18_12_41_447.jpg,0.0
center_2025_04_30_18_12_41_490.jpg,left_2025_04_30_18_12_41_490.jpg,right_2025_04_30_18_12_41_490.jpg,0.0
center_2025_04_30_18_12_41_540.jpg,left_2025_04_30_18_12_41_540.jpg,right_2025_04_30_18_12_41_540.jpg,0.0
center_2025_04_30_18_12_41_582.jpg,left_2025_04_30_18_12_41_582.jpg,right_2025_04_30_18_12_41_582.jpg,0.0
center_2025_04_30_18_12_41_633.jpg,left_2025_04_30_18_12_41_633.jpg,right_2025_04_30_18_12_41_633.jpg,0.0
center_2025_04_30_18_12_41_676.jpg,left_2025_04_30_18_12_41_676.jpg,right_2025_04_30_18_12_41_676.jpg,0.0
center_2025_04_30_18_12_41_725.jpg,left_2025_04_30_18_12_41_725.jpg,right_2025_04_30_18_12_41_725.jpg,0.0
center_2025_04_30_18_12_41_773.jpg,left_2025_04_30_18_12_41_773.jpg,right_2025_04_30_18_12_41_773.jpg,0.0
center_2025_04_30_18_12_41_818.jpg,left_2025_04_30_18_12_41_818.jpg,right_2025_04_30_18_12_41_818.jpg,0.0
center_2025_04_30_18_12_41_863.jpg,left_2025_04_30_18_12_41_863.jpg,right_2025_04_30_18_12_41_863.jpg,0.0
center_2025_04_30_18_12_41_912.jpg,left_2025_04_30_18_12_41_912.jpg,right_2025_04_30_18_12_41_912.jpg,0.0
center_2025_04_30_18_12_41_956.jpg,left_2025_04_30_18_12_41_956.jpg,right_2025_04_30_18_12_41_956.jpg,0.0
center_2025_04_30_18_12_42_005.jpg,left_2025_04_30_18_12_42_005.jpg,right_2025_04_30_18_12_42_005.jpg,0.0
center_2025_04_30_18_12_42_050.jpg,left_2025_04_30_18_12_42_050.jpg,right_2025_04_30_18_12_42_050.jpg,0.0
center_2025_04_30_18_12_42_098.jpg,left_2025_04_30_18_12_42_098.jpg,right_2025_04_30_18_12_42_098.jpg,0.0
center_2025_04_30_18_12_42_147.jpg,left_2025_04_30_18_12_42_147.jpg,right_2025_04_30_18_12_42_147.jpg,0.0
center_2025_04_30_18_12_42_190.jpg,left_2025_04_30_18_12_42_190.jpg,right_2025_04_30_18_12_42_190.jpg,0.0
center_2025_04_30_18_12_42_240.jpg,left_2025_04_30_18_12_42_240.jpg,right_2025_04_30_18_12_42_240.jpg,0.0
center_2025_04_30_18_12_42_283.jpg,left_2025_04_30_18_12_42_283.jpg,right_2025_04_30_18_12_42_283.jpg,0.0
center_2025_04_30_18_12_42_339.jpg,left_2025_04_30_18_12_42_339.jpg,right_2025_04_30_18_12_42_339.jpg,0.0
center_2025_04_30_18_12_42_405.jpg,left_2025_04_30_18_12_42_405.jpg,right_2025_04_30_18_12_42_405.jpg,0.0
center_2025_04_30_18_12_42_426.jpg,left_2025_04_30_18_12_42_426.jpg,right_2025_04_30_18_12_42_426.jpg,0.0
center_2025_04_30_18_12_42_470.jpg,left_2025_04_30_18_12_42_470.jpg,right_2025_04_30_18_12_42_470.jpg,0.0
center_2025_04_30_18_12_42_519.jpg,left_2025_04_30_18_12_42_519.jpg,right_2025_04_30_18_12_42_519.jpg,0.0
center_2025_04_30_18_12_42_565.jpg,left_2025_04_30_18_12_42_565.jpg,right_2025_04_30_18_12_42_565.jpg,0.0
center_2025_04_30_18_12_42_613.jpg,left_2025_04_30_18_12_42_613.jpg,right_2025_04_30_18_12_42_613.jpg,0.0
center_2025_04_30_18_12_42_658.jpg,left_2025_04_30_18_12_42_658.jpg,right_2025_04_30_18_12_42_658.jpg,0.0
center_2025_04_30_18_12_42_707.jpg,left_2025_04_30_18_12_42_707.jpg,right_2025_04_30_18_12_42_707.jpg,0.0
center_2025_04_30_18_12_42_771.jpg,left_2025_04_30_18_12_42_771.jpg,right_2025_04_30_18_12_42_771.jpg,0.0
center_2025_04_30_18_12_42_800.jpg,left_2025_04_30_18_12_42_800.jpg,right_2025_04_30_18_12_42_800.jpg,0.0
center_2025_04_30_18_12_42_848.jpg,left_2025_04_30_18_12_42_848.jpg,right_2025_04_30_18_12_42_848.jpg,0.0
center_2025_04_30_18_12_42_892.jpg,left_2025_04_30_18_12_42_892.jpg,right_2025_04_30_18_12_42_892.jpg,0.0
center_2025_04_30_18_12_42_941.jpg,left_2025_04_30_18_12_42_941.jpg,right_2025_04_30_18_12_42_941.jpg,0.0116
center_2025_04_30_18_12_42_988.jpg,left_2025_04_30_18_12_42_988.jpg,right_2025_04_30_18_12_42_988.jpg,0.026
center_2025_04_30_18_12_43_035.jpg,left_2025_04_30_18_12_43_035.jpg,right_2025_04_30_18_12_43_035.jpg,0.0413
center_2025_04_30_18_12_43_086.jpg,left_2025_04_30_18_12_43_086.jpg,right_2025_04_30_18_12_43_086.jpg,0.0575
center_2025_04_30_18_12_43_128.jpg,left_2025_04_30_18_12_43_128.jpg,right_2025_04_30_18_12_43_128.jpg,0.075
center_2025_04_30_18_12_43_178.jpg,left_2025_04_30_18_12_43_178.jpg,right_2025_04_30_18_12_43_178.jpg,0.0821
center_2025_04_30_18_12_43_220.jpg,left_2025_04_30_18_12_43_220.jpg,right_2025_04_30_18_12_43_220.jpg,0.0866
center_2025_04_30_18_12_43_271.jpg,left_2025_04_30_18_12_43_271.jpg,right_2025_04_30_18_12_43_271.jpg,0.0917
center_2025_04_30_18_12_43_314.jpg,left_2025_04_30_18_12_43_314.jpg,right_2025_04_30_18_12_43_314.jpg,0.0976
center_2025_04_30_18_12_43_363.jpg,left_2025_04_30_18_12_43_363.jpg,right_2025_04_30_18_12_43_363.jpg,0.1036
center_2025_04_30_18_12_43_408.jpg,left_2025_04_30_18_12_43_408.jpg,right_2025_04_30_18_12_43_408.jpg,0.1107
center_2025_04_30_18_12_43_456.jpg,left_2025_04_30_18_12_43_456.jpg,right_2025_04_30_18_12_43_456.jpg,0.1203
center_2025_04_30_18_12_43_501.jpg,left_2025_04_30_18_12_43_501.jpg,right_2025_04_30_18_12_43_501.jpg,0.1299
center_2025_04_30_18_12_43_549.jpg,left_2025_04_30_18_12_43_549.jpg,right_2025_04_30_18_12_43_549.jpg,0.139
center_2025_04_30_18_12_43_594.jpg,left_2025_04_30_18_12_43_594.jpg,right_2025_04_30_18_12_43_594.jpg,0.1466
center_2025_04_30_18_12_43_641.jpg,left_2025_04_30_18_12_43_641.jpg,right_2025_04_30_18_12_43_641.jpg,0.152
center_2025_04_30_18_12_43_687.jpg,left_2025_04_30_18_12_43_687.jpg,right_2025_04_30_18_12_43_687.jpg,0.1548
center_2025_04_30_18_12_43_735.jpg,left_2025_04_30_18_12_43_735.jpg,right_2025_04_30_18_12_43_735.jpg,0.1563
center_2025_04_30_18_12_43_782.jpg,left_2025_04_30_18_12_43_782.jpg,right_2025_04_30_18_12_43_782.jpg,0.1565
center_2025_04_30_18_12_43_832.jpg,left_2025_04_30_18_12_43_832.jpg,right_2025_04_30_18_12_43_832.jpg,0.1568
center_2025_04_30_18_12_43_876.jpg,left_2025_04_30_18_12_43_876.jpg,right_2025_04_30_18_12_43_876.jpg,0.1571
center_2025_04_30_18_12_43_923.jpg,left_2025_04_30_18_12_43_923.jpg,right_2025_04_30_18_12_43_923.jpg,0.1574
center_2025_04_30_18_12_43_972.jpg,left_2025_04_30_18_12_43_972.jpg,right_2025_04_30_18_12_43_972.jpg,0.1577
center_2025_04_30_18_12_44_013.jpg,left_2025_04_30_18_12_44_013.jpg,right_2025_04_30_18_12_44_013.jpg,0.1579
center_2025_04_30_18_12_44_061.jpg,left_2025_04_30_18_12_44_061.jpg,right_2025_04_30_18_12_44_061.jpg,0.1582
center_2025_04_30_18_12_44_108.jpg,left_2025_04_30_18_12_44_108.jpg,right_2025_04_30_18_12_44_108.jpg,0.1585
center_2025_04_30_18_12_44_152.jpg,left_2025_04_30_18_12_44_152.jpg,right_2025_04_30_18_12_44_152.jpg,0.1585
center_2025_04_30_18_12_44_200.jpg,left_2025_04_30_18_12_44_200.jpg,right_2025_04_30_18_12_44_200.jpg,0.1585
center_2025_04_30_18_12_44_251.jpg,left_2025_04_30_18_12_44_251.jpg,right_2025_04_30_18_12_44_251.jpg,0.1585
center_2025_04_30_18_12_44_292.jpg,left_2025_04_30_18_12_44_292.jpg,right_2025_04_30_18_12_44_292.jpg,0.1585
center_2025_04_30_18_12_44_337.jpg,left_2025_04_30_18_12_44_337.jpg,right_2025_04_30_18_12_44_337.jpg,0.1585
center_2025_04_30_18_12_44_384.jpg,left_2025_04_30_18_12_44_384.jpg,right_2025_04_30_18_12_44_384.jpg,0.1585
center_2025_04_30_18_12_44_430.jpg,left_2025_04_30_18_12_44_430.jpg,right_2025_04_30_18_12_44_430.jpg,0.1585
center_2025_04_30_18_12_44_477.jpg,left_2025_04_30_18_12_44_477.jpg,right_2025_04_30_18_12_44_477.jpg,0.1588
center_2025_04_30_18_12_44_528.jpg,left_2025_04_30_18_12_44_528.jpg,right_2025_04_30_18_12_44_528.jpg,0.1591
center_2025_04_30_18_12_44_570.jpg,left_2025_04_30_18_12_44_570.jpg,right_2025_04_30_18_12_44_570.jpg,0.1593
center_2025_04_30_18_12_44_617.jpg,left_2025_04_30_18_12_44_617.jpg,right_2025_04_30_18_12_44_617.jpg,0.1596
center_2025_04_30_18_12_44_663.jpg,left_2025_04_30_18_12_44_663.jpg,right_2025_04_30_18_12_44_663.jpg,0.1599
center_2025_04_30_18_12_44_714.jpg,left_2025_04_30_18_12_44_714.jpg,right_2025_04_30_18_12_44_714.jpg,0.1599
center_2025_04_30_18_12_44_757.jpg,left_2025_04_30_18_12_44_757.jpg,right_2025_04_30_18_12_44_757.jpg,0.1599
center_2025_04_30_18_12_44_808.jpg,left_2025_04_30_18_12_44_808.jpg,right_2025_04_30_18_12_44_808.jpg,0.1599
center_2025_04_30_18_12_44_849.jpg,left_2025_04_30_18_12_44_849.jpg,right_2025_04_30_18_12_44_849.jpg,0.1599
center_2025_04_30_18_12_44_900.jpg,left_2025_04_30_18_12_44_900.jpg,right_2025_04_30_18_12_44_900.jpg,0.1599
center_2025_04_30_18_12_44_943.jpg,left_2025_04_30_18_12_44_943.jpg,right_2025_04_30_18_12_44_943.jpg,0.1602
center_2025_04_30_18_12_44_992.jpg,left_2025_04_30_18_12_44_992.jpg,right_2025_04_30_18_12_44_992.jpg,0.1602
center_2025_04_30_18_12_45_036.jpg,left_2025_04_30_18_12_45_036.jpg,right_2025_04_30_18_12_45_036.jpg,0.1602
center_2025_04_30_18_12_45_085.jpg,left_2025_04_30_18_12_45_085.jpg,right_2025_04_30_18_12_45_085.jpg,0.1602
center_2025_04_30_18_12_45_127.jpg,left_2025_04_30_18_12_45_127.jpg,right_2025_04_30_18_12_45_127.jpg,0.1602
center_2025_04_30_18_12_45_178.jpg,left_2025_04_30_18_12_45_178.jpg,right_2025_04_30_18_12_45_178.jpg,0.1596
center_2025_04_30_18_12_45_221.jpg,left_2025_04_30_18_12_45_221.jpg,right_2025_04_30_18_12_45_221.jpg,0.1599
center_2025_04_30_18_12_45_271.jpg,left_2025_04_30_18_12_45_271.jpg,right_2025_04_30_18_12_45_271.jpg,0.1599
center_2025_04_30_18_12_45_315.jpg,left_2025_04_30_18_12_45_315.jpg,right_2025_04_30_18_12_45_315.jpg,0.1602
center_2025_04_30_18_12_45_363.jpg,left_2025_04_30_18_12_45_363.jpg,right_2025_04_30_18_12_45_363.jpg,0.1602
center_2025_04_30_18_12_45_408.jpg,left_2025_04_30_18_12_45_408.jpg,right_2025_04_30_18_12_45_408.jpg,0.1605
center_2025_04_30_18_12_45_456.jpg,left_2025_04_30_18_12_45_456.jpg,right_2025_04_30_18_12_45_456.jpg,0.1602
center_2025_04_30_18_12_45_502.jpg,left_2025_04_30_18_12_45_502.jpg,right_2025_04_30_18_12_45_502.jpg,0.1607
center_2025_04_30_18_12_45_549.jpg,left_2025_04_30_18_12_45_549.jpg,right_2025_04_30_18_12_45_549.jpg,0.1605
center_2025_04_30_18_12_45_600.jpg,left_2025_04_30_18_12_45_600.jpg,right_2025_04_30_18_12_45_600.jpg,0.1605
center_2025_04_30_18_12_45_644.jpg,left_2025_04_30_18_12_45_644.jpg,right_2025_04_30_18_12_45_644.jpg,0.1605
center_2025_04_30_18_12_45_693.jpg,left_2025_04_30_18_12_45_693.jpg,right_2025_04_30_18_12_45_693.jpg,0.1605
center_2025_04_30_18_12_45_739.jpg,left_2025_04_30_18_12_45_739.jpg,right_2025_04_30_18_12_45_739.jpg,0.1602
center_2025_04_30_18_12_45_785.jpg,left_2025_04_30_18_12_45_785.jpg,right_2025_04_30_18_12_45_785.jpg,0.1605
center_2025_04_30_18_12_45_832.jpg,left_2025_04_30_18_12_45_832.jpg,right_2025_04_30_18_12_45_832.jpg,0.1607
center_2025_04_30_18_12_45_880.jpg,left_2025_04_30_18_12_45_880.jpg,right_2025_04_30_18_12_45_880.jpg,0.161
center_2025_04_30_18_12_45_925.jpg,left_2025_04_30_18_12_45_925.jpg,right_2025_04_30_18_12_45_925.jpg,0.161
center_2025_04_30_18_12_45_971.jpg,left_2025_04_30_18_12_45_971.jpg,right_2025_04_30_18_12_45_971.jpg,0.161
center_2025_04_30_18_12_46_017.jpg,left_2025_04_30_18_12_46_017.jpg,right_2025_04_30_18_12_46_017.jpg,0.1607
center_2025_04_30_18_12_46_064.jpg,left_2025_04_30_18_12_46_064.jpg,right_2025_04_30_18_12_46_064.jpg,0.1605
center_2025_04_30_18_12_46_116.jpg,left_2025_04_30_18_12_46_116.jpg,right_2025_04_30_18_12_46_116.jpg,0.1605
center_2025_04_30_18_12_46_161.jpg,left_2025_04_30_18_12_46_161.jpg,right_2025_04_30_18_12_46_161.jpg,0.1605
center_2025_04_30_18_12_46_209.jpg,left_2025_04_30_18_12_46_209.jpg,right_2025_04_30_18_12_46_209.jpg,0.1602
center_2025_04_30_18_12_46_254.jpg,left_2025_04_30_18_12_46_254.jpg,right_2025_04_30_18_12_46_254.jpg,0.1602
center_2025_04_30_18_12_46_301.jpg,left_2025_04_30_18_12_46_301.jpg,right_2025_04_30_18_12_46_301.jpg,0.1605
center_2025_04_30_18_12_46_349.jpg,left_2025_04_30_18_12_46_349.jpg,right_2025_04_30_18_12_46_349.jpg,0.1602
center_2025_04_30_18_12_46_395.jpg,left_2025_04_30_18_12_46_395.jpg,right_2025_04_30_18_12_46_395.jpg,0.1602
center_2025_04_30_18_12_46_445.jpg,left_2025_04_30_18_12_46_445.jpg,right_2025_04_30_18_12_46_445.jpg,0.1605
center_2025_04_30_18_12_46_487.jpg,left_2025_04_30_18_12_46_487.jpg,right_2025_04_30_18_12_46_487.jpg,0.1605
center_2025_04_30_18_12_46_533.jpg,left_2025_04_30_18_12_46_533.jpg,right_2025_04_30_18_12_46_533.jpg,0.1602
center_2025_04_30_18_12_46_581.jpg,left_2025_04_30_18_12_46_581.jpg,right_2025_04_30_18_12_46_581.jpg,0.1602
center_2025_04_30_18_12_46_631.jpg,left_2025_04_30_18_12_46_631.jpg,right_2025_04_30_18_12_46_631.jpg,0.1602
center_2025_04_30_18_12_46_674.jpg,left_2025_04_30_18_12_46_674.jpg,right_2025_04_30_18_12_46_674.jpg,0.1599
center_2025_04_30_18_12_46_724.jpg,left_2025_04_30_18_12_46_724.jpg,right_2025_04_30_18_12_46_724.jpg,0.1596
center_2025_04_30_18_12_46_767.jpg,left_2025_04_30_18_12_46_767.jpg,right_2025_04_30_18_12_46_767.jpg,0.1554
center_2025_04_30_18_12_46_841.jpg,left_2025_04_30_18_12_46_841.jpg,right_2025_04_30_18_12_46_841.jpg,0.1483
center_2025_04_30_18_12_46_860.jpg,left_2025_04_30_18_12_46_860.jpg,right_2025_04_30_18_12_46_860.jpg,0.1404
center_2025_04_30_18_12_46_910.jpg,left_2025_04_30_18_12_46_910.jpg,right_2025_04_30_18_12_46_910.jpg,0.1319
center_2025_04_30_18_12_46_954.jpg,left_2025_04_30_18_12_46_954.jpg,right_2025_04_30_18_12_46_954.jpg,0.1231
center_2025_04_30_18_12_47_003.jpg,left_2025_04_30_18_12_47_003.jpg,right_2025_04_30_18_12_47_003.jpg,0.1172
center_2025_04_30_18_12_47_047.jpg,left_2025_04_30_18_12_47_047.jpg,right_2025_04_30_18_12_47_047.jpg,0.1135
center_2025_04_30_18_12_47_128.jpg,left_2025_04_30_18_12_47_128.jpg,right_2025_04_30_18_12_47_128.jpg,0.1104
center_2025_04_30_18_12_47_157.jpg,left_2025_04_30_18_12_47_157.jpg,right_2025_04_30_18_12_47_157.jpg,0.1075
center_2025_04_30_18_12_47_202.jpg,left_2025_04_30_18_12_47_202.jpg,right_2025_04_30_18_12_47_202.jpg,0.1053
center_2025_04_30_18_12_47_249.jpg,left_2025_04_30_18_12_47_249.jpg,right_2025_04_30_18_12_47_249.jpg,0.1041
center_2025_04_30_18_12_47_295.jpg,left_2025_04_30_18_12_47_295.jpg,right_2025_04_30_18_12_47_295.jpg,0.1033
center_2025_04_30_18_12_47_343.jpg,left_2025_04_30_18_12_47_343.jpg,right_2025_04_30_18_12_47_343.jpg,0.1025
center_2025_04_30_18_12_47_389.jpg,left_2025_04_30_18_12_47_389.jpg,right_2025_04_30_18_12_47_389.jpg,0.1019
center_2025_04_30_18_12_47_436.jpg,left_2025_04_30_18_12_47_436.jpg,right_2025_04_30_18_12_47_436.jpg,0.1011
center_2025_04_30_18_12_47_483.jpg,left_2025_04_30_18_12_47_483.jpg,right_2025_04_30_18_12_47_483.jpg,0.1002
center_2025_04_30_18_12_47_529.jpg,left_2025_04_30_18_12_47_529.jpg,right_2025_04_30_18_12_47_529.jpg,0.0991
center_2025_04_30_18_12_47_580.jpg,left_2025_04_30_18_12_47_580.jpg,right_2025_04_30_18_12_47_580.jpg,0.0974
center_2025_04_30_18_12_47_621.jpg,left_2025_04_30_18_12_47_621.jpg,right_2025_04_30_18_12_47_621.jpg,0.0954
center_2025_04_30_18_12_47_672.jpg,left_2025_04_30_18_12_47_672.jpg,right_2025_04_30_18_12_47_672.jpg,0.0931
center_2025_04_30_18_12_47_714.jpg,left_2025_04_30_18_12_47_714.jpg,right_2025_04_30_18_12_47_714.jpg,0.0903
center_2025_04_30_18_12_47_765.jpg,left_2025_04_30_18_12_47_765.jpg,right_2025_04_30_18_12_47_765.jpg,0.0877
center_2025_04_30_18_12_47_808.jpg,left_2025_04_30_18_12_47_808.jpg,right_2025_04_30_18_12_47_808.jpg,0.0855
center_2025_04_30_18_12_47_858.jpg,left_2025_04_30_18_12_47_858.jpg,right_2025_04_30_18_12_47_858.jpg,0.0832
center_2025_04_30_18_12_47_902.jpg,left_2025_04_30_18_12_47_902.jpg,right_2025_04_30_18_12_47_902.jpg,0.0812
center_2025_04_30_18_12_47_950.jpg,left_2025_04_30_18_12_47_950.jpg,right_2025_04_30_18_12_47_950.jpg,0.0792
center_2025_04_30_18_12_47_994.jpg,left_2025_04_30_18_12_47_994.jpg,right_2025_04_30_18_12_47_994.jpg,0.077
center_2025_04_30_18_12_48_043.jpg,left_2025_04_30_18_12_48_043.jpg,right_2025_04_30_18_12_48_043.jpg,0.0733
center_2025_04_30_18_12_48_088.jpg,left_2025_04_30_18_12_48_088.jpg,right_2025_04_30_18_12_48_088.jpg,0.0679
center_2025_04_30_18_12_48_136.jpg,left_2025_04_30_18_12_48_136.jpg,right_2025_04_30_18_12_48_136.jpg,0.0524
center_2025_04_30_18_12_48_182.jpg,left_2025_04_30_18_12_48_182.jpg,right_2025_04_30_18_12_48_182.jpg,0.0374
center_2025_04_30_18_12_48_228.jpg,left_2025_04_30_18_12_48_228.jpg,right_2025_04_30_18_12_48_228.jpg,0.0229
center_2025_04_30_18_12_48_274.jpg,left_2025_04_30_18_12_48_274.jpg,right_2025_04_30_18_12_48_274.jpg,0.0105
center_2025_04_30_18_12_48_321.jpg,left_2025_04_30_18_12_48_321.jpg,right_2025_04_30_18_12_48_321.jpg,0.0
center_2025_04_30_18_12_48_367.jpg,left_2025_04_30_18_12_48_367.jpg,right_2025_04_30_18_12_48_367.jpg,0.0
center_2025_04_30_18_12_48_415.jpg,left_2025_04_30_18_12_48_415.jpg,right_2025_04_30_18_12_48_415.jpg,0.0
center_2025_04_30_18_12_48_465.jpg,left_2025_04_30_18_12_48_465.jpg,right_2025_04_30_18_12_48_465.jpg,0.0
center_2025_04_30_18_12_48_509.jpg,left_2025_04_30_18_12_48_509.jpg,right_2025_04_30_18_12_48_509.jpg,0.0
center_2025_04_30_18_12_48_558.jpg,left_2025_04_30_18_12_48_558.jpg,right_2025_04_30_18_12_48_558.jpg,0.0
center_2025_04_30_18_12_48_601.jpg,left_2025_04_30_18_12_48_601.jpg,right_2025_04_30_18_12_48_601.jpg,0.0
center_2025_04_30_18_12_48_651.jpg,left_2025_04_30_18_12_48_651.jpg,right_2025_04_30_18_12_48_651.jpg,0.0
center_2025_04_30_18_12_48_694.jpg,left_2025_04_30_18_12_48_694.jpg,right_2025_04_30_18_12_48_694.jpg,0.0
center_2025_04_30_18_12_48_744.jpg,left_2025_04_30_18_12_48_744.jpg,right_2025_04_30_18_12_48_744.jpg,0.0
center_2025_04_30_18_12_48_789.jpg,left_2025_04_30_18_12_48_789.jpg,right_2025_04_30_18_12_48_789.jpg,0.0
center_2025_04_30_18_12_48_836.jpg,left_2025_04_30_18_12_48_836.jpg,right_2025_04_30_18_12_48_836.jpg,0.0
center_2025_04_30_18_12_48_880.jpg,left_2025_04_30_18_12_48_880.jpg,right_2025_04_30_18_12_48_880.jpg,0.0
center_2025_04_30_18_12_48_930.jpg,left_2025_04_30_18_12_48_930.jpg,right_2025_04_30_18_12_48_930.jpg,0.0
center_2025_04_30_18_12_48_975.jpg,left_2025_04_30_18_12_48_975.jpg,right_2025_04_30_18_12_48_975.jpg,0.0
center_2025_04_30_18_12_49_023.jpg,left_2025_04_30_18_12_49_023.jpg,right_2025_04_30_18_12_49_023.jpg,0.0
center_2025_04_30_18_12_49_068.jpg,left_2025_04_30_18_12_49_068.jpg,right_2025_04_30_18_12_49_068.jpg,0.0
center_2025_04_30_18_12_49_115.jpg,left_2025_04_30_18_12_49_115.jpg,right_2025_04_30_18_12_49_115.jpg,0.0
center_2025_04_30_18_12_49_162.jpg,left_2025_04_30_18_12_49_162.jpg,right_2025_04_30_18_12_49_162.jpg,0.0
center_2025_04_30_18_12_49_224.jpg,left_2025_04_30_18_12_49_224.jpg,right_2025_04_30_18_12_49_224.jpg,0.0
center_2025_04_30_18_12_49_261.jpg,left_2025_04_30_18_12_49_261.jpg,right_2025_04_30_18_12_49_261.jpg,0.0
center_2025_04_30_18_12_49_302.jpg,left_2025_04_30_18_12_49_302.jpg,right_2025_04_30_18_12_49_302.jpg,0.0
center_2025_04_30_18_12_49_352.jpg,left_2025_04_30_18_12_49_352.jpg,right_2025_04_30_18_12_49_352.jpg,0.0
center_2025_04_30_18_12_49_394.jpg,left_2025_04_30_18_12_49_394.jpg,right_2025_04_30_18_12_49_394.jpg,0.0
center_2025_04_30_18_12_49_440.jpg,left_2025_04_30_18_12_49_440.jpg,right_2025_04_30_18_12_49_440.jpg,0.0
center_2025_04_30_18_12_49_486.jpg,left_2025_04_30_18_12_49_486.jpg,right_2025_04_30_18_12_49_486.jpg,0.0
center_2025_04_30_18_12_49_533.jpg,left_2025_04_30_18_12_49_533.jpg,right_2025_04_30_18_12_49_533.jpg,0.0
center_2025_04_30_18_12_49_580.jpg,left_2025_04_30_18_12_49_580.jpg,right_2025_04_30_18_12_49_580.jpg,0.0
center_2025_04_30_18_12_49_631.jpg,left_2025_04_30_18_12_49_631.jpg,right_2025_04_30_18_12_49_631.jpg,0.0
center_2025_04_30_18_12_49_673.jpg,left_2025_04_30_18_12_49_673.jpg,right_2025_04_30_18_12_49_673.jpg,0.0
center_2025_04_30_18_12_49_724.jpg,left_2025_04_30_18_12_49_724.jpg,right_2025_04_30_18_12_49_724.jpg,0.0
center_2025_04_30_18_12_49_766.jpg,left_2025_04_30_18_12_49_766.jpg,right_2025_04_30_18_12_49_766.jpg,0.0
center_2025_04_30_18_12_49_816.jpg,left_2025_04_30_18_12_49_816.jpg,right_2025_04_30_18_12_49_816.jpg,0.0
center_2025_04_30_18_12_49_859.jpg,left_2025_04_30_18_12_49_859.jpg,right_2025_04_30_18_12_49_859.jpg,0.0
center_2025_04_30_18_12_49_909.jpg,left_2025_04_30_18_12_49_909.jpg,right_2025_04_30_18_12_49_909.jpg,0.0
center_2025_04_30_18_12_49_953.jpg,left_2025_04_30_18_12_49_953.jpg,right_2025_04_30_18_12_49_953.jpg,0.0
center_2025_04_30_18_12_50_001.jpg,left_2025_04_30_18_12_50_001.jpg,right_2025_04_30_18_12_50_001.jpg,0.0
center_2025_04_30_18_12_50_047.jpg,left_2025_04_30_18_12_50_047.jpg,right_2025_04_30_18_12_50_047.jpg,0.0
center_2025_04_30_18_12_50_094.jpg,left_2025_04_30_18_12_50_094.jpg,right_2025_04_30_18_12_50_094.jpg,0.0
center_2025_04_30_18_12_50_140.jpg,left_2025_04_30_18_12_50_140.jpg,right_2025_04_30_18_12_50_140.jpg,0.0
center_2025_04_30_18_12_50_187.jpg,left_2025_04_30_18_12_50_187.jpg,right_2025_04_30_18_12_50_187.jpg,0.0
center_2025_04_30_18_12_50_233.jpg,left_2025_04_30_18_12_50_233.jpg,right_2025_04_30_18_12_50_233.jpg,0.0
center_2025_04_30_18_12_50_281.jpg,left_2025_04_30_18_12_50_281.jpg,right_2025_04_30_18_12_50_281.jpg,0.0
center_2025_04_30_18_12_50_331.jpg,left_2025_04_30_18_12_50_331.jpg,right_2025_04_30_18_12_50_331.jpg,0.0
center_2025_04_30_18_12_50_375.jpg,left_2025_04_30_18_12_50_375.jpg,right_2025_04_30_18_12_50_375.jpg,0.0
center_2025_04_30_18_12_50_424.jpg,left_2025_04_30_18_12_50_424.jpg,right_2025_04_30_18_12_50_424.jpg,0.0
center_2025_04_30_18_12_50_468.jpg,left_2025_04_30_18_12_50_468.jpg,right_2025_04_30_18_12_50_468.jpg,0.0
center_2025_04_30_18_12_50_517.jpg,left_2025_04_30_18_12_50_517.jpg,right_2025_04_30_18_12_50_517.jpg,0.0
center_2025_04_30_18_12_50_563.jpg,left_2025_04_30_18_12_50_563.jpg,right_2025_04_30_18_12_50_563.jpg,0.0
center_2025_04_30_18_12_50_609.jpg,left_2025_04_30_18_12_50_609.jpg,right_2025_04_30_18_12_50_609.jpg,0.0
center_2025_04_30_18_12_50_656.jpg,left_2025_04_30_18_12_50_656.jpg,right_2025_04_30_18_12_50_656.jpg,0.0
center_2025_04_30_18_12_50_704.jpg,left_2025_04_30_18_12_50_704.jpg,right_2025_04_30_18_12_50_704.jpg,0.0
center_2025_04_30_18_12_50_754.jpg,left_2025_04_30_18_12_50_754.jpg,right_2025_04_30_18_12_50_754.jpg,0.0088
center_2025_04_30_18_12_50_797.jpg,left_2025_04_30_18_12_50_797.jpg,right_2025_04_30_18_12_50_797.jpg,0.0176
center_2025_04_30_18_12_50_847.jpg,left_2025_04_30_18_12_50_847.jpg,right_2025_04_30_18_12_50_847.jpg,0.0269
center_2025_04_30_18_12_50_891.jpg,left_2025_04_30_18_12_50_891.jpg,right_2025_04_30_18_12_50_891.jpg,0.0379
center_2025_04_30_18_12_50_940.jpg,left_2025_04_30_18_12_50_940.jpg,right_2025_04_30_18_12_50_940.jpg,0.0541
center_2025_04_30_18_12_50_985.jpg,left_2025_04_30_18_12_50_985.jpg,right_2025_04_30_18_12_50_985.jpg,0.0634
center_2025_04_30_18_12_51_032.jpg,left_2025_04_30_18_12_51_032.jpg,right_2025_04_30_18_12_51_032.jpg,0.0736
center_2025_04_30_18_12_51_079.jpg,left_2025_04_30_18_12_51_079.jpg,right_2025_04_30_18_12_51_079.jpg,0.0846
center_2025_04_30_18_12_51_124.jpg,left_2025_04_30_18_12_51_124.jpg,right_2025_04_30_18_12_51_124.jpg,0.096
center_2025_04_30_18_12_51_171.jpg,left_2025_04_30_18_12_51_171.jpg,right_2025_04_30_18_12_51_171.jpg,0.1047
center_2025_04_30_18_12_51_218.jpg,left_2025_04_30_18_12_51_218.jpg,right_2025_04_30_18_12_51_218.jpg,0.1141
center_2025_04_30_18_12_51_269.jpg,left_2025_04_30_18_12_51_269.jpg,right_2025_04_30_18_12_51_269.jpg,0.1245
center_2025_04_30_18_12_51_317.jpg,left_2025_04_30_18_12_51_317.jpg,right_2025_04_30_18_12_51_317.jpg,0.1339
center_2025_04_30_18_12_51_364.jpg,left_2025_04_30_18_12_51_364.jpg,right_2025_04_30_18_12_51_364.jpg,0.1415
center_2025_04_30_18_12_51_408.jpg,left_2025_04_30_18_12_51_408.jpg,right_2025_04_30_18_12_51_408.jpg,0.1469
center_2025_04_30_18_12_51_455.jpg,left_2025_04_30_18_12_51_455.jpg,right_2025_04_30_18_12_51_455.jpg,0.15
center_2025_04_30_18_12_51_502.jpg,left_2025_04_30_18_12_51_502.jpg,right_2025_04_30_18_12_51_502.jpg,0.1514
center_2025_04_30_18_12_51_549.jpg,left_2025_04_30_18_12_51_549.jpg,right_2025_04_30_18_12_51_549.jpg,0.1522
center_2025_04_30_18_12_51_600.jpg,left_2025_04_30_18_12_51_600.jpg,right_2025_04_30_18_12_51_600.jpg,0.1531
center_2025_04_30_18_12_51_643.jpg,left_2025_04_30_18_12_51_643.jpg,right_2025_04_30_18_12_51_643.jpg,0.1536
center_2025_04_30_18_12_51_692.jpg,left_2025_04_30_18_12_51_692.jpg,right_2025_04_30_18_12_51_692.jpg,0.1539
center_2025_04_30_18_12_51_735.jpg,left_2025_04_30_18_12_51_735.jpg,right_2025_04_30_18_12_51_735.jpg,0.1539
center_2025_04_30_18_12_51_784.jpg,left_2025_04_30_18_12_51_784.jpg,right_2025_04_30_18_12_51_784.jpg,0.1542
center_2025_04_30_18_12_51_829.jpg,left_2025_04_30_18_12_51_829.jpg,right_2025_04_30_18_12_51_829.jpg,0.1542
center_2025_04_30_18_12_51_877.jpg,left_2025_04_30_18_12_51_877.jpg,right_2025_04_30_18_12_51_877.jpg,0.1542
center_2025_04_30_18_12_51_923.jpg,left_2025_04_30_18_12_51_923.jpg,right_2025_04_30_18_12_51_923.jpg,0.1542
center_2025_04_30_18_12_51_972.jpg,left_2025_04_30_18_12_51_972.jpg,right_2025_04_30_18_12_51_972.jpg,0.1545
center_2025_04_30_18_12_52_022.jpg,left_2025_04_30_18_12_52_022.jpg,right_2025_04_30_18_12_52_022.jpg,0.1548
center_2025_04_30_18_12_52_085.jpg,left_2025_04_30_18_12_52_085.jpg,right_2025_04_30_18_12_52_085.jpg,0.1557
center_2025_04_30_18_12_52_115.jpg,left_2025_04_30_18_12_52_115.jpg,right_2025_04_30_18_12_52_115.jpg,0.1585
center_2025_04_30_18_12_52_157.jpg,left_2025_04_30_18_12_52_157.jpg,right_2025_04_30_18_12_52_157.jpg,0.1619
center_2025_04_30_18_12_52_207.jpg,left_2025_04_30_18_12_52_207.jpg,right_2025_04_30_18_12_52_207.jpg,0.1659
center_2025_04_30_18_12_52_250.jpg,left_2025_04_30_18_12_52_250.jpg,right_2025_04_30_18_12_52_250.jpg,0.1707
center_2025_04_30_18_12_52_300.jpg,left_2025_04_30_18_12_52_300.jpg,right_2025_04_30_18_12_52_300.jpg,0.176
center_2025_04_30_18_12_52_343.jpg,left_2025_04_30_18_12_52_343.jpg,right_2025_04_30_18_12_52_343.jpg,0.1806
center_2025_04_30_18_12_52_392.jpg,left_2025_04_30_18_12_52_392.jpg,right_2025_04_30_18_12_52_392.jpg,0.1857
center_2025_04_30_18_12_52_438.jpg,left_2025_04_30_18_12_52_438.jpg,right_2025_04_30_18_12_52_438.jpg,0.1913
center_2025_04_30_18_12_52_486.jpg,left_2025_04_30_18_12_52_486.jpg,right_2025_04_30_18_12_52_486.jpg,0.197
center_2025_04_30_18_12_52_532.jpg,left_2025_04_30_18_12_52_532.jpg,right_2025_04_30_18_12_52_532.jpg,0.2018
center_2025_04_30_18_12_52_578.jpg,left_2025_04_30_18_12_52_578.jpg,right_2025_04_30_18_12_52_578.jpg,0.2055
center_2025_04_30_18_12_52_625.jpg,left_2025_04_30_18_12_52_625.jpg,right_2025_04_30_18_12_52_625.jpg,0.2083
center_2025_04_30_18_12_52_671.jpg,left_2025_04_30_18_12_52_671.jpg,right_2025_04_30_18_12_52_671.jpg,0.2094
center_2025_04_30_18_12_52_718.jpg,left_2025_04_30_18_12_52_718.jpg,right_2025_04_30_18_12_52_718.jpg,0.2097
center_2025_04_30_18_12_52_765.jpg,left_2025_04_30_18_12_52_765.jpg,right_2025_04_30_18_12_52_765.jpg,0.21
center_2025_04_30_18_12_52_816.jpg,left_2025_04_30_18_12_52_816.jpg,right_2025_04_30_18_12_52_816.jpg,0.2102
center_2025_04_30_18_12_52_873.jpg,left_2025_04_30_18_12_52_873.jpg,right_2025_04_30_18_12_52_873.jpg,0.2102
center_2025_04_30_18_12_52_909.jpg,left_2025_04_30_18_12_52_909.jpg,right_2025_04_30_18_12_52_909.jpg,0.2105
center_2025_04_30_18_12_52_951.jpg,left_2025_04_30_18_12_52_951.jpg,right_2025_04_30_18_12_52_951.jpg,0.2108
center_2025_04_30_18_12_53_001.jpg,left_2025_04_30_18_12_53_001.jpg,right_2025_04_30_18_12_53_001.jpg,0.2111
center_2025_04_30_18_12_53_044.jpg,left_2025_04_30_18_12_53_044.jpg,right_2025_04_30_18_12_53_044.jpg,0.2111
center_2025_04_30_18_12_53_095.jpg,left_2025_04_30_18_12_53_095.jpg,right_2025_04_30_18_12_53_095.jpg,0.2111
center_2025_04_30_18_12_53_140.jpg,left_2025_04_30_18_12_53_140.jpg,right_2025_04_30_18_12_53_140.jpg,0.2108
center_2025_04_30_18_12_53_203.jpg,left_2025_04_30_18_12_53_203.jpg,right_2025_04_30_18_12_53_203.jpg,0.2108
center_2025_04_30_18_12_53_231.jpg,left_2025_04_30_18_12_53_231.jpg,right_2025_04_30_18_12_53_231.jpg,0.2108
center_2025_04_30_18_12_53_279.jpg,left_2025_04_30_18_12_53_279.jpg,right_2025_04_30_18_12_53_279.jpg,0.2105
center_2025_04_30_18_12_53_325.jpg,left_2025_04_30_18_12_53_325.jpg,right_2025_04_30_18_12_53_325.jpg,0.2103
center_2025_04_30_18_12_53_372.jpg,left_2025_04_30_18_12_53_372.jpg,right_2025_04_30_18_12_53_372.jpg,0.2105
center_2025_04_30_18_12_53_419.jpg,left_2025_04_30_18_12_53_419.jpg,right_2025_04_30_18_12_53_419.jpg,0.2105
center_2025_04_30_18_12_53_466.jpg,left_2025_04_30_18_12_53_466.jpg,right_2025_04_30_18_12_53_466.jpg,0.2102
center_2025_04_30_18_12_53_516.jpg,left_2025_04_30_18_12_53_516.jpg,right_2025_04_30_18_12_53_516.jpg,0.2105
center_2025_04_30_18_12_53_572.jpg,left_2025_04_30_18_12_53_572.jpg,right_2025_04_30_18_12_53_572.jpg,0.2108
center_2025_04_30_18_12_53_609.jpg,left_2025_04_30_18_12_53_609.jpg,right_2025_04_30_18_12_53_609.jpg,0.2108
center_2025_04_30_18_12_53_652.jpg,left_2025_04_30_18_12_53_652.jpg,right_2025_04_30_18_12_53_652.jpg,0.21
center_2025_04_30_18_12_53_701.jpg,left_2025_04_30_18_12_53_701.jpg,right_2025_04_30_18_12_53_701.jpg,0.2066
center_2025_04_30_18_12_53_746.jpg,left_2025_04_30_18_12_53_746.jpg,right_2025_04_30_18_12_53_746.jpg,0.2023
center_2025_04_30_18_12_53_795.jpg,left_2025_04_30_18_12_53_795.jpg,right_2025_04_30_18_12_53_795.jpg,0.1981
center_2025_04_30_18_12_53_840.jpg,left_2025_04_30_18_12_53_840.jpg,right_2025_04_30_18_12_53_840.jpg,0.1936
center_2025_04_30_18_12_53_888.jpg,left_2025_04_30_18_12_53_888.jpg,right_2025_04_30_18_12_53_888.jpg,0.1899
center_2025_04_30_18_12_53_934.jpg,left_2025_04_30_18_12_53_934.jpg,right_2025_04_30_18_12_53_934.jpg,0.1888
center_2025_04_30_18_12_53_981.jpg,left_2025_04_30_18_12_53_981.jpg,right_2025_04_30_18_12_53_981.jpg,0.1885
center_2025_04_30_18_12_54_027.jpg,left_2025_04_30_18_12_54_027.jpg,right_2025_04_30_18_12_54_027.jpg,0.1882
center_2025_04_30_18_12_54_073.jpg,left_2025_04_30_18_12_54_073.jpg,right_2025_04_30_18_12_54_073.jpg,0.1871
center_2025_04_30_18_12_54_118.jpg,left_2025_04_30_18_12_54_118.jpg,right_2025_04_30_18_12_54_118.jpg,0.1848
center_2025_04_30_18_12_54_166.jpg,left_2025_04_30_18_12_54_166.jpg,right_2025_04_30_18_12_54_166.jpg,0.1814
center_2025_04_30_18_12_54_211.jpg,left_2025_04_30_18_12_54_211.jpg,right_2025_04_30_18_12_54_211.jpg,0.1766
center_2025_04_30_18_12_54_261.jpg,left_2025_04_30_18_12_54_261.jpg,right_2025_04_30_18_12_54_261.jpg,0.1675
center_2025_04_30_18_12_54_305.jpg,left_2025_04_30_18_12_54_305.jpg,right_2025_04_30_18_12_54_305.jpg,0.1548
center_2025_04_30_18_12_54_351.jpg,left_2025_04_30_18_12_54_351.jpg,right_2025_04_30_18_12_54_351.jpg,0.1353
center_2025_04_30_18_12_54_397.jpg,left_2025_04_30_18_12_54_397.jpg,right_2025_04_30_18_12_54_397.jpg,0.1109
center_2025_04_30_18_12_54_445.jpg,left_2025_04_30_18_12_54_445.jpg,right_2025_04_30_18_12_54_445.jpg,0.0781
center_2025_04_30_18_12_54_490.jpg,left_2025_04_30_18_12_54_490.jpg,right_2025_04_30_18_12_54_490.jpg,0.0495
center_2025_04_30_18_12_54_537.jpg,left_2025_04_30_18_12_54_537.jpg,right_2025_04_30_18_12_54_537.jpg,0.0257
center_2025_04_30_18_12_54_584.jpg,left_2025_04_30_18_12_54_584.jpg,right_2025_04_30_18_12_54_584.jpg,0.0099
center_2025_04_30_18_12_54_630.jpg,left_2025_04_30_18_12_54_630.jpg,right_2025_04_30_18_12_54_630.jpg,0.0
center_2025_04_30_18_12_54_677.jpg,left_2025_04_30_18_12_54_677.jpg,right_2025_04_30_18_12_54_677.jpg,0.0
center_2025_04_30_18_12_54_723.jpg,left_2025_04_30_18_12_54_723.jpg,right_2025_04_30_18_12_54_723.jpg,0.0
center_2025_04_30_18_12_54_774.jpg,left_2025_04_30_18_12_54_774.jpg,right_2025_04_30_18_12_54_774.jpg,0.0
center_2025_04_30_18_12_54_816.jpg,left_2025_04_30_18_12_54_816.jpg,right_2025_04_30_18_12_54_816.jpg,0.0
center_2025_04_30_18_12_54_867.jpg,left_2025_04_30_18_12_54_867.jpg,right_2025_04_30_18_12_54_867.jpg,0.0
center_2025_04_30_18_12_54_909.jpg,left_2025_04_30_18_12_54_909.jpg,right_2025_04_30_18_12_54_909.jpg,0.0
center_2025_04_30_18_12_54_955.jpg,left_2025_04_30_18_12_54_955.jpg,right_2025_04_30_18_12_54_955.jpg,0.0
center_2025_04_30_18_12_55_002.jpg,left_2025_04_30_18_12_55_002.jpg,right_2025_04_30_18_12_55_002.jpg,0.0
center_2025_04_30_18_12_55_052.jpg,left_2025_04_30_18_12_55_052.jpg,right_2025_04_30_18_12_55_052.jpg,0.0
center_2025_04_30_18_12_55_096.jpg,left_2025_04_30_18_12_55_096.jpg,right_2025_04_30_18_12_55_096.jpg,0.0
center_2025_04_30_18_12_55_141.jpg,left_2025_04_30_18_12_55_141.jpg,right_2025_04_30_18_12_55_141.jpg,0.0
center_2025_04_30_18_12_55_188.jpg,left_2025_04_30_18_12_55_188.jpg,right_2025_04_30_18_12_55_188.jpg,0.0
center_2025_04_30_18_12_55_234.jpg,left_2025_04_30_18_12_55_234.jpg,right_2025_04_30_18_12_55_234.jpg,0.0
center_2025_04_30_18_12_55_281.jpg,left_2025_04_30_18_12_55_281.jpg,right_2025_04_30_18_12_55_281.jpg,0.0
center_2025_04_30_18_12_55_332.jpg,left_2025_04_30_18_12_55_332.jpg,right_2025_04_30_18_12_55_332.jpg,0.0
center_2025_04_30_18_12_55_372.jpg,left_2025_04_30_18_12_55_372.jpg,right_2025_04_30_18_12_55_372.jpg,0.0
center_2025_04_30_18_12_55_423.jpg,left_2025_04_30_18_12_55_423.jpg,right_2025_04_30_18_12_55_423.jpg,0.0
center_2025_04_30_18_12_55_468.jpg,left_2025_04_30_18_12_55_468.jpg,right_2025_04_30_18_12_55_468.jpg,0.0
center_2025_04_30_18_12_55_516.jpg,left_2025_04_30_18_12_55_516.jpg,right_2025_04_30_18_12_55_516.jpg,0.0
center_2025_04_30_18_12_55_562.jpg,left_2025_04_30_18_12_55_562.jpg,right_2025_04_30_18_12_55_562.jpg,0.0
center_2025_04_30_18_12_55_609.jpg,left_2025_04_30_18_12_55_609.jpg,right_2025_04_30_18_12_55_609.jpg,0.0
center_2025_04_30_18_12_55_661.jpg,left_2025_04_30_18_12_55_661.jpg,right_2025_04_30_18_12_55_661.jpg,0.0
center_2025_04_30_18_12_55_720.jpg,left_2025_04_30_18_12_55_720.jpg,right_2025_04_30_18_12_55_720.jpg,0.0
center_2025_04_30_18_12_55_753.jpg,left_2025_04_30_18_12_55_753.jpg,right_2025_04_30_18_12_55_753.jpg,0.0
center_2025_04_30_18_12_55_796.jpg,left_2025_04_30_18_12_55_796.jpg,right_2025_04_30_18_12_55_796.jpg,0.0
center_2025_04_30_18_12_55_845.jpg,left_2025_04_30_18_12_55_845.jpg,right_2025_04_30_18_12_55_845.jpg,0.0
center_2025_04_30_18_12_55_888.jpg,left_2025_04_30_18_12_55_888.jpg,right_2025_04_30_18_12_55_888.jpg,0.0
center_2025_04_30_18_12_55_939.jpg,left_2025_04_30_18_12_55_939.jpg,right_2025_04_30_18_12_55_939.jpg,0.0
center_2025_04_30_18_12_55_983.jpg,left_2025_04_30_18_12_55_983.jpg,right_2025_04_30_18_12_55_983.jpg,0.0
center_2025_04_30_18_12_56_041.jpg,left_2025_04_30_18_12_56_041.jpg,right_2025_04_30_18_12_56_041.jpg,0.0
center_2025_04_30_18_12_56_074.jpg,left_2025_04_30_18_12_56_074.jpg,right_2025_04_30_18_12_56_074.jpg,0.0
center_2025_04_30_18_12_56_125.jpg,left_2025_04_30_18_12_56_125.jpg,right_2025_04_30_18_12_56_125.jpg,0.0
center_2025_04_30_18_12_56_166.jpg,left_2025_04_30_18_12_56_166.jpg,right_2025_04_30_18_12_56_166.jpg,0.0
center_2025_04_30_18_12_56_213.jpg,left_2025_04_30_18_12_56_213.jpg,right_2025_04_30_18_12_56_213.jpg,0.0
center_2025_04_30_18_12_56_272.jpg,left_2025_04_30_18_12_56_272.jpg,right_2025_04_30_18_12_56_272.jpg,0.0
center_2025_04_30_18_12_56_309.jpg,left_2025_04_30_18_12_56_309.jpg,right_2025_04_30_18_12_56_309.jpg,0.0
center_2025_04_30_18_12_56_353.jpg,left_2025_04_30_18_12_56_353.jpg,right_2025_04_30_18_12_56_353.jpg,0.0
center_2025_04_30_18_12_56_407.jpg,left_2025_04_30_18_12_56_407.jpg,right_2025_04_30_18_12_56_407.jpg,0.0
center_2025_04_30_18_12_56_446.jpg,left_2025_04_30_18_12_56_446.jpg,right_2025_04_30_18_12_56_446.jpg,0.0
center_2025_04_30_18_12_56_495.jpg,left_2025_04_30_18_12_56_495.jpg,right_2025_04_30_18_12_56_495.jpg,0.0
center_2025_04_30_18_12_56_540.jpg,left_2025_04_30_18_12_56_540.jpg,right_2025_04_30_18_12_56_540.jpg,0.0
center_2025_04_30_18_12_56_589.jpg,left_2025_04_30_18_12_56_589.jpg,right_2025_04_30_18_12_56_589.jpg,0.0
center_2025_04_30_18_12_56_650.jpg,left_2025_04_30_18_12_56_650.jpg,right_2025_04_30_18_12_56_650.jpg,0.0
center_2025_04_30_18_12_56_712.jpg,left_2025_04_30_18_12_56_712.jpg,right_2025_04_30_18_12_56_712.jpg,0.0
center_2025_04_30_18_12_56_725.jpg,left_2025_04_30_18_12_56_725.jpg,right_2025_04_30_18_12_56_725.jpg,0.0
center_2025_04_30_18_12_56_775.jpg,left_2025_04_30_18_12_56_775.jpg,right_2025_04_30_18_12_56_775.jpg,0.0
center_2025_04_30_18_12_56_818.jpg,left_2025_04_30_18_12_56_818.jpg,right_2025_04_30_18_12_56_818.jpg,0.0
center_2025_04_30_18_12_56_866.jpg,left_2025_04_30_18_12_56_866.jpg,right_2025_04_30_18_12_56_866.jpg,0.0
center_2025_04_30_18_12_56_911.jpg,left_2025_04_30_18_12_56_911.jpg,right_2025_04_30_18_12_56_911.jpg,0.0
center_2025_04_30_18_12_56_973.jpg,left_2025_04_30_18_12_56_973.jpg,right_2025_04_30_18_12_56_973.jpg,0.0
center_2025_04_30_18_12_57_029.jpg,left_2025_04_30_18_12_57_029.jpg,right_2025_04_30_18_12_57_029.jpg,0.0
center_2025_04_30_18_12_57_052.jpg,left_2025_04_30_18_12_57_052.jpg,right_2025_04_30_18_12_57_052.jpg,0.0
center_2025_04_30_18_12_57_098.jpg,left_2025_04_30_18_12_57_098.jpg,right_2025_04_30_18_12_57_098.jpg,0.0
center_2025_04_30_18_12_57_145.jpg,left_2025_04_30_18_12_57_145.jpg,right_2025_04_30_18_12_57_145.jpg,0.0
center_2025_04_30_18_12_57_191.jpg,left_2025_04_30_18_12_57_191.jpg,right_2025_04_30_18_12_57_191.jpg,0.0
center_2025_04_30_18_12_57_238.jpg,left_2025_04_30_18_12_57_238.jpg,right_2025_04_30_18_12_57_238.jpg,0.0
center_2025_04_30_18_12_57_290.jpg,left_2025_04_30_18_12_57_290.jpg,right_2025_04_30_18_12_57_290.jpg,0.0
center_2025_04_30_18_12_57_350.jpg,left_2025_04_30_18_12_57_350.jpg,right_2025_04_30_18_12_57_350.jpg,0.0
center_2025_04_30_18_12_57_377.jpg,left_2025_04_30_18_12_57_377.jpg,right_2025_04_30_18_12_57_377.jpg,0.0
center_2025_04_30_18_12_57_423.jpg,left_2025_04_30_18_12_57_423.jpg,right_2025_04_30_18_12_57_423.jpg,0.0
center_2025_04_30_18_12_57_469.jpg,left_2025_04_30_18_12_57_469.jpg,right_2025_04_30_18_12_57_469.jpg,0.0
center_2025_04_30_18_12_57_516.jpg,left_2025_04_30_18_12_57_516.jpg,right_2025_04_30_18_12_57_516.jpg,0.0
center_2025_04_30_18_12_57_562.jpg,left_2025_04_30_18_12_57_562.jpg,right_2025_04_30_18_12_57_562.jpg,0.0
center_2025_04_30_18_12_57_609.jpg,left_2025_04_30_18_12_57_609.jpg,right_2025_04_30_18_12_57_609.jpg,0.0
center_2025_04_30_18_12_57_673.jpg,left_2025_04_30_18_12_57_673.jpg,right_2025_04_30_18_12_57_673.jpg,0.0
center_2025_04_30_18_12_57_718.jpg,left_2025_04_30_18_12_57_718.jpg,right_2025_04_30_18_12_57_718.jpg,0.0
center_2025_04_30_18_12_57_748.jpg,left_2025_04_30_18_12_57_748.jpg,right_2025_04_30_18_12_57_748.jpg,0.0
center_2025_04_30_18_12_57_794.jpg,left_2025_04_30_18_12_57_794.jpg,right_2025_04_30_18_12_57_794.jpg,0.0
center_2025_04_30_18_12_57_839.jpg,left_2025_04_30_18_12_57_839.jpg,right_2025_04_30_18_12_57_839.jpg,0.0
center_2025_04_30_18_12_57_887.jpg,left_2025_04_30_18_12_57_887.jpg,right_2025_04_30_18_12_57_887.jpg,0.0
center_2025_04_30_18_12_57_933.jpg,left_2025_04_30_18_12_57_933.jpg,right_2025_04_30_18_12_57_933.jpg,0.0
center_2025_04_30_18_12_57_981.jpg,left_2025_04_30_18_12_57_981.jpg,right_2025_04_30_18_12_57_981.jpg,0.0
center_2025_04_30_18_12_58_031.jpg,left_2025_04_30_18_12_58_031.jpg,right_2025_04_30_18_12_58_031.jpg,0.0
center_2025_04_30_18_12_58_086.jpg,left_2025_04_30_18_12_58_086.jpg,right_2025_04_30_18_12_58_086.jpg,0.0
center_2025_04_30_18_12_58_136.jpg,left_2025_04_30_18_12_58_136.jpg,right_2025_04_30_18_12_58_136.jpg,0.0
center_2025_04_30_18_12_58_168.jpg,left_2025_04_30_18_12_58_168.jpg,right_2025_04_30_18_12_58_168.jpg,0.0
center_2025_04_30_18_12_58_218.jpg,left_2025_04_30_18_12_58_218.jpg,right_2025_04_30_18_12_58_218.jpg,0.0
center_2025_04_30_18_12_58_261.jpg,left_2025_04_30_18_12_58_261.jpg,right_2025_04_30_18_12_58_261.jpg,0.0
center_2025_04_30_18_12_58_310.jpg,left_2025_04_30_18_12_58_310.jpg,right_2025_04_30_18_12_58_310.jpg,0.0
center_2025_04_30_18_12_58_353.jpg,left_2025_04_30_18_12_58_353.jpg,right_2025_04_30_18_12_58_353.jpg,0.0
center_2025_04_30_18_12_58_403.jpg,left_2025_04_30_18_12_58_403.jpg,right_2025_04_30_18_12_58_403.jpg,0.0
center_2025_04_30_18_12_58_454.jpg,left_2025_04_30_18_12_58_454.jpg,right_2025_04_30_18_12_58_454.jpg,0.0
center_2025_04_30_18_12_58_503.jpg,left_2025_04_30_18_12_58_503.jpg,right_2025_04_30_18_12_58_503.jpg,0.0
center_2025_04_30_18_12_58_539.jpg,left_2025_04_30_18_12_58_539.jpg,right_2025_04_30_18_12_58_539.jpg,0.0
center_2025_04_30_18_12_58_588.jpg,left_2025_04_30_18_12_58_588.jpg,right_2025_04_30_18_12_58_588.jpg,0.0
center_2025_04_30_18_12_58_639.jpg,left_2025_04_30_18_12_58_639.jpg,right_2025_04_30_18_12_58_639.jpg,0.0
center_2025_04_30_18_12_58_682.jpg,left_2025_04_30_18_12_58_682.jpg,right_2025_04_30_18_12_58_682.jpg,0.0
center_2025_04_30_18_12_58_733.jpg,left_2025_04_30_18_12_58_733.jpg,right_2025_04_30_18_12_58_733.jpg,0.0
center_2025_04_30_18_12_58_776.jpg,left_2025_04_30_18_12_58_776.jpg,right_2025_04_30_18_12_58_776.jpg,0.0
center_2025_04_30_18_12_58_822.jpg,left_2025_04_30_18_12_58_822.jpg,right_2025_04_30_18_12_58_822.jpg,0.0
center_2025_04_30_18_12_58_886.jpg,left_2025_04_30_18_12_58_886.jpg,right_2025_04_30_18_12_58_886.jpg,0.0
center_2025_04_30_18_12_58_918.jpg,left_2025_04_30_18_12_58_918.jpg,right_2025_04_30_18_12_58_918.jpg,0.0
center_2025_04_30_18_12_58_963.jpg,left_2025_04_30_18_12_58_963.jpg,right_2025_04_30_18_12_58_963.jpg,0.0
center_2025_04_30_18_12_59_011.jpg,left_2025_04_30_18_12_59_011.jpg,right_2025_04_30_18_12_59_011.jpg,0.0
center_2025_04_30_18_12_59_055.jpg,left_2025_04_30_18_12_59_055.jpg,right_2025_04_30_18_12_59_055.jpg,0.0
center_2025_04_30_18_12_59_104.jpg,left_2025_04_30_18_12_59_104.jpg,right_2025_04_30_18_12_59_104.jpg,0.0
center_2025_04_30_18_12_59_148.jpg,left_2025_04_30_18_12_59_148.jpg,right_2025_04_30_18_12_59_148.jpg,0.0
center_2025_04_30_18_12_59_204.jpg,left_2025_04_30_18_12_59_204.jpg,right_2025_04_30_18_12_59_204.jpg,0.0
center_2025_04_30_18_12_59_243.jpg,left_2025_04_30_18_12_59_243.jpg,right_2025_04_30_18_12_59_243.jpg,0.0
center_2025_04_30_18_12_59_291.jpg,left_2025_04_30_18_12_59_291.jpg,right_2025_04_30_18_12_59_291.jpg,0.0
center_2025_04_30_18_12_59_341.jpg,left_2025_04_30_18_12_59_341.jpg,right_2025_04_30_18_12_59_341.jpg,0.0
center_2025_04_30_18_12_59_382.jpg,left_2025_04_30_18_12_59_382.jpg,right_2025_04_30_18_12_59_382.jpg,0.0
center_2025_04_30_18_12_59_443.jpg,left_2025_04_30_18_12_59_443.jpg,right_2025_04_30_18_12_59_443.jpg,0.0
center_2025_04_30_18_12_59_475.jpg,left_2025_04_30_18_12_59_475.jpg,right_2025_04_30_18_12_59_475.jpg,0.0
center_2025_04_30_18_12_59_521.jpg,left_2025_04_30_18_12_59_521.jpg,right_2025_04_30_18_12_59_521.jpg,0.0
center_2025_04_30_18_12_59_572.jpg,left_2025_04_30_18_12_59_572.jpg,right_2025_04_30_18_12_59_572.jpg,0.0
center_2025_04_30_18_12_59_618.jpg,left_2025_04_30_18_12_59_618.jpg,right_2025_04_30_18_12_59_618.jpg,0.0
center_2025_04_30_18_12_59_663.jpg,left_2025_04_30_18_12_59_663.jpg,right_2025_04_30_18_12_59_663.jpg,0.0
center_2025_04_30_18_12_59_712.jpg,left_2025_04_30_18_12_59_712.jpg,right_2025_04_30_18_12_59_712.jpg,0.0
center_2025_04_30_18_12_59_756.jpg,left_2025_04_30_18_12_59_756.jpg,right_2025_04_30_18_12_59_756.jpg,0.0
center_2025_04_30_18_12_59_813.jpg,left_2025_04_30_18_12_59_813.jpg,right_2025_04_30_18_12_59_813.jpg,0.0
center_2025_04_30_18_12_59_850.jpg,left_2025_04_30_18_12_59_850.jpg,right_2025_04_30_18_12_59_850.jpg,0.0
center_2025_04_30_18_12_59_899.jpg,left_2025_04_30_18_12_59_899.jpg,right_2025_04_30_18_12_59_899.jpg,0.0
center_2025_04_30_18_12_59_943.jpg,left_2025_04_30_18_12_59_943.jpg,right_2025_04_30_18_12_59_943.jpg,0.0
center_2025_04_30_18_12_59_990.jpg,left_2025_04_30_18_12_59_990.jpg,right_2025_04_30_18_12_59_990.jpg,0.0
center_2025_04_30_18_13_00_036.jpg,left_2025_04_30_18_13_00_036.jpg,right_2025_04_30_18_13_00_036.jpg,0.0
center_2025_04_30_18_13_00_084.jpg,left_2025_04_30_18_13_00_084.jpg,right_2025_04_30_18_13_00_084.jpg,0.0
center_2025_04_30_18_13_00_134.jpg,left_2025_04_30_18_13_00_134.jpg,right_2025_04_30_18_13_00_134.jpg,0.0
center_2025_04_30_18_13_00_196.jpg,left_2025_04_30_18_13_00_196.jpg,right_2025_04_30_18_13_00_196.jpg,0.0
center_2025_04_30_18_13_00_227.jpg,left_2025_04_30_18_13_00_227.jpg,right_2025_04_30_18_13_00_227.jpg,0.0
center_2025_04_30_18_13_00_271.jpg,left_2025_04_30_18_13_00_271.jpg,right_2025_04_30_18_13_00_271.jpg,0.0
center_2025_04_30_18_13_00_320.jpg,left_2025_04_30_18_13_00_320.jpg,right_2025_04_30_18_13_00_320.jpg,0.0
center_2025_04_30_18_13_00_364.jpg,left_2025_04_30_18_13_00_364.jpg,right_2025_04_30_18_13_00_364.jpg,0.0
center_2025_04_30_18_13_00_413.jpg,left_2025_04_30_18_13_00_413.jpg,right_2025_04_30_18_13_00_413.jpg,0.0
center_2025_04_30_18_13_00_458.jpg,left_2025_04_30_18_13_00_458.jpg,right_2025_04_30_18_13_00_458.jpg,0.0091
center_2025_04_30_18_13_00_505.jpg,left_2025_04_30_18_13_00_505.jpg,right_2025_04_30_18_13_00_505.jpg,0.0195
center_2025_04_30_18_13_00_566.jpg,left_2025_04_30_18_13_00_566.jpg,right_2025_04_30_18_13_00_566.jpg,0.0323
center_2025_04_30_18_13_00_598.jpg,left_2025_04_30_18_13_00_598.jpg,right_2025_04_30_18_13_00_598.jpg,0.0484
center_2025_04_30_18_13_00_642.jpg,left_2025_04_30_18_13_00_642.jpg,right_2025_04_30_18_13_00_642.jpg,0.0671
center_2025_04_30_18_13_00_691.jpg,left_2025_04_30_18_13_00_691.jpg,right_2025_04_30_18_13_00_691.jpg,0.0807
center_2025_04_30_18_13_00_736.jpg,left_2025_04_30_18_13_00_736.jpg,right_2025_04_30_18_13_00_736.jpg,0.0965
center_2025_04_30_18_13_00_784.jpg,left_2025_04_30_18_13_00_784.jpg,right_2025_04_30_18_13_00_784.jpg,0.1141
center_2025_04_30_18_13_00_828.jpg,left_2025_04_30_18_13_00_828.jpg,right_2025_04_30_18_13_00_828.jpg,0.1302
center_2025_04_30_18_13_00_876.jpg,left_2025_04_30_18_13_00_876.jpg,right_2025_04_30_18_13_00_876.jpg,0.1443
center_2025_04_30_18_13_00_921.jpg,left_2025_04_30_18_13_00_921.jpg,right_2025_04_30_18_13_00_921.jpg,0.1551
center_2025_04_30_18_13_00_984.jpg,left_2025_04_30_18_13_00_984.jpg,right_2025_04_30_18_13_00_984.jpg,0.1622
center_2025_04_30_18_13_01_013.jpg,left_2025_04_30_18_13_01_013.jpg,right_2025_04_30_18_13_01_013.jpg,0.1656
center_2025_04_30_18_13_01_063.jpg,left_2025_04_30_18_13_01_063.jpg,right_2025_04_30_18_13_01_063.jpg,0.167
center_2025_04_30_18_13_01_105.jpg,left_2025_04_30_18_13_01_105.jpg,right_2025_04_30_18_13_01_105.jpg,0.1678
center_2025_04_30_18_13_01_155.jpg,left_2025_04_30_18_13_01_155.jpg,right_2025_04_30_18_13_01_155.jpg,0.1681
center_2025_04_30_18_13_01_197.jpg,left_2025_04_30_18_13_01_197.jpg,right_2025_04_30_18_13_01_197.jpg,0.1684
center_2025_04_30_18_13_01_247.jpg,left_2025_04_30_18_13_01_247.jpg,right_2025_04_30_18_13_01_247.jpg,0.169
center_2025_04_30_18_13_01_292.jpg,left_2025_04_30_18_13_01_292.jpg,right_2025_04_30_18_13_01_292.jpg,0.169
center_2025_04_30_18_13_01_340.jpg,left_2025_04_30_18_13_01_340.jpg,right_2025_04_30_18_13_01_340.jpg,0.169
center_2025_04_30_18_13_01_385.jpg,left_2025_04_30_18_13_01_385.jpg,right_2025_04_30_18_13_01_385.jpg,0.169
center_2025_04_30_18_13_01_433.jpg,left_2025_04_30_18_13_01_433.jpg,right_2025_04_30_18_13_01_433.jpg,0.1692
center_2025_04_30_18_13_01_479.jpg,left_2025_04_30_18_13_01_479.jpg,right_2025_04_30_18_13_01_479.jpg,0.1687
center_2025_04_30_18_13_01_526.jpg,left_2025_04_30_18_13_01_526.jpg,right_2025_04_30_18_13_01_526.jpg,0.169
center_2025_04_30_18_13_01_577.jpg,left_2025_04_30_18_13_01_577.jpg,right_2025_04_30_18_13_01_577.jpg,0.169
center_2025_04_30_18_13_01_620.jpg,left_2025_04_30_18_13_01_620.jpg,right_2025_04_30_18_13_01_620.jpg,0.169
center_2025_04_30_18_13_01_670.jpg,left_2025_04_30_18_13_01_670.jpg,right_2025_04_30_18_13_01_670.jpg,0.169
center_2025_04_30_18_13_01_713.jpg,left_2025_04_30_18_13_01_713.jpg,right_2025_04_30_18_13_01_713.jpg,0.1692
center_2025_04_30_18_13_01_763.jpg,left_2025_04_30_18_13_01_763.jpg,right_2025_04_30_18_13_01_763.jpg,0.169
center_2025_04_30_18_13_01_808.jpg,left_2025_04_30_18_13_01_808.jpg,right_2025_04_30_18_13_01_808.jpg,0.1692
center_2025_04_30_18_13_01_855.jpg,left_2025_04_30_18_13_01_855.jpg,right_2025_04_30_18_13_01_855.jpg,0.1692
center_2025_04_30_18_13_01_907.jpg,left_2025_04_30_18_13_01_907.jpg,right_2025_04_30_18_13_01_907.jpg,0.169
center_2025_04_30_18_13_01_948.jpg,left_2025_04_30_18_13_01_948.jpg,right_2025_04_30_18_13_01_948.jpg,0.169
center_2025_04_30_18_13_02_000.jpg,left_2025_04_30_18_13_02_000.jpg,right_2025_04_30_18_13_02_000.jpg,0.1692
center_2025_04_30_18_13_02_043.jpg,left_2025_04_30_18_13_02_043.jpg,right_2025_04_30_18_13_02_043.jpg,0.169
center_2025_04_30_18_13_02_092.jpg,left_2025_04_30_18_13_02_092.jpg,right_2025_04_30_18_13_02_092.jpg,0.1692
center_2025_04_30_18_13_02_135.jpg,left_2025_04_30_18_13_02_135.jpg,right_2025_04_30_18_13_02_135.jpg,0.1695
center_2025_04_30_18_13_02_185.jpg,left_2025_04_30_18_13_02_185.jpg,right_2025_04_30_18_13_02_185.jpg,0.1695
center_2025_04_30_18_13_02_229.jpg,left_2025_04_30_18_13_02_229.jpg,right_2025_04_30_18_13_02_229.jpg,0.1695
center_2025_04_30_18_13_02_278.jpg,left_2025_04_30_18_13_02_278.jpg,right_2025_04_30_18_13_02_278.jpg,0.1698
center_2025_04_30_18_13_02_322.jpg,left_2025_04_30_18_13_02_322.jpg,right_2025_04_30_18_13_02_322.jpg,0.1698
center_2025_04_30_18_13_02_371.jpg,left_2025_04_30_18_13_02_371.jpg,right_2025_04_30_18_13_02_371.jpg,0.1695
center_2025_04_30_18_13_02_415.jpg,left_2025_04_30_18_13_02_415.jpg,right_2025_04_30_18_13_02_415.jpg,0.1692
center_2025_04_30_18_13_02_464.jpg,left_2025_04_30_18_13_02_464.jpg,right_2025_04_30_18_13_02_464.jpg,0.169
center_2025_04_30_18_13_02_509.jpg,left_2025_04_30_18_13_02_509.jpg,right_2025_04_30_18_13_02_509.jpg,0.169
center_2025_04_30_18_13_02_556.jpg,left_2025_04_30_18_13_02_556.jpg,right_2025_04_30_18_13_02_556.jpg,0.1687
center_2025_04_30_18_13_02_604.jpg,left_2025_04_30_18_13_02_604.jpg,right_2025_04_30_18_13_02_604.jpg,0.1687
center_2025_04_30_18_13_02_649.jpg,left_2025_04_30_18_13_02_649.jpg,right_2025_04_30_18_13_02_649.jpg,0.169
center_2025_04_30_18_13_02_696.jpg,left_2025_04_30_18_13_02_696.jpg,right_2025_04_30_18_13_02_696.jpg,0.169
center_2025_04_30_18_13_02_742.jpg,left_2025_04_30_18_13_02_742.jpg,right_2025_04_30_18_13_02_742.jpg,0.169
center_2025_04_30_18_13_02_789.jpg,left_2025_04_30_18_13_02_789.jpg,right_2025_04_30_18_13_02_789.jpg,0.169
center_2025_04_30_18_13_02_835.jpg,left_2025_04_30_18_13_02_835.jpg,right_2025_04_30_18_13_02_835.jpg,0.1692
center_2025_04_30_18_13_02_881.jpg,left_2025_04_30_18_13_02_881.jpg,right_2025_04_30_18_13_02_881.jpg,0.1692
center_2025_04_30_18_13_02_928.jpg,left_2025_04_30_18_13_02_928.jpg,right_2025_04_30_18_13_02_928.jpg,0.1695
center_2025_04_30_18_13_02_975.jpg,left_2025_04_30_18_13_02_975.jpg,right_2025_04_30_18_13_02_975.jpg,0.1692
center_2025_04_30_18_13_03_020.jpg,left_2025_04_30_18_13_03_020.jpg,right_2025_04_30_18_13_03_020.jpg,0.1692
center_2025_04_30_18_13_03_066.jpg,left_2025_04_30_18_13_03_066.jpg,right_2025_04_30_18_13_03_066.jpg,0.169
center_2025_04_30_18_13_03_114.jpg,left_2025_04_30_18_13_03_114.jpg,right_2025_04_30_18_13_03_114.jpg,0.1687
center_2025_04_30_18_13_03_160.jpg,left_2025_04_30_18_13_03_160.jpg,right_2025_04_30_18_13_03_160.jpg,0.1684
center_2025_04_30_18_13_03_207.jpg,left_2025_04_30_18_13_03_207.jpg,right_2025_04_30_18_13_03_207.jpg,0.1684
center_2025_04_30_18_13_03_253.jpg,left_2025_04_30_18_13_03_253.jpg,right_2025_04_30_18_13_03_253.jpg,0.1687
center_2025_04_30_18_13_03_299.jpg,left_2025_04_30_18_13_03_299.jpg,right_2025_04_30_18_13_03_299.jpg,0.1684
center_2025_04_30_18_13_03_350.jpg,left_2025_04_30_18_13_03_350.jpg,right_2025_04_30_18_13_03_350.jpg,0.167
center_2025_04_30_18_13_03_393.jpg,left_2025_04_30_18_13_03_393.jpg,right_2025_04_30_18_13_03_393.jpg,0.1653
center_2025_04_30_18_13_03_443.jpg,left_2025_04_30_18_13_03_443.jpg,right_2025_04_30_18_13_03_443.jpg,0.1633
center_2025_04_30_18_13_03_485.jpg,left_2025_04_30_18_13_03_485.jpg,right_2025_04_30_18_13_03_485.jpg,0.161
center_2025_04_30_18_13_03_530.jpg,left_2025_04_30_18_13_03_530.jpg,right_2025_04_30_18_13_03_530.jpg,0.1593
center_2025_04_30_18_13_03_577.jpg,left_2025_04_30_18_13_03_577.jpg,right_2025_04_30_18_13_03_577.jpg,0.1585
center_2025_04_30_18_13_03_629.jpg,left_2025_04_30_18_13_03_629.jpg,right_2025_04_30_18_13_03_629.jpg,0.1577
center_2025_04_30_18_13_03_672.jpg,left_2025_04_30_18_13_03_672.jpg,right_2025_04_30_18_13_03_672.jpg,0.1571
center_2025_04_30_18_13_03_722.jpg,left_2025_04_30_18_13_03_722.jpg,right_2025_04_30_18_13_03_722.jpg,0.1565
center_2025_04_30_18_13_03_765.jpg,left_2025_04_30_18_13_03_765.jpg,right_2025_04_30_18_13_03_765.jpg,0.1554
center_2025_04_30_18_13_03_815.jpg,left_2025_04_30_18_13_03_815.jpg,right_2025_04_30_18_13_03_815.jpg,0.154
center_2025_04_30_18_13_03_857.jpg,left_2025_04_30_18_13_03_857.jpg,right_2025_04_30_18_13_03_857.jpg,0.1526
center_2025_04_30_18_13_03_909.jpg,left_2025_04_30_18_13_03_909.jpg,right_2025_04_30_18_13_03_909.jpg,0.1511
center_2025_04_30_18_13_03_951.jpg,left_2025_04_30_18_13_03_951.jpg,right_2025_04_30_18_13_03_951.jpg,0.1494
center_2025_04_30_18_13_03_999.jpg,left_2025_04_30_18_13_03_999.jpg,right_2025_04_30_18_13_03_999.jpg,0.1475
center_2025_04_30_18_13_04_044.jpg,left_2025_04_30_18_13_04_044.jpg,right_2025_04_30_18_13_04_044.jpg,0.1458
center_2025_04_30_18_13_04_092.jpg,left_2025_04_30_18_13_04_092.jpg,right_2025_04_30_18_13_04_092.jpg,0.1426
center_2025_04_30_18_13_04_136.jpg,left_2025_04_30_18_13_04_136.jpg,right_2025_04_30_18_13_04_136.jpg,0.1381
center_2025_04_30_18_13_04_184.jpg,left_2025_04_30_18_13_04_184.jpg,right_2025_04_30_18_13_04_184.jpg,0.1313
center_2025_04_30_18_13_04_229.jpg,left_2025_04_30_18_13_04_229.jpg,right_2025_04_30_18_13_04_229.jpg,0.1225
center_2025_04_30_18_13_04_277.jpg,left_2025_04_30_18_13_04_277.jpg,right_2025_04_30_18_13_04_277.jpg,0.109
center_2025_04_30_18_13_04_320.jpg,left_2025_04_30_18_13_04_320.jpg,right_2025_04_30_18_13_04_320.jpg,0.0931
center_2025_04_30_18_13_04_371.jpg,left_2025_04_30_18_13_04_371.jpg,right_2025_04_30_18_13_04_371.jpg,0.0679
center_2025_04_30_18_13_04_414.jpg,left_2025_04_30_18_13_04_414.jpg,right_2025_04_30_18_13_04_414.jpg,0.0453
center_2025_04_30_18_13_04_462.jpg,left_2025_04_30_18_13_04_462.jpg,right_2025_04_30_18_13_04_462.jpg,0.0255
center_2025_04_30_18_13_04_508.jpg,left_2025_04_30_18_13_04_508.jpg,right_2025_04_30_18_13_04_508.jpg,0.0108
center_2025_04_30_18_13_04_556.jpg,left_2025_04_30_18_13_04_556.jpg,right_2025_04_30_18_13_04_556.jpg,0.0
center_2025_04_30_18_13_04_602.jpg,left_2025_04_30_18_13_04_602.jpg,right_2025_04_30_18_13_04_602.jpg,0.0
center_2025_04_30_18_13_04_649.jpg,left_2025_04_30_18_13_04_649.jpg,right_2025_04_30_18_13_04_649.jpg,0.0
center_2025_04_30_18_13_04_695.jpg,left_2025_04_30_18_13_04_695.jpg,right_2025_04_30_18_13_04_695.jpg,0.0
center_2025_04_30_18_13_04_742.jpg,left_2025_04_30_18_13_04_742.jpg,right_2025_04_30_18_13_04_742.jpg,0.0
center_2025_04_30_18_13_04_788.jpg,left_2025_04_30_18_13_04_788.jpg,right_2025_04_30_18_13_04_788.jpg,0.0
center_2025_04_30_18_13_04_834.jpg,left_2025_04_30_18_13_04_834.jpg,right_2025_04_30_18_13_04_834.jpg,0.0
center_2025_04_30_18_13_04_879.jpg,left_2025_04_30_18_13_04_879.jpg,right_2025_04_30_18_13_04_879.jpg,0.0
center_2025_04_30_18_13_04_927.jpg,left_2025_04_30_18_13_04_927.jpg,right_2025_04_30_18_13_04_927.jpg,0.0
center_2025_04_30_18_13_04_974.jpg,left_2025_04_30_18_13_04_974.jpg,right_2025_04_30_18_13_04_974.jpg,0.0
center_2025_04_30_18_13_05_022.jpg,left_2025_04_30_18_13_05_022.jpg,right_2025_04_30_18_13_05_022.jpg,0.0
center_2025_04_30_18_13_05_071.jpg,left_2025_04_30_18_13_05_071.jpg,right_2025_04_30_18_13_05_071.jpg,0.0
center_2025_04_30_18_13_05_116.jpg,left_2025_04_30_18_13_05_116.jpg,right_2025_04_30_18_13_05_116.jpg,0.0
center_2025_04_30_18_13_05_164.jpg,left_2025_04_30_18_13_05_164.jpg,right_2025_04_30_18_13_05_164.jpg,0.0
center_2025_04_30_18_13_05_209.jpg,left_2025_04_30_18_13_05_209.jpg,right_2025_04_30_18_13_05_209.jpg,0.0
center_2025_04_30_18_13_05_257.jpg,left_2025_04_30_18_13_05_257.jpg,right_2025_04_30_18_13_05_257.jpg,0.0
center_2025_04_30_18_13_05_302.jpg,left_2025_04_30_18_13_05_302.jpg,right_2025_04_30_18_13_05_302.jpg,0.0
center_2025_04_30_18_13_05_351.jpg,left_2025_04_30_18_13_05_351.jpg,right_2025_04_30_18_13_05_351.jpg,0.0
center_2025_04_30_18_13_05_394.jpg,left_2025_04_30_18_13_05_394.jpg,right_2025_04_30_18_13_05_394.jpg,0.0
center_2025_04_30_18_13_05_443.jpg,left_2025_04_30_18_13_05_443.jpg,right_2025_04_30_18_13_05_443.jpg,0.0
center_2025_04_30_18_13_05_488.jpg,left_2025_04_30_18_13_05_488.jpg,right_2025_04_30_18_13_05_488.jpg,0.0
center_2025_04_30_18_13_05_536.jpg,left_2025_04_30_18_13_05_536.jpg,right_2025_04_30_18_13_05_536.jpg,0.0
center_2025_04_30_18_13_05_583.jpg,left_2025_04_30_18_13_05_583.jpg,right_2025_04_30_18_13_05_583.jpg,0.0
center_2025_04_30_18_13_05_628.jpg,left_2025_04_30_18_13_05_628.jpg,right_2025_04_30_18_13_05_628.jpg,0.0
center_2025_04_30_18_13_05_674.jpg,left_2025_04_30_18_13_05_674.jpg,right_2025_04_30_18_13_05_674.jpg,0.0
center_2025_04_30_18_13_05_720.jpg,left_2025_04_30_18_13_05_720.jpg,right_2025_04_30_18_13_05_720.jpg,0.0
center_2025_04_30_18_13_05_767.jpg,left_2025_04_30_18_13_05_767.jpg,right_2025_04_30_18_13_05_767.jpg,0.0
center_2025_04_30_18_13_05_814.jpg,left_2025_04_30_18_13_05_814.jpg,right_2025_04_30_18_13_05_814.jpg,0.0
center_2025_04_30_18_13_05_865.jpg,left_2025_04_30_18_13_05_865.jpg,right_2025_04_30_18_13_05_865.jpg,0.0
center_2025_04_30_18_13_05_909.jpg,left_2025_04_30_18_13_05_909.jpg,right_2025_04_30_18_13_05_909.jpg,0.0
center_2025_04_30_18_13_05_959.jpg,left_2025_04_30_18_13_05_959.jpg,right_2025_04_30_18_13_05_959.jpg,0.0
center_2025_04_30_18_13_06_001.jpg,left_2025_04_30_18_13_06_001.jpg,right_2025_04_30_18_13_06_001.jpg,0.0
center_2025_04_30_18_13_06_052.jpg,left_2025_04_30_18_13_06_052.jpg,right_2025_04_30_18_13_06_052.jpg,0.0
center_2025_04_30_18_13_06_095.jpg,left_2025_04_30_18_13_06_095.jpg,right_2025_04_30_18_13_06_095.jpg,0.0
center_2025_04_30_18_13_06_144.jpg,left_2025_04_30_18_13_06_144.jpg,right_2025_04_30_18_13_06_144.jpg,0.0
center_2025_04_30_18_13_06_188.jpg,left_2025_04_30_18_13_06_188.jpg,right_2025_04_30_18_13_06_188.jpg,0.0
center_2025_04_30_18_13_06_237.jpg,left_2025_04_30_18_13_06_237.jpg,right_2025_04_30_18_13_06_237.jpg,0.0
center_2025_04_30_18_13_06_283.jpg,left_2025_04_30_18_13_06_283.jpg,right_2025_04_30_18_13_06_283.jpg,0.0
center_2025_04_30_18_13_06_331.jpg,left_2025_04_30_18_13_06_331.jpg,right_2025_04_30_18_13_06_331.jpg,0.0
center_2025_04_30_18_13_06_380.jpg,left_2025_04_30_18_13_06_380.jpg,right_2025_04_30_18_13_06_380.jpg,0.0
center_2025_04_30_18_13_06_424.jpg,left_2025_04_30_18_13_06_424.jpg,right_2025_04_30_18_13_06_424.jpg,0.0088
center_2025_04_30_18_13_06_473.jpg,left_2025_04_30_18_13_06_473.jpg,right_2025_04_30_18_13_06_473.jpg,0.0088
center_2025_04_30_18_13_06_518.jpg,left_2025_04_30_18_13_06_518.jpg,right_2025_04_30_18_13_06_518.jpg,0.0088
center_2025_04_30_18_13_06_566.jpg,left_2025_04_30_18_13_06_566.jpg,right_2025_04_30_18_13_06_566.jpg,0.0088
center_2025_04_30_18_13_06_609.jpg,left_2025_04_30_18_13_06_609.jpg,right_2025_04_30_18_13_06_609.jpg,0.0088
center_2025_04_30_18_13_06_659.jpg,left_2025_04_30_18_13_06_659.jpg,right_2025_04_30_18_13_06_659.jpg,0.0
center_2025_04_30_18_13_06_707.jpg,left_2025_04_30_18_13_06_707.jpg,right_2025_04_30_18_13_06_707.jpg,0.0
center_2025_04_30_18_13_06_753.jpg,left_2025_04_30_18_13_06_753.jpg,right_2025_04_30_18_13_06_753.jpg,0.0
center_2025_04_30_18_13_06_803.jpg,left_2025_04_30_18_13_06_803.jpg,right_2025_04_30_18_13_06_803.jpg,0.0
center_2025_04_30_18_13_06_845.jpg,left_2025_04_30_18_13_06_845.jpg,right_2025_04_30_18_13_06_845.jpg,0.0
center_2025_04_30_18_13_06_896.jpg,left_2025_04_30_18_13_06_896.jpg,right_2025_04_30_18_13_06_896.jpg,0.0
center_2025_04_30_18_13_06_939.jpg,left_2025_04_30_18_13_06_939.jpg,right_2025_04_30_18_13_06_939.jpg,0.0
center_2025_04_30_18_13_06_988.jpg,left_2025_04_30_18_13_06_988.jpg,right_2025_04_30_18_13_06_988.jpg,0.0
center_2025_04_30_18_13_07_030.jpg,left_2025_04_30_18_13_07_030.jpg,right_2025_04_30_18_13_07_030.jpg,0.0
center_2025_04_30_18_13_07_081.jpg,left_2025_04_30_18_13_07_081.jpg,right_2025_04_30_18_13_07_081.jpg,0.0
center_2025_04_30_18_13_07_123.jpg,left_2025_04_30_18_13_07_123.jpg,right_2025_04_30_18_13_07_123.jpg,0.0
center_2025_04_30_18_13_07_174.jpg,left_2025_04_30_18_13_07_174.jpg,right_2025_04_30_18_13_07_174.jpg,0.0
center_2025_04_30_18_13_07_216.jpg,left_2025_04_30_18_13_07_216.jpg,right_2025_04_30_18_13_07_216.jpg,0.0
center_2025_04_30_18_13_07_267.jpg,left_2025_04_30_18_13_07_267.jpg,right_2025_04_30_18_13_07_267.jpg,0.0
center_2025_04_30_18_13_07_310.jpg,left_2025_04_30_18_13_07_310.jpg,right_2025_04_30_18_13_07_310.jpg,0.0
center_2025_04_30_18_13_07_360.jpg,left_2025_04_30_18_13_07_360.jpg,right_2025_04_30_18_13_07_360.jpg,0.0
center_2025_04_30_18_13_07_404.jpg,left_2025_04_30_18_13_07_404.jpg,right_2025_04_30_18_13_07_404.jpg,0.0
center_2025_04_30_18_13_07_453.jpg,left_2025_04_30_18_13_07_453.jpg,right_2025_04_30_18_13_07_453.jpg,0.0091
center_2025_04_30_18_13_07_497.jpg,left_2025_04_30_18_13_07_497.jpg,right_2025_04_30_18_13_07_497.jpg,0.0192
center_2025_04_30_18_13_07_545.jpg,left_2025_04_30_18_13_07_545.jpg,right_2025_04_30_18_13_07_545.jpg,0.0308
center_2025_04_30_18_13_07_591.jpg,left_2025_04_30_18_13_07_591.jpg,right_2025_04_30_18_13_07_591.jpg,0.0439
center_2025_04_30_18_13_07_638.jpg,left_2025_04_30_18_13_07_638.jpg,right_2025_04_30_18_13_07_638.jpg,0.058
center_2025_04_30_18_13_07_685.jpg,left_2025_04_30_18_13_07_685.jpg,right_2025_04_30_18_13_07_685.jpg,0.0637
center_2025_04_30_18_13_07_732.jpg,left_2025_04_30_18_13_07_732.jpg,right_2025_04_30_18_13_07_732.jpg,0.0688
center_2025_04_30_18_13_07_782.jpg,left_2025_04_30_18_13_07_782.jpg,right_2025_04_30_18_13_07_782.jpg,0.0733
center_2025_04_30_18_13_07_826.jpg,left_2025_04_30_18_13_07_826.jpg,right_2025_04_30_18_13_07_826.jpg,0.0787
center_2025_04_30_18_13_07_876.jpg,left_2025_04_30_18_13_07_876.jpg,right_2025_04_30_18_13_07_876.jpg,0.0855
center_2025_04_30_18_13_07_918.jpg,left_2025_04_30_18_13_07_918.jpg,right_2025_04_30_18_13_07_918.jpg,0.0937
center_2025_04_30_18_13_07_968.jpg,left_2025_04_30_18_13_07_968.jpg,right_2025_04_30_18_13_07_968.jpg,0.1044
center_2025_04_30_18_13_08_011.jpg,left_2025_04_30_18_13_08_011.jpg,right_2025_04_30_18_13_08_011.jpg,0.118
center_2025_04_30_18_13_08_061.jpg,left_2025_04_30_18_13_08_061.jpg,right_2025_04_30_18_13_08_061.jpg,0.131
center_2025_04_30_18_13_08_105.jpg,left_2025_04_30_18_13_08_105.jpg,right_2025_04_30_18_13_08_105.jpg,0.1421
center_2025_04_30_18_13_08_153.jpg,left_2025_04_30_18_13_08_153.jpg,right_2025_04_30_18_13_08_153.jpg,0.1517
center_2025_04_30_18_13_08_199.jpg,left_2025_04_30_18_13_08_199.jpg,right_2025_04_30_18_13_08_199.jpg,0.1585
center_2025_04_30_18_13_08_246.jpg,left_2025_04_30_18_13_08_246.jpg,right_2025_04_30_18_13_08_246.jpg,0.1619
center_2025_04_30_18_13_08_291.jpg,left_2025_04_30_18_13_08_291.jpg,right_2025_04_30_18_13_08_291.jpg,0.1639
center_2025_04_30_18_13_08_339.jpg,left_2025_04_30_18_13_08_339.jpg,right_2025_04_30_18_13_08_339.jpg,0.1656
center_2025_04_30_18_13_08_383.jpg,left_2025_04_30_18_13_08_383.jpg,right_2025_04_30_18_13_08_383.jpg,0.1667
center_2025_04_30_18_13_08_432.jpg,left_2025_04_30_18_13_08_432.jpg,right_2025_04_30_18_13_08_432.jpg,0.1673
center_2025_04_30_18_13_08_476.jpg,left_2025_04_30_18_13_08_476.jpg,right_2025_04_30_18_13_08_476.jpg,0.1678
center_2025_04_30_18_13_08_524.jpg,left_2025_04_30_18_13_08_524.jpg,right_2025_04_30_18_13_08_524.jpg,0.1681
center_2025_04_30_18_13_08_570.jpg,left_2025_04_30_18_13_08_570.jpg,right_2025_04_30_18_13_08_570.jpg,0.1681
center_2025_04_30_18_13_08_617.jpg,left_2025_04_30_18_13_08_617.jpg,right_2025_04_30_18_13_08_617.jpg,0.1681
center_2025_04_30_18_13_08_665.jpg,left_2025_04_30_18_13_08_665.jpg,right_2025_04_30_18_13_08_665.jpg,0.1684
center_2025_04_30_18_13_08_710.jpg,left_2025_04_30_18_13_08_710.jpg,right_2025_04_30_18_13_08_710.jpg,0.1681
center_2025_04_30_18_13_08_755.jpg,left_2025_04_30_18_13_08_755.jpg,right_2025_04_30_18_13_08_755.jpg,0.1681
center_2025_04_30_18_13_08_803.jpg,left_2025_04_30_18_13_08_803.jpg,right_2025_04_30_18_13_08_803.jpg,0.1681
center_2025_04_30_18_13_08_849.jpg,left_2025_04_30_18_13_08_849.jpg,right_2025_04_30_18_13_08_849.jpg,0.1673
center_2025_04_30_18_13_08_896.jpg,left_2025_04_30_18_13_08_896.jpg,right_2025_04_30_18_13_08_896.jpg,0.167
center_2025_04_30_18_13_08_943.jpg,left_2025_04_30_18_13_08_943.jpg,right_2025_04_30_18_13_08_943.jpg,0.167
center_2025_04_30_18_13_08_989.jpg,left_2025_04_30_18_13_08_989.jpg,right_2025_04_30_18_13_08_989.jpg,0.1667
center_2025_04_30_18_13_09_034.jpg,left_2025_04_30_18_13_09_034.jpg,right_2025_04_30_18_13_09_034.jpg,0.1642
center_2025_04_30_18_13_09_081.jpg,left_2025_04_30_18_13_09_081.jpg,right_2025_04_30_18_13_09_081.jpg,0.1585
center_2025_04_30_18_13_09_127.jpg,left_2025_04_30_18_13_09_127.jpg,right_2025_04_30_18_13_09_127.jpg,0.1511
center_2025_04_30_18_13_09_175.jpg,left_2025_04_30_18_13_09_175.jpg,right_2025_04_30_18_13_09_175.jpg,0.1429
center_2025_04_30_18_13_09_225.jpg,left_2025_04_30_18_13_09_225.jpg,right_2025_04_30_18_13_09_225.jpg,0.1347
center_2025_04_30_18_13_09_270.jpg,left_2025_04_30_18_13_09_270.jpg,right_2025_04_30_18_13_09_270.jpg,0.1287
center_2025_04_30_18_13_09_318.jpg,left_2025_04_30_18_13_09_318.jpg,right_2025_04_30_18_13_09_318.jpg,0.1268
center_2025_04_30_18_13_09_362.jpg,left_2025_04_30_18_13_09_362.jpg,right_2025_04_30_18_13_09_362.jpg,0.1259
center_2025_04_30_18_13_09_411.jpg,left_2025_04_30_18_13_09_411.jpg,right_2025_04_30_18_13_09_411.jpg,0.1259
center_2025_04_30_18_13_09_456.jpg,left_2025_04_30_18_13_09_456.jpg,right_2025_04_30_18_13_09_456.jpg,0.1262
center_2025_04_30_18_13_09_504.jpg,left_2025_04_30_18_13_09_504.jpg,right_2025_04_30_18_13_09_504.jpg,0.1279
center_2025_04_30_18_13_09_549.jpg,left_2025_04_30_18_13_09_549.jpg,right_2025_04_30_18_13_09_549.jpg,0.1324
center_2025_04_30_18_13_09_596.jpg,left_2025_04_30_18_13_09_596.jpg,right_2025_04_30_18_13_09_596.jpg,0.1395
center_2025_04_30_18_13_09_641.jpg,left_2025_04_30_18_13_09_641.jpg,right_2025_04_30_18_13_09_641.jpg,0.1483
center_2025_04_30_18_13_09_689.jpg,left_2025_04_30_18_13_09_689.jpg,right_2025_04_30_18_13_09_689.jpg,0.1599
center_2025_04_30_18_13_09_734.jpg,left_2025_04_30_18_13_09_734.jpg,right_2025_04_30_18_13_09_734.jpg,0.1712
center_2025_04_30_18_13_09_782.jpg,left_2025_04_30_18_13_09_782.jpg,right_2025_04_30_18_13_09_782.jpg,0.1806
center_2025_04_30_18_13_09_828.jpg,left_2025_04_30_18_13_09_828.jpg,right_2025_04_30_18_13_09_828.jpg,0.1876
center_2025_04_30_18_13_09_874.jpg,left_2025_04_30_18_13_09_874.jpg,right_2025_04_30_18_13_09_874.jpg,0.1933
center_2025_04_30_18_13_09_926.jpg,left_2025_04_30_18_13_09_926.jpg,right_2025_04_30_18_13_09_926.jpg,0.1961
center_2025_04_30_18_13_09_970.jpg,left_2025_04_30_18_13_09_970.jpg,right_2025_04_30_18_13_09_970.jpg,0.1981
center_2025_04_30_18_13_10_019.jpg,left_2025_04_30_18_13_10_019.jpg,right_2025_04_30_18_13_10_019.jpg,0.1992
center_2025_04_30_18_13_10_064.jpg,left_2025_04_30_18_13_10_064.jpg,right_2025_04_30_18_13_10_064.jpg,0.2001
center_2025_04_30_18_13_10_112.jpg,left_2025_04_30_18_13_10_112.jpg,right_2025_04_30_18_13_10_112.jpg,0.2006
center_2025_04_30_18_13_10_156.jpg,left_2025_04_30_18_13_10_156.jpg,right_2025_04_30_18_13_10_156.jpg,0.2009
center_2025_04_30_18_13_10_205.jpg,left_2025_04_30_18_13_10_205.jpg,right_2025_04_30_18_13_10_205.jpg,0.2009
center_2025_04_30_18_13_10_250.jpg,left_2025_04_30_18_13_10_250.jpg,right_2025_04_30_18_13_10_250.jpg,0.2012
center_2025_04_30_18_13_10_298.jpg,left_2025_04_30_18_13_10_298.jpg,right_2025_04_30_18_13_10_298.jpg,0.2015
center_2025_04_30_18_13_10_348.jpg,left_2025_04_30_18_13_10_348.jpg,right_2025_04_30_18_13_10_348.jpg,0.2015
center_2025_04_30_18_13_10_405.jpg,left_2025_04_30_18_13_10_405.jpg,right_2025_04_30_18_13_10_405.jpg,0.2018
center_2025_04_30_18_13_10_442.jpg,left_2025_04_30_18_13_10_442.jpg,right_2025_04_30_18_13_10_442.jpg,0.2021
center_2025_04_30_18_13_10_486.jpg,left_2025_04_30_18_13_10_486.jpg,right_2025_04_30_18_13_10_486.jpg,0.2021
center_2025_04_30_18_13_10_533.jpg,left_2025_04_30_18_13_10_533.jpg,right_2025_04_30_18_13_10_533.jpg,0.2021
center_2025_04_30_18_13_10_579.jpg,left_2025_04_30_18_13_10_579.jpg,right_2025_04_30_18_13_10_579.jpg,0.2024
center_2025_04_30_18_13_10_628.jpg,left_2025_04_30_18_13_10_628.jpg,right_2025_04_30_18_13_10_628.jpg,0.2024
center_2025_04_30_18_13_10_673.jpg,left_2025_04_30_18_13_10_673.jpg,right_2025_04_30_18_13_10_673.jpg,0.2021
center_2025_04_30_18_13_10_727.jpg,left_2025_04_30_18_13_10_727.jpg,right_2025_04_30_18_13_10_727.jpg,0.2021
center_2025_04_30_18_13_10_765.jpg,left_2025_04_30_18_13_10_765.jpg,right_2025_04_30_18_13_10_765.jpg,0.2021
center_2025_04_30_18_13_10_814.jpg,left_2025_04_30_18_13_10_814.jpg,right_2025_04_30_18_13_10_814.jpg,0.2018
center_2025_04_30_18_13_10_857.jpg,left_2025_04_30_18_13_10_857.jpg,right_2025_04_30_18_13_10_857.jpg,0.2018
center_2025_04_30_18_13_10_905.jpg,left_2025_04_30_18_13_10_905.jpg,right_2025_04_30_18_13_10_905.jpg,0.2018
center_2025_04_30_18_13_10_949.jpg,left_2025_04_30_18_13_10_949.jpg,right_2025_04_30_18_13_10_949.jpg,0.2015
center_2025_04_30_18_13_10_998.jpg,left_2025_04_30_18_13_10_998.jpg,right_2025_04_30_18_13_10_998.jpg,0.2015
center_2025_04_30_18_13_11_042.jpg,left_2025_04_30_18_13_11_042.jpg,right_2025_04_30_18_13_11_042.jpg,0.2015
center_2025_04_30_18_13_11_093.jpg,left_2025_04_30_18_13_11_093.jpg,right_2025_04_30_18_13_11_093.jpg,0.2015
center_2025_04_30_18_13_11_136.jpg,left_2025_04_30_18_13_11_136.jpg,right_2025_04_30_18_13_11_136.jpg,0.2018
center_2025_04_30_18_13_11_184.jpg,left_2025_04_30_18_13_11_184.jpg,right_2025_04_30_18_13_11_184.jpg,0.2018
center_2025_04_30_18_13_11_229.jpg,left_2025_04_30_18_13_11_229.jpg,right_2025_04_30_18_13_11_229.jpg,0.2018
center_2025_04_30_18_13_11_277.jpg,left_2025_04_30_18_13_11_277.jpg,right_2025_04_30_18_13_11_277.jpg,0.2018
center_2025_04_30_18_13_11_321.jpg,left_2025_04_30_18_13_11_321.jpg,right_2025_04_30_18_13_11_321.jpg,0.2018
center_2025_04_30_18_13_11_369.jpg,left_2025_04_30_18_13_11_369.jpg,right_2025_04_30_18_13_11_369.jpg,0.2015
center_2025_04_30_18_13_11_416.jpg,left_2025_04_30_18_13_11_416.jpg,right_2025_04_30_18_13_11_416.jpg,0.2018
center_2025_04_30_18_13_11_463.jpg,left_2025_04_30_18_13_11_463.jpg,right_2025_04_30_18_13_11_463.jpg,0.2015
center_2025_04_30_18_13_11_513.jpg,left_2025_04_30_18_13_11_513.jpg,right_2025_04_30_18_13_11_513.jpg,0.2018
center_2025_04_30_18_13_11_558.jpg,left_2025_04_30_18_13_11_558.jpg,right_2025_04_30_18_13_11_558.jpg,0.2015
center_2025_04_30_18_13_11_606.jpg,left_2025_04_30_18_13_11_606.jpg,right_2025_04_30_18_13_11_606.jpg,0.2007
center_2025_04_30_18_13_11_650.jpg,left_2025_04_30_18_13_11_650.jpg,right_2025_04_30_18_13_11_650.jpg,0.199
center_2025_04_30_18_13_11_700.jpg,left_2025_04_30_18_13_11_700.jpg,right_2025_04_30_18_13_11_700.jpg,0.1959
center_2025_04_30_18_13_11_743.jpg,left_2025_04_30_18_13_11_743.jpg,right_2025_04_30_18_13_11_743.jpg,0.1896
center_2025_04_30_18_13_11_792.jpg,left_2025_04_30_18_13_11_792.jpg,right_2025_04_30_18_13_11_792.jpg,0.1809
center_2025_04_30_18_13_11_836.jpg,left_2025_04_30_18_13_11_836.jpg,right_2025_04_30_18_13_11_836.jpg,0.1724
center_2025_04_30_18_13_11_886.jpg,left_2025_04_30_18_13_11_886.jpg,right_2025_04_30_18_13_11_886.jpg,0.1636
center_2025_04_30_18_13_11_927.jpg,left_2025_04_30_18_13_11_927.jpg,right_2025_04_30_18_13_11_927.jpg,0.1559
center_2025_04_30_18_13_11_978.jpg,left_2025_04_30_18_13_11_978.jpg,right_2025_04_30_18_13_11_978.jpg,0.1494
center_2025_04_30_18_13_12_019.jpg,left_2025_04_30_18_13_12_019.jpg,right_2025_04_30_18_13_12_019.jpg,0.1449
center_2025_04_30_18_13_12_070.jpg,left_2025_04_30_18_13_12_070.jpg,right_2025_04_30_18_13_12_070.jpg,0.1404
center_2025_04_30_18_13_12_114.jpg,left_2025_04_30_18_13_12_114.jpg,right_2025_04_30_18_13_12_114.jpg,0.1359
center_2025_04_30_18_13_12_163.jpg,left_2025_04_30_18_13_12_163.jpg,right_2025_04_30_18_13_12_163.jpg,0.1308
center_2025_04_30_18_13_12_209.jpg,left_2025_04_30_18_13_12_209.jpg,right_2025_04_30_18_13_12_209.jpg,0.1265
center_2025_04_30_18_13_12_257.jpg,left_2025_04_30_18_13_12_257.jpg,right_2025_04_30_18_13_12_257.jpg,0.1223
center_2025_04_30_18_13_12_301.jpg,left_2025_04_30_18_13_12_301.jpg,right_2025_04_30_18_13_12_301.jpg,0.1175
center_2025_04_30_18_13_12_349.jpg,left_2025_04_30_18_13_12_349.jpg,right_2025_04_30_18_13_12_349.jpg,0.1104
center_2025_04_30_18_13_12_400.jpg,left_2025_04_30_18_13_12_400.jpg,right_2025_04_30_18_13_12_400.jpg,0.0996
center_2025_04_30_18_13_12_443.jpg,left_2025_04_30_18_13_12_443.jpg,right_2025_04_30_18_13_12_443.jpg,0.0761
center_2025_04_30_18_13_12_493.jpg,left_2025_04_30_18_13_12_493.jpg,right_2025_04_30_18_13_12_493.jpg,0.0535
center_2025_04_30_18_13_12_537.jpg,left_2025_04_30_18_13_12_537.jpg,right_2025_04_30_18_13_12_537.jpg,0.032
center_2025_04_30_18_13_12_586.jpg,left_2025_04_30_18_13_12_586.jpg,right_2025_04_30_18_13_12_586.jpg,0.0045
center_2025_04_30_18_13_12_632.jpg,left_2025_04_30_18_13_12_632.jpg,right_2025_04_30_18_13_12_632.jpg,-0.0198
center_2025_04_30_18_13_12_678.jpg,left_2025_04_30_18_13_12_678.jpg,right_2025_04_30_18_13_12_678.jpg,-0.0328
center_2025_04_30_18_13_12_725.jpg,left_2025_04_30_18_13_12_725.jpg,right_2025_04_30_18_13_12_725.jpg,-0.0484
center_2025_04_30_18_13_12_774.jpg,left_2025_04_30_18_13_12_774.jpg,right_2025_04_30_18_13_12_774.jpg,-0.0671
center_2025_04_30_18_13_12_823.jpg,left_2025_04_30_18_13_12_823.jpg,right_2025_04_30_18_13_12_823.jpg,-0.0775
center_2025_04_30_18_13_12_867.jpg,left_2025_04_30_18_13_12_867.jpg,right_2025_04_30_18_13_12_867.jpg,-0.0866
center_2025_04_30_18_13_12_915.jpg,left_2025_04_30_18_13_12_915.jpg,right_2025_04_30_18_13_12_915.jpg,-0.0937
center_2025_04_30_18_13_12_961.jpg,left_2025_04_30_18_13_12_961.jpg,right_2025_04_30_18_13_12_961.jpg,-0.0982
center_2025_04_30_18_13_13_008.jpg,left_2025_04_30_18_13_13_008.jpg,right_2025_04_30_18_13_13_008.jpg,-0.0999
center_2025_04_30_18_13_13_060.jpg,left_2025_04_30_18_13_13_060.jpg,right_2025_04_30_18_13_13_060.jpg,-0.1005
center_2025_04_30_18_13_13_103.jpg,left_2025_04_30_18_13_13_103.jpg,right_2025_04_30_18_13_13_103.jpg,-0.1011
center_2025_04_30_18_13_13_153.jpg,left_2025_04_30_18_13_13_153.jpg,right_2025_04_30_18_13_13_153.jpg,-0.1013
center_2025_04_30_18_13_13_197.jpg,left_2025_04_30_18_13_13_197.jpg,right_2025_04_30_18_13_13_197.jpg,-0.1016
center_2025_04_30_18_13_13_246.jpg,left_2025_04_30_18_13_13_246.jpg,right_2025_04_30_18_13_13_246.jpg,-0.1016
center_2025_04_30_18_13_13_289.jpg,left_2025_04_30_18_13_13_289.jpg,right_2025_04_30_18_13_13_289.jpg,-0.1019
center_2025_04_30_18_13_13_338.jpg,left_2025_04_30_18_13_13_338.jpg,right_2025_04_30_18_13_13_338.jpg,-0.1019
center_2025_04_30_18_13_13_383.jpg,left_2025_04_30_18_13_13_383.jpg,right_2025_04_30_18_13_13_383.jpg,-0.1022
center_2025_04_30_18_13_13_431.jpg,left_2025_04_30_18_13_13_431.jpg,right_2025_04_30_18_13_13_431.jpg,-0.1025
center_2025_04_30_18_13_13_477.jpg,left_2025_04_30_18_13_13_477.jpg,right_2025_04_30_18_13_13_477.jpg,-0.1027
center_2025_04_30_18_13_13_525.jpg,left_2025_04_30_18_13_13_525.jpg,right_2025_04_30_18_13_13_525.jpg,-0.103
center_2025_04_30_18_13_13_567.jpg,left_2025_04_30_18_13_13_567.jpg,right_2025_04_30_18_13_13_567.jpg,-0.103
center_2025_04_30_18_13_13_616.jpg,left_2025_04_30_18_13_13_616.jpg,right_2025_04_30_18_13_13_616.jpg,-0.103
center_2025_04_30_18_13_13_662.jpg,left_2025_04_30_18_13_13_662.jpg,right_2025_04_30_18_13_13_662.jpg,-0.103
center_2025_04_30_18_13_13_709.jpg,left_2025_04_30_18_13_13_709.jpg,right_2025_04_30_18_13_13_709.jpg,-0.103
center_2025_04_30_18_13_13_755.jpg,left_2025_04_30_18_13_13_755.jpg,right_2025_04_30_18_13_13_755.jpg,-0.103
center_2025_04_30_18_13_13_802.jpg,left_2025_04_30_18_13_13_802.jpg,right_2025_04_30_18_13_13_802.jpg,-0.1033
center_2025_04_30_18_13_13_853.jpg,left_2025_04_30_18_13_13_853.jpg,right_2025_04_30_18_13_13_853.jpg,-0.1033
center_2025_04_30_18_13_13_897.jpg,left_2025_04_30_18_13_13_897.jpg,right_2025_04_30_18_13_13_897.jpg,-0.1033
center_2025_04_30_18_13_13_947.jpg,left_2025_04_30_18_13_13_947.jpg,right_2025_04_30_18_13_13_947.jpg,-0.1033
center_2025_04_30_18_13_13_991.jpg,left_2025_04_30_18_13_13_991.jpg,right_2025_04_30_18_13_13_991.jpg,-0.1033
center_2025_04_30_18_13_14_039.jpg,left_2025_04_30_18_13_14_039.jpg,right_2025_04_30_18_13_14_039.jpg,-0.1033
center_2025_04_30_18_13_14_087.jpg,left_2025_04_30_18_13_14_087.jpg,right_2025_04_30_18_13_14_087.jpg,-0.1033
center_2025_04_30_18_13_14_133.jpg,left_2025_04_30_18_13_14_133.jpg,right_2025_04_30_18_13_14_133.jpg,-0.103
center_2025_04_30_18_13_14_175.jpg,left_2025_04_30_18_13_14_175.jpg,right_2025_04_30_18_13_14_175.jpg,-0.103
center_2025_04_30_18_13_14_225.jpg,left_2025_04_30_18_13_14_225.jpg,right_2025_04_30_18_13_14_225.jpg,-0.103
center_2025_04_30_18_13_14_268.jpg,left_2025_04_30_18_13_14_268.jpg,right_2025_04_30_18_13_14_268.jpg,-0.103
center_2025_04_30_18_13_14_318.jpg,left_2025_04_30_18_13_14_318.jpg,right_2025_04_30_18_13_14_318.jpg,-0.103
center_2025_04_30_18_13_14_361.jpg,left_2025_04_30_18_13_14_361.jpg,right_2025_04_30_18_13_14_361.jpg,-0.1033
center_2025_04_30_18_13_14_410.jpg,left_2025_04_30_18_13_14_410.jpg,right_2025_04_30_18_13_14_410.jpg,-0.1036
center_2025_04_30_18_13_14_454.jpg,left_2025_04_30_18_13_14_454.jpg,right_2025_04_30_18_13_14_454.jpg,-0.1039
center_2025_04_30_18_13_14_503.jpg,left_2025_04_30_18_13_14_503.jpg,right_2025_04_30_18_13_14_503.jpg,-0.1044
center_2025_04_30_18_13_14_548.jpg,left_2025_04_30_18_13_14_548.jpg,right_2025_04_30_18_13_14_548.jpg,-0.105
center_2025_04_30_18_13_14_596.jpg,left_2025_04_30_18_13_14_596.jpg,right_2025_04_30_18_13_14_596.jpg,-0.1055
center_2025_04_30_18_13_14_647.jpg,left_2025_04_30_18_13_14_647.jpg,right_2025_04_30_18_13_14_647.jpg,-0.1058
center_2025_04_30_18_13_14_689.jpg,left_2025_04_30_18_13_14_689.jpg,right_2025_04_30_18_13_14_689.jpg,-0.1061
center_2025_04_30_18_13_14_740.jpg,left_2025_04_30_18_13_14_740.jpg,right_2025_04_30_18_13_14_740.jpg,-0.1061
center_2025_04_30_18_13_14_785.jpg,left_2025_04_30_18_13_14_785.jpg,right_2025_04_30_18_13_14_785.jpg,-0.1061
center_2025_04_30_18_13_14_832.jpg,left_2025_04_30_18_13_14_832.jpg,right_2025_04_30_18_13_14_832.jpg,-0.1064
center_2025_04_30_18_13_14_877.jpg,left_2025_04_30_18_13_14_877.jpg,right_2025_04_30_18_13_14_877.jpg,-0.1064
center_2025_04_30_18_13_14_925.jpg,left_2025_04_30_18_13_14_925.jpg,right_2025_04_30_18_13_14_925.jpg,-0.1067
center_2025_04_30_18_13_14_971.jpg,left_2025_04_30_18_13_14_971.jpg,right_2025_04_30_18_13_14_971.jpg,-0.1075
center_2025_04_30_18_13_15_018.jpg,left_2025_04_30_18_13_15_018.jpg,right_2025_04_30_18_13_15_018.jpg,-0.1089
center_2025_04_30_18_13_15_064.jpg,left_2025_04_30_18_13_15_064.jpg,right_2025_04_30_18_13_15_064.jpg,-0.1104
center_2025_04_30_18_13_15_111.jpg,left_2025_04_30_18_13_15_111.jpg,right_2025_04_30_18_13_15_111.jpg,-0.1121
center_2025_04_30_18_13_15_157.jpg,left_2025_04_30_18_13_15_157.jpg,right_2025_04_30_18_13_15_157.jpg,-0.1138
center_2025_04_30_18_13_15_204.jpg,left_2025_04_30_18_13_15_204.jpg,right_2025_04_30_18_13_15_204.jpg,-0.1149
center_2025_04_30_18_13_15_249.jpg,left_2025_04_30_18_13_15_249.jpg,right_2025_04_30_18_13_15_249.jpg,-0.1157
center_2025_04_30_18_13_15_296.jpg,left_2025_04_30_18_13_15_296.jpg,right_2025_04_30_18_13_15_296.jpg,-0.1163
center_2025_04_30_18_13_15_343.jpg,left_2025_04_30_18_13_15_343.jpg,right_2025_04_30_18_13_15_343.jpg,-0.1172
center_2025_04_30_18_13_15_390.jpg,left_2025_04_30_18_13_15_390.jpg,right_2025_04_30_18_13_15_390.jpg,-0.118
center_2025_04_30_18_13_15_437.jpg,left_2025_04_30_18_13_15_437.jpg,right_2025_04_30_18_13_15_437.jpg,-0.1189
center_2025_04_30_18_13_15_484.jpg,left_2025_04_30_18_13_15_484.jpg,right_2025_04_30_18_13_15_484.jpg,-0.1195
center_2025_04_30_18_13_15_534.jpg,left_2025_04_30_18_13_15_534.jpg,right_2025_04_30_18_13_15_534.jpg,-0.12
center_2025_04_30_18_13_15_579.jpg,left_2025_04_30_18_13_15_579.jpg,right_2025_04_30_18_13_15_579.jpg,-0.1203
center_2025_04_30_18_13_15_626.jpg,left_2025_04_30_18_13_15_626.jpg,right_2025_04_30_18_13_15_626.jpg,-0.1203
center_2025_04_30_18_13_15_671.jpg,left_2025_04_30_18_13_15_671.jpg,right_2025_04_30_18_13_15_671.jpg,-0.1203
center_2025_04_30_18_13_15_719.jpg,left_2025_04_30_18_13_15_719.jpg,right_2025_04_30_18_13_15_719.jpg,-0.1203
center_2025_04_30_18_13_15_764.jpg,left_2025_04_30_18_13_15_764.jpg,right_2025_04_30_18_13_15_764.jpg,-0.1203
center_2025_04_30_18_13_15_812.jpg,left_2025_04_30_18_13_15_812.jpg,right_2025_04_30_18_13_15_812.jpg,-0.1203
center_2025_04_30_18_13_15_863.jpg,left_2025_04_30_18_13_15_863.jpg,right_2025_04_30_18_13_15_863.jpg,-0.1203
center_2025_04_30_18_13_15_905.jpg,left_2025_04_30_18_13_15_905.jpg,right_2025_04_30_18_13_15_905.jpg,-0.1197
center_2025_04_30_18_13_15_956.jpg,left_2025_04_30_18_13_15_956.jpg,right_2025_04_30_18_13_15_956.jpg,-0.1163
center_2025_04_30_18_13_16_001.jpg,left_2025_04_30_18_13_16_001.jpg,right_2025_04_30_18_13_16_001.jpg,-0.1098
center_2025_04_30_18_13_16_049.jpg,left_2025_04_30_18_13_16_049.jpg,right_2025_04_30_18_13_16_049.jpg,-0.1005
center_2025_04_30_18_13_16_095.jpg,left_2025_04_30_18_13_16_095.jpg,right_2025_04_30_18_13_16_095.jpg,-0.0889
center_2025_04_30_18_13_16_142.jpg,left_2025_04_30_18_13_16_142.jpg,right_2025_04_30_18_13_16_142.jpg,-0.0767
center_2025_04_30_18_13_16_189.jpg,left_2025_04_30_18_13_16_189.jpg,right_2025_04_30_18_13_16_189.jpg,-0.0665
center_2025_04_30_18_13_16_236.jpg,left_2025_04_30_18_13_16_236.jpg,right_2025_04_30_18_13_16_236.jpg,-0.058
center_2025_04_30_18_13_16_286.jpg,left_2025_04_30_18_13_16_286.jpg,right_2025_04_30_18_13_16_286.jpg,-0.0433
center_2025_04_30_18_13_16_328.jpg,left_2025_04_30_18_13_16_328.jpg,right_2025_04_30_18_13_16_328.jpg,-0.0309
center_2025_04_30_18_13_16_380.jpg,left_2025_04_30_18_13_16_380.jpg,right_2025_04_30_18_13_16_380.jpg,-0.0195
center_2025_04_30_18_13_16_422.jpg,left_2025_04_30_18_13_16_422.jpg,right_2025_04_30_18_13_16_422.jpg,-0.0091
center_2025_04_30_18_13_16_472.jpg,left_2025_04_30_18_13_16_472.jpg,right_2025_04_30_18_13_16_472.jpg,0.0
center_2025_04_30_18_13_16_516.jpg,left_2025_04_30_18_13_16_516.jpg,right_2025_04_30_18_13_16_516.jpg,0.0
center_2025_04_30_18_13_16_564.jpg,left_2025_04_30_18_13_16_564.jpg,right_2025_04_30_18_13_16_564.jpg,0.0
center_2025_04_30_18_13_16_608.jpg,left_2025_04_30_18_13_16_608.jpg,right_2025_04_30_18_13_16_608.jpg,0.0
center_2025_04_30_18_13_16_657.jpg,left_2025_04_30_18_13_16_657.jpg,right_2025_04_30_18_13_16_657.jpg,0.0
center_2025_04_30_18_13_16_701.jpg,left_2025_04_30_18_13_16_701.jpg,right_2025_04_30_18_13_16_701.jpg,0.0
center_2025_04_30_18_13_16_750.jpg,left_2025_04_30_18_13_16_750.jpg,right_2025_04_30_18_13_16_750.jpg,0.0
center_2025_04_30_18_13_16_798.jpg,left_2025_04_30_18_13_16_798.jpg,right_2025_04_30_18_13_16_798.jpg,0.0
center_2025_04_30_18_13_16_842.jpg,left_2025_04_30_18_13_16_842.jpg,right_2025_04_30_18_13_16_842.jpg,0.0
center_2025_04_30_18_13_16_888.jpg,left_2025_04_30_18_13_16_888.jpg,right_2025_04_30_18_13_16_888.jpg,0.0
center_2025_04_30_18_13_16_936.jpg,left_2025_04_30_18_13_16_936.jpg,right_2025_04_30_18_13_16_936.jpg,0.0
center_2025_04_30_18_13_16_981.jpg,left_2025_04_30_18_13_16_981.jpg,right_2025_04_30_18_13_16_981.jpg,0.0
center_2025_04_30_18_13_17_029.jpg,left_2025_04_30_18_13_17_029.jpg,right_2025_04_30_18_13_17_029.jpg,0.0
center_2025_04_30_18_13_17_080.jpg,left_2025_04_30_18_13_17_080.jpg,right_2025_04_30_18_13_17_080.jpg,0.0
center_2025_04_30_18_13_17_123.jpg,left_2025_04_30_18_13_17_123.jpg,right_2025_04_30_18_13_17_123.jpg,0.0
center_2025_04_30_18_13_17_172.jpg,left_2025_04_30_18_13_17_172.jpg,right_2025_04_30_18_13_17_172.jpg,0.0
center_2025_04_30_18_13_17_216.jpg,left_2025_04_30_18_13_17_216.jpg,right_2025_04_30_18_13_17_216.jpg,0.0
center_2025_04_30_18_13_17_266.jpg,left_2025_04_30_18_13_17_266.jpg,right_2025_04_30_18_13_17_266.jpg,0.0
center_2025_04_30_18_13_17_309.jpg,left_2025_04_30_18_13_17_309.jpg,right_2025_04_30_18_13_17_309.jpg,0.0
center_2025_04_30_18_13_17_359.jpg,left_2025_04_30_18_13_17_359.jpg,right_2025_04_30_18_13_17_359.jpg,0.0
center_2025_04_30_18_13_17_401.jpg,left_2025_04_30_18_13_17_401.jpg,right_2025_04_30_18_13_17_401.jpg,0.0
center_2025_04_30_18_13_17_451.jpg,left_2025_04_30_18_13_17_451.jpg,right_2025_04_30_18_13_17_451.jpg,0.0
center_2025_04_30_18_13_17_496.jpg,left_2025_04_30_18_13_17_496.jpg,right_2025_04_30_18_13_17_496.jpg,0.0
center_2025_04_30_18_13_17_544.jpg,left_2025_04_30_18_13_17_544.jpg,right_2025_04_30_18_13_17_544.jpg,0.0
center_2025_04_30_18_13_17_586.jpg,left_2025_04_30_18_13_17_586.jpg,right_2025_04_30_18_13_17_586.jpg,0.0
center_2025_04_30_18_13_17_636.jpg,left_2025_04_30_18_13_17_636.jpg,right_2025_04_30_18_13_17_636.jpg,0.0
center_2025_04_30_18_13_17_680.jpg,left_2025_04_30_18_13_17_680.jpg,right_2025_04_30_18_13_17_680.jpg,0.0
center_2025_04_30_18_13_17_729.jpg,left_2025_04_30_18_13_17_729.jpg,right_2025_04_30_18_13_17_729.jpg,0.0
center_2025_04_30_18_13_17_774.jpg,left_2025_04_30_18_13_17_774.jpg,right_2025_04_30_18_13_17_774.jpg,0.0
center_2025_04_30_18_13_17_822.jpg,left_2025_04_30_18_13_17_822.jpg,right_2025_04_30_18_13_17_822.jpg,0.0
center_2025_04_30_18_13_17_874.jpg,left_2025_04_30_18_13_17_874.jpg,right_2025_04_30_18_13_17_874.jpg,0.0
center_2025_04_30_18_13_17_916.jpg,left_2025_04_30_18_13_17_916.jpg,right_2025_04_30_18_13_17_916.jpg,0.0
center_2025_04_30_18_13_17_966.jpg,left_2025_04_30_18_13_17_966.jpg,right_2025_04_30_18_13_17_966.jpg,0.0
center_2025_04_30_18_13_18_010.jpg,left_2025_04_30_18_13_18_010.jpg,right_2025_04_30_18_13_18_010.jpg,0.0
center_2025_04_30_18_13_18_059.jpg,left_2025_04_30_18_13_18_059.jpg,right_2025_04_30_18_13_18_059.jpg,0.0
center_2025_04_30_18_13_18_104.jpg,left_2025_04_30_18_13_18_104.jpg,right_2025_04_30_18_13_18_104.jpg,0.0
center_2025_04_30_18_13_18_151.jpg,left_2025_04_30_18_13_18_151.jpg,right_2025_04_30_18_13_18_151.jpg,0.0
center_2025_04_30_18_13_18_198.jpg,left_2025_04_30_18_13_18_198.jpg,right_2025_04_30_18_13_18_198.jpg,0.0
center_2025_04_30_18_13_18_244.jpg,left_2025_04_30_18_13_18_244.jpg,right_2025_04_30_18_13_18_244.jpg,0.0
center_2025_04_30_18_13_18_290.jpg,left_2025_04_30_18_13_18_290.jpg,right_2025_04_30_18_13_18_290.jpg,0.0
center_2025_04_30_18_13_18_340.jpg,left_2025_04_30_18_13_18_340.jpg,right_2025_04_30_18_13_18_340.jpg,0.0
center_2025_04_30_18_13_18_389.jpg,left_2025_04_30_18_13_18_389.jpg,right_2025_04_30_18_13_18_389.jpg,0.0
center_2025_04_30_18_13_18_432.jpg,left_2025_04_30_18_13_18_432.jpg,right_2025_04_30_18_13_18_432.jpg,0.0
center_2025_04_30_18_13_18_481.jpg,left_2025_04_30_18_13_18_481.jpg,right_2025_04_30_18_13_18_481.jpg,0.0
center_2025_04_30_18_13_18_525.jpg,left_2025_04_30_18_13_18_525.jpg,right_2025_04_30_18_13_18_525.jpg,0.0
center_2025_04_30_18_13_18_575.jpg,left_2025_04_30_18_13_18_575.jpg,right_2025_04_30_18_13_18_575.jpg,0.0
center_2025_04_30_18_13_18_617.jpg,left_2025_04_30_18_13_18_617.jpg,right_2025_04_30_18_13_18_617.jpg,0.0
center_2025_04_30_18_13_18_668.jpg,left_2025_04_30_18_13_18_668.jpg,right_2025_04_30_18_13_18_668.jpg,0.0
center_2025_04_30_18_13_18_708.jpg,left_2025_04_30_18_13_18_708.jpg,right_2025_04_30_18_13_18_708.jpg,0.0
center_2025_04_30_18_13_18_756.jpg,left_2025_04_30_18_13_18_756.jpg,right_2025_04_30_18_13_18_756.jpg,0.0
center_2025_04_30_18_13_18_803.jpg,left_2025_04_30_18_13_18_803.jpg,right_2025_04_30_18_13_18_803.jpg,0.0
center_2025_04_30_18_13_18_854.jpg,left_2025_04_30_18_13_18_854.jpg,right_2025_04_30_18_13_18_854.jpg,0.0
center_2025_04_30_18_13_18_897.jpg,left_2025_04_30_18_13_18_897.jpg,right_2025_04_30_18_13_18_897.jpg,0.0
center_2025_04_30_18_13_18_946.jpg,left_2025_04_30_18_13_18_946.jpg,right_2025_04_30_18_13_18_946.jpg,0.0
center_2025_04_30_18_13_18_988.jpg,left_2025_04_30_18_13_18_988.jpg,right_2025_04_30_18_13_18_988.jpg,-0.0099
center_2025_04_30_18_13_19_033.jpg,left_2025_04_30_18_13_19_033.jpg,right_2025_04_30_18_13_19_033.jpg,-0.0209
center_2025_04_30_18_13_19_079.jpg,left_2025_04_30_18_13_19_079.jpg,right_2025_04_30_18_13_19_079.jpg,-0.0323
center_2025_04_30_18_13_19_131.jpg,left_2025_04_30_18_13_19_131.jpg,right_2025_04_30_18_13_19_131.jpg,-0.0436
center_2025_04_30_18_13_19_174.jpg,left_2025_04_30_18_13_19_174.jpg,right_2025_04_30_18_13_19_174.jpg,-0.0549
center_2025_04_30_18_13_19_223.jpg,left_2025_04_30_18_13_19_223.jpg,right_2025_04_30_18_13_19_223.jpg,-0.0563
center_2025_04_30_18_13_19_268.jpg,left_2025_04_30_18_13_19_268.jpg,right_2025_04_30_18_13_19_268.jpg,-0.0566
center_2025_04_30_18_13_19_316.jpg,left_2025_04_30_18_13_19_316.jpg,right_2025_04_30_18_13_19_316.jpg,-0.0566
center_2025_04_30_18_13_19_363.jpg,left_2025_04_30_18_13_19_363.jpg,right_2025_04_30_18_13_19_363.jpg,-0.0566
center_2025_04_30_18_13_19_409.jpg,left_2025_04_30_18_13_19_409.jpg,right_2025_04_30_18_13_19_409.jpg,-0.0566
center_2025_04_30_18_13_19_455.jpg,left_2025_04_30_18_13_19_455.jpg,right_2025_04_30_18_13_19_455.jpg,-0.0566
center_2025_04_30_18_13_19_502.jpg,left_2025_04_30_18_13_19_502.jpg,right_2025_04_30_18_13_19_502.jpg,-0.0566
center_2025_04_30_18_13_19_549.jpg,left_2025_04_30_18_13_19_549.jpg,right_2025_04_30_18_13_19_549.jpg,-0.0566
center_2025_04_30_18_13_19_596.jpg,left_2025_04_30_18_13_19_596.jpg,right_2025_04_30_18_13_19_596.jpg,-0.0566
center_2025_04_30_18_13_19_647.jpg,left_2025_04_30_18_13_19_647.jpg,right_2025_04_30_18_13_19_647.jpg,-0.0566
center_2025_04_30_18_13_19_690.jpg,left_2025_04_30_18_13_19_690.jpg,right_2025_04_30_18_13_19_690.jpg,-0.0563
center_2025_04_30_18_13_19_739.jpg,left_2025_04_30_18_13_19_739.jpg,right_2025_04_30_18_13_19_739.jpg,-0.0558
center_2025_04_30_18_13_19_782.jpg,left_2025_04_30_18_13_19_782.jpg,right_2025_04_30_18_13_19_782.jpg,-0.0549
center_2025_04_30_18_13_19_832.jpg,left_2025_04_30_18_13_19_832.jpg,right_2025_04_30_18_13_19_832.jpg,-0.0532
center_2025_04_30_18_13_19_876.jpg,left_2025_04_30_18_13_19_876.jpg,right_2025_04_30_18_13_19_876.jpg,-0.0507
center_2025_04_30_18_13_19_926.jpg,left_2025_04_30_18_13_19_926.jpg,right_2025_04_30_18_13_19_926.jpg,-0.0396
center_2025_04_30_18_13_19_976.jpg,left_2025_04_30_18_13_19_976.jpg,right_2025_04_30_18_13_19_976.jpg,-0.0289
center_2025_04_30_18_13_20_024.jpg,left_2025_04_30_18_13_20_024.jpg,right_2025_04_30_18_13_20_024.jpg,-0.0184
center_2025_04_30_18_13_20_069.jpg,left_2025_04_30_18_13_20_069.jpg,right_2025_04_30_18_13_20_069.jpg,-0.0088
center_2025_04_30_18_13_20_112.jpg,left_2025_04_30_18_13_20_112.jpg,right_2025_04_30_18_13_20_112.jpg,0.0
center_2025_04_30_18_13_20_162.jpg,left_2025_04_30_18_13_20_162.jpg,right_2025_04_30_18_13_20_162.jpg,0.0
center_2025_04_30_18_13_20_205.jpg,left_2025_04_30_18_13_20_205.jpg,right_2025_04_30_18_13_20_205.jpg,0.0
center_2025_04_30_18_13_20_255.jpg,left_2025_04_30_18_13_20_255.jpg,right_2025_04_30_18_13_20_255.jpg,0.0
center_2025_04_30_18_13_20_308.jpg,left_2025_04_30_18_13_20_308.jpg,right_2025_04_30_18_13_20_308.jpg,0.0
center_2025_04_30_18_13_20_347.jpg,left_2025_04_30_18_13_20_347.jpg,right_2025_04_30_18_13_20_347.jpg,0.0
center_2025_04_30_18_13_20_391.jpg,left_2025_04_30_18_13_20_391.jpg,right_2025_04_30_18_13_20_391.jpg,0.0
center_2025_04_30_18_13_20_440.jpg,left_2025_04_30_18_13_20_440.jpg,right_2025_04_30_18_13_20_440.jpg,0.0
center_2025_04_30_18_13_20_485.jpg,left_2025_04_30_18_13_20_485.jpg,right_2025_04_30_18_13_20_485.jpg,0.0
center_2025_04_30_18_13_20_533.jpg,left_2025_04_30_18_13_20_533.jpg,right_2025_04_30_18_13_20_533.jpg,0.0
center_2025_04_30_18_13_20_578.jpg,left_2025_04_30_18_13_20_578.jpg,right_2025_04_30_18_13_20_578.jpg,0.0
center_2025_04_30_18_13_20_626.jpg,left_2025_04_30_18_13_20_626.jpg,right_2025_04_30_18_13_20_626.jpg,0.0
center_2025_04_30_18_13_20_669.jpg,left_2025_04_30_18_13_20_669.jpg,right_2025_04_30_18_13_20_669.jpg,0.0
center_2025_04_30_18_13_20_718.jpg,left_2025_04_30_18_13_20_718.jpg,right_2025_04_30_18_13_20_718.jpg,0.0
center_2025_04_30_18_13_20_765.jpg,left_2025_04_30_18_13_20_765.jpg,right_2025_04_30_18_13_20_765.jpg,0.0
center_2025_04_30_18_13_20_812.jpg,left_2025_04_30_18_13_20_812.jpg,right_2025_04_30_18_13_20_812.jpg,0.0
center_2025_04_30_18_13_20_863.jpg,left_2025_04_30_18_13_20_863.jpg,right_2025_04_30_18_13_20_863.jpg,0.0
center_2025_04_30_18_13_20_905.jpg,left_2025_04_30_18_13_20_905.jpg,right_2025_04_30_18_13_20_905.jpg,0.0
center_2025_04_30_18_13_20_956.jpg,left_2025_04_30_18_13_20_956.jpg,right_2025_04_30_18_13_20_956.jpg,0.0
center_2025_04_30_18_13_20_998.jpg,left_2025_04_30_18_13_20_998.jpg,right_2025_04_30_18_13_20_998.jpg,0.0
center_2025_04_30_18_13_21_048.jpg,left_2025_04_30_18_13_21_048.jpg,right_2025_04_30_18_13_21_048.jpg,0.0
center_2025_04_30_18_13_21_094.jpg,left_2025_04_30_18_13_21_094.jpg,right_2025_04_30_18_13_21_094.jpg,0.0
center_2025_04_30_18_13_21_141.jpg,left_2025_04_30_18_13_21_141.jpg,right_2025_04_30_18_13_21_141.jpg,0.0
center_2025_04_30_18_13_21_186.jpg,left_2025_04_30_18_13_21_186.jpg,right_2025_04_30_18_13_21_186.jpg,0.0
center_2025_04_30_18_13_21_233.jpg,left_2025_04_30_18_13_21_233.jpg,right_2025_04_30_18_13_21_233.jpg,0.0
center_2025_04_30_18_13_21_279.jpg,left_2025_04_30_18_13_21_279.jpg,right_2025_04_30_18_13_21_279.jpg,0.0
center_2025_04_30_18_13_21_326.jpg,left_2025_04_30_18_13_21_326.jpg,right_2025_04_30_18_13_21_326.jpg,0.0
center_2025_04_30_18_13_21_372.jpg,left_2025_04_30_18_13_21_372.jpg,right_2025_04_30_18_13_21_372.jpg,0.0
center_2025_04_30_18_13_21_420.jpg,left_2025_04_30_18_13_21_420.jpg,right_2025_04_30_18_13_21_420.jpg,0.0
center_2025_04_30_18_13_21_462.jpg,left_2025_04_30_18_13_21_462.jpg,right_2025_04_30_18_13_21_462.jpg,0.0
center_2025_04_30_18_13_21_512.jpg,left_2025_04_30_18_13_21_512.jpg,right_2025_04_30_18_13_21_512.jpg,0.0
center_2025_04_30_18_13_21_555.jpg,left_2025_04_30_18_13_21_555.jpg,right_2025_04_30_18_13_21_555.jpg,0.0
center_2025_04_30_18_13_21_605.jpg,left_2025_04_30_18_13_21_605.jpg,right_2025_04_30_18_13_21_605.jpg,0.0
center_2025_04_30_18_13_21_648.jpg,left_2025_04_30_18_13_21_648.jpg,right_2025_04_30_18_13_21_648.jpg,0.0
center_2025_04_30_18_13_21_697.jpg,left_2025_04_30_18_13_21_697.jpg,right_2025_04_30_18_13_21_697.jpg,0.0
center_2025_04_30_18_13_21_741.jpg,left_2025_04_30_18_13_21_741.jpg,right_2025_04_30_18_13_21_741.jpg,0.0
center_2025_04_30_18_13_21_790.jpg,left_2025_04_30_18_13_21_790.jpg,right_2025_04_30_18_13_21_790.jpg,0.0
center_2025_04_30_18_13_21_834.jpg,left_2025_04_30_18_13_21_834.jpg,right_2025_04_30_18_13_21_834.jpg,0.0
center_2025_04_30_18_13_21_884.jpg,left_2025_04_30_18_13_21_884.jpg,right_2025_04_30_18_13_21_884.jpg,0.0
center_2025_04_30_18_13_21_929.jpg,left_2025_04_30_18_13_21_929.jpg,right_2025_04_30_18_13_21_929.jpg,0.0
center_2025_04_30_18_13_21_976.jpg,left_2025_04_30_18_13_21_976.jpg,right_2025_04_30_18_13_21_976.jpg,0.0
center_2025_04_30_18_13_22_021.jpg,left_2025_04_30_18_13_22_021.jpg,right_2025_04_30_18_13_22_021.jpg,0.0
center_2025_04_30_18_13_22_069.jpg,left_2025_04_30_18_13_22_069.jpg,right_2025_04_30_18_13_22_069.jpg,0.0
center_2025_04_30_18_13_22_116.jpg,left_2025_04_30_18_13_22_116.jpg,right_2025_04_30_18_13_22_116.jpg,0.0
center_2025_04_30_18_13_22_164.jpg,left_2025_04_30_18_13_22_164.jpg,right_2025_04_30_18_13_22_164.jpg,0.0
center_2025_04_30_18_13_22_213.jpg,left_2025_04_30_18_13_22_213.jpg,right_2025_04_30_18_13_22_213.jpg,0.0
center_2025_04_30_18_13_22_257.jpg,left_2025_04_30_18_13_22_257.jpg,right_2025_04_30_18_13_22_257.jpg,0.0
center_2025_04_30_18_13_22_306.jpg,left_2025_04_30_18_13_22_306.jpg,right_2025_04_30_18_13_22_306.jpg,0.0
center_2025_04_30_18_13_22_350.jpg,left_2025_04_30_18_13_22_350.jpg,right_2025_04_30_18_13_22_350.jpg,0.0
center_2025_04_30_18_13_22_400.jpg,left_2025_04_30_18_13_22_400.jpg,right_2025_04_30_18_13_22_400.jpg,0.0
center_2025_04_30_18_13_22_442.jpg,left_2025_04_30_18_13_22_442.jpg,right_2025_04_30_18_13_22_442.jpg,0.0
center_2025_04_30_18_13_22_491.jpg,left_2025_04_30_18_13_22_491.jpg,right_2025_04_30_18_13_22_491.jpg,0.0
center_2025_04_30_18_13_22_535.jpg,left_2025_04_30_18_13_22_535.jpg,right_2025_04_30_18_13_22_535.jpg,0.0
center_2025_04_30_18_13_22_584.jpg,left_2025_04_30_18_13_22_584.jpg,right_2025_04_30_18_13_22_584.jpg,0.0
center_2025_04_30_18_13_22_636.jpg,left_2025_04_30_18_13_22_636.jpg,right_2025_04_30_18_13_22_636.jpg,0.0
center_2025_04_30_18_13_22_678.jpg,left_2025_04_30_18_13_22_678.jpg,right_2025_04_30_18_13_22_678.jpg,0.0
center_2025_04_30_18_13_22_728.jpg,left_2025_04_30_18_13_22_728.jpg,right_2025_04_30_18_13_22_728.jpg,0.0
center_2025_04_30_18_13_22_770.jpg,left_2025_04_30_18_13_22_770.jpg,right_2025_04_30_18_13_22_770.jpg,0.0
center_2025_04_30_18_13_22_822.jpg,left_2025_04_30_18_13_22_822.jpg,right_2025_04_30_18_13_22_822.jpg,0.0
center_2025_04_30_18_13_22_863.jpg,left_2025_04_30_18_13_22_863.jpg,right_2025_04_30_18_13_22_863.jpg,0.0
center_2025_04_30_18_13_22_914.jpg,left_2025_04_30_18_13_22_914.jpg,right_2025_04_30_18_13_22_914.jpg,0.0
center_2025_04_30_18_13_22_957.jpg,left_2025_04_30_18_13_22_957.jpg,right_2025_04_30_18_13_22_957.jpg,0.0
center_2025_04_30_18_13_23_007.jpg,left_2025_04_30_18_13_23_007.jpg,right_2025_04_30_18_13_23_007.jpg,0.0
center_2025_04_30_18_13_23_050.jpg,left_2025_04_30_18_13_23_050.jpg,right_2025_04_30_18_13_23_050.jpg,0.0
center_2025_04_30_18_13_23_107.jpg,left_2025_04_30_18_13_23_107.jpg,right_2025_04_30_18_13_23_107.jpg,0.0136
center_2025_04_30_18_13_23_143.jpg,left_2025_04_30_18_13_23_143.jpg,right_2025_04_30_18_13_23_143.jpg,0.0311
center_2025_04_30_18_13_23_193.jpg,left_2025_04_30_18_13_23_193.jpg,right_2025_04_30_18_13_23_193.jpg,0.0555
center_2025_04_30_18_13_23_238.jpg,left_2025_04_30_18_13_23_238.jpg,right_2025_04_30_18_13_23_238.jpg,0.0846
center_2025_04_30_18_13_23_286.jpg,left_2025_04_30_18_13_23_286.jpg,right_2025_04_30_18_13_23_286.jpg,0.1191
center_2025_04_30_18_13_23_329.jpg,left_2025_04_30_18_13_23_329.jpg,right_2025_04_30_18_13_23_329.jpg,0.1426
center_2025_04_30_18_13_23_378.jpg,left_2025_04_30_18_13_23_378.jpg,right_2025_04_30_18_13_23_378.jpg,0.1633
center_2025_04_30_18_13_23_423.jpg,left_2025_04_30_18_13_23_423.jpg,right_2025_04_30_18_13_23_423.jpg,0.1772
center_2025_04_30_18_13_23_471.jpg,left_2025_04_30_18_13_23_471.jpg,right_2025_04_30_18_13_23_471.jpg,0.1862
center_2025_04_30_18_13_23_516.jpg,left_2025_04_30_18_13_23_516.jpg,right_2025_04_30_18_13_23_516.jpg,0.1899
center_2025_04_30_18_13_23_565.jpg,left_2025_04_30_18_13_23_565.jpg,right_2025_04_30_18_13_23_565.jpg,0.1913
center_2025_04_30_18_13_23_615.jpg,left_2025_04_30_18_13_23_615.jpg,right_2025_04_30_18_13_23_615.jpg,0.1916
center_2025_04_30_18_13_23_658.jpg,left_2025_04_30_18_13_23_658.jpg,right_2025_04_30_18_13_23_658.jpg,0.1919
center_2025_04_30_18_13_23_707.jpg,left_2025_04_30_18_13_23_707.jpg,right_2025_04_30_18_13_23_707.jpg,0.1922
center_2025_04_30_18_13_23_751.jpg,left_2025_04_30_18_13_23_751.jpg,right_2025_04_30_18_13_23_751.jpg,0.1922
center_2025_04_30_18_13_23_800.jpg,left_2025_04_30_18_13_23_800.jpg,right_2025_04_30_18_13_23_800.jpg,0.1922
center_2025_04_30_18_13_23_844.jpg,left_2025_04_30_18_13_23_844.jpg,right_2025_04_30_18_13_23_844.jpg,0.1922
center_2025_04_30_18_13_23_893.jpg,left_2025_04_30_18_13_23_893.jpg,right_2025_04_30_18_13_23_893.jpg,0.1922
center_2025_04_30_18_13_23_939.jpg,left_2025_04_30_18_13_23_939.jpg,right_2025_04_30_18_13_23_939.jpg,0.1922
center_2025_04_30_18_13_23_986.jpg,left_2025_04_30_18_13_23_986.jpg,right_2025_04_30_18_13_23_986.jpg,0.1922
center_2025_04_30_18_13_24_031.jpg,left_2025_04_30_18_13_24_031.jpg,right_2025_04_30_18_13_24_031.jpg,0.1922
center_2025_04_30_18_13_24_079.jpg,left_2025_04_30_18_13_24_079.jpg,right_2025_04_30_18_13_24_079.jpg,0.1922
center_2025_04_30_18_13_24_126.jpg,left_2025_04_30_18_13_24_126.jpg,right_2025_04_30_18_13_24_126.jpg,0.1919
center_2025_04_30_18_13_24_171.jpg,left_2025_04_30_18_13_24_171.jpg,right_2025_04_30_18_13_24_171.jpg,0.1919
center_2025_04_30_18_13_24_218.jpg,left_2025_04_30_18_13_24_218.jpg,right_2025_04_30_18_13_24_218.jpg,0.1919
center_2025_04_30_18_13_24_266.jpg,left_2025_04_30_18_13_24_266.jpg,right_2025_04_30_18_13_24_266.jpg,0.1916
center_2025_04_30_18_13_24_312.jpg,left_2025_04_30_18_13_24_312.jpg,right_2025_04_30_18_13_24_312.jpg,0.1913
center_2025_04_30_18_13_24_359.jpg,left_2025_04_30_18_13_24_359.jpg,right_2025_04_30_18_13_24_359.jpg,0.1907
center_2025_04_30_18_13_24_409.jpg,left_2025_04_30_18_13_24_409.jpg,right_2025_04_30_18_13_24_409.jpg,0.189
center_2025_04_30_18_13_24_452.jpg,left_2025_04_30_18_13_24_452.jpg,right_2025_04_30_18_13_24_452.jpg,0.1859
center_2025_04_30_18_13_24_502.jpg,left_2025_04_30_18_13_24_502.jpg,right_2025_04_30_18_13_24_502.jpg,0.1792
center_2025_04_30_18_13_24_546.jpg,left_2025_04_30_18_13_24_546.jpg,right_2025_04_30_18_13_24_546.jpg,0.1707
center_2025_04_30_18_13_24_595.jpg,left_2025_04_30_18_13_24_595.jpg,right_2025_04_30_18_13_24_595.jpg,0.1585
center_2025_04_30_18_13_24_639.jpg,left_2025_04_30_18_13_24_639.jpg,right_2025_04_30_18_13_24_639.jpg,0.1427
center_2025_04_30_18_13_24_686.jpg,left_2025_04_30_18_13_24_686.jpg,right_2025_04_30_18_13_24_686.jpg,0.1257
center_2025_04_30_18_13_24_733.jpg,left_2025_04_30_18_13_24_733.jpg,right_2025_04_30_18_13_24_733.jpg,0.1098
center_2025_04_30_18_13_24_780.jpg,left_2025_04_30_18_13_24_780.jpg,right_2025_04_30_18_13_24_780.jpg,0.0914
center_2025_04_30_18_13_24_831.jpg,left_2025_04_30_18_13_24_831.jpg,right_2025_04_30_18_13_24_831.jpg,0.075
center_2025_04_30_18_13_24_874.jpg,left_2025_04_30_18_13_24_874.jpg,right_2025_04_30_18_13_24_874.jpg,0.0541
center_2025_04_30_18_13_24_924.jpg,left_2025_04_30_18_13_24_924.jpg,right_2025_04_30_18_13_24_924.jpg,0.0359
center_2025_04_30_18_13_24_968.jpg,left_2025_04_30_18_13_24_968.jpg,right_2025_04_30_18_13_24_968.jpg,0.0204
center_2025_04_30_18_13_25_017.jpg,left_2025_04_30_18_13_25_017.jpg,right_2025_04_30_18_13_25_017.jpg,0.0091
center_2025_04_30_18_13_25_061.jpg,left_2025_04_30_18_13_25_061.jpg,right_2025_04_30_18_13_25_061.jpg,0.0
center_2025_04_30_18_13_25_110.jpg,left_2025_04_30_18_13_25_110.jpg,right_2025_04_30_18_13_25_110.jpg,0.0
center_2025_04_30_18_13_25_153.jpg,left_2025_04_30_18_13_25_153.jpg,right_2025_04_30_18_13_25_153.jpg,0.0
center_2025_04_30_18_13_25_203.jpg,left_2025_04_30_18_13_25_203.jpg,right_2025_04_30_18_13_25_203.jpg,0.0
center_2025_04_30_18_13_25_247.jpg,left_2025_04_30_18_13_25_247.jpg,right_2025_04_30_18_13_25_247.jpg,0.0
center_2025_04_30_18_13_25_296.jpg,left_2025_04_30_18_13_25_296.jpg,right_2025_04_30_18_13_25_296.jpg,0.0
center_2025_04_30_18_13_25_339.jpg,left_2025_04_30_18_13_25_339.jpg,right_2025_04_30_18_13_25_339.jpg,0.0
center_2025_04_30_18_13_25_388.jpg,left_2025_04_30_18_13_25_388.jpg,right_2025_04_30_18_13_25_388.jpg,0.0
center_2025_04_30_18_13_25_433.jpg,left_2025_04_30_18_13_25_433.jpg,right_2025_04_30_18_13_25_433.jpg,0.0
center_2025_04_30_18_13_25_480.jpg,left_2025_04_30_18_13_25_480.jpg,right_2025_04_30_18_13_25_480.jpg,0.0
center_2025_04_30_18_13_25_527.jpg,left_2025_04_30_18_13_25_527.jpg,right_2025_04_30_18_13_25_527.jpg,0.0
center_2025_04_30_18_13_25_574.jpg,left_2025_04_30_18_13_25_574.jpg,right_2025_04_30_18_13_25_574.jpg,0.0
center_2025_04_30_18_13_25_620.jpg,left_2025_04_30_18_13_25_620.jpg,right_2025_04_30_18_13_25_620.jpg,0.0
center_2025_04_30_18_13_25_667.jpg,left_2025_04_30_18_13_25_667.jpg,right_2025_04_30_18_13_25_667.jpg,0.0
center_2025_04_30_18_13_25_714.jpg,left_2025_04_30_18_13_25_714.jpg,right_2025_04_30_18_13_25_714.jpg,0.0
center_2025_04_30_18_13_25_759.jpg,left_2025_04_30_18_13_25_759.jpg,right_2025_04_30_18_13_25_759.jpg,0.0
center_2025_04_30_18_13_25_806.jpg,left_2025_04_30_18_13_25_806.jpg,right_2025_04_30_18_13_25_806.jpg,0.0
center_2025_04_30_18_13_25_853.jpg,left_2025_04_30_18_13_25_853.jpg,right_2025_04_30_18_13_25_853.jpg,0.0
center_2025_04_30_18_13_25_904.jpg,left_2025_04_30_18_13_25_904.jpg,right_2025_04_30_18_13_25_904.jpg,0.0
center_2025_04_30_18_13_25_947.jpg,left_2025_04_30_18_13_25_947.jpg,right_2025_04_30_18_13_25_947.jpg,0.0
center_2025_04_30_18_13_25_996.jpg,left_2025_04_30_18_13_25_996.jpg,right_2025_04_30_18_13_25_996.jpg,0.0
center_2025_04_30_18_13_26_040.jpg,left_2025_04_30_18_13_26_040.jpg,right_2025_04_30_18_13_26_040.jpg,0.0
center_2025_04_30_18_13_26_088.jpg,left_2025_04_30_18_13_26_088.jpg,right_2025_04_30_18_13_26_088.jpg,0.0
center_2025_04_30_18_13_26_135.jpg,left_2025_04_30_18_13_26_135.jpg,right_2025_04_30_18_13_26_135.jpg,0.0
center_2025_04_30_18_13_26_182.jpg,left_2025_04_30_18_13_26_182.jpg,right_2025_04_30_18_13_26_182.jpg,0.0
center_2025_04_30_18_13_26_228.jpg,left_2025_04_30_18_13_26_228.jpg,right_2025_04_30_18_13_26_228.jpg,0.0
center_2025_04_30_18_13_26_276.jpg,left_2025_04_30_18_13_26_276.jpg,right_2025_04_30_18_13_26_276.jpg,0.0
center_2025_04_30_18_13_26_326.jpg,left_2025_04_30_18_13_26_326.jpg,right_2025_04_30_18_13_26_326.jpg,0.0
center_2025_04_30_18_13_26_370.jpg,left_2025_04_30_18_13_26_370.jpg,right_2025_04_30_18_13_26_370.jpg,0.0
center_2025_04_30_18_13_26_419.jpg,left_2025_04_30_18_13_26_419.jpg,right_2025_04_30_18_13_26_419.jpg,0.0
center_2025_04_30_18_13_26_464.jpg,left_2025_04_30_18_13_26_464.jpg,right_2025_04_30_18_13_26_464.jpg,0.0
center_2025_04_30_18_13_26_512.jpg,left_2025_04_30_18_13_26_512.jpg,right_2025_04_30_18_13_26_512.jpg,0.0
center_2025_04_30_18_13_26_558.jpg,left_2025_04_30_18_13_26_558.jpg,right_2025_04_30_18_13_26_558.jpg,0.0
center_2025_04_30_18_13_26_605.jpg,left_2025_04_30_18_13_26_605.jpg,right_2025_04_30_18_13_26_605.jpg,0.0
center_2025_04_30_18_13_26_656.jpg,left_2025_04_30_18_13_26_656.jpg,right_2025_04_30_18_13_26_656.jpg,0.0
center_2025_04_30_18_13_26_699.jpg,left_2025_04_30_18_13_26_699.jpg,right_2025_04_30_18_13_26_699.jpg,0.0
center_2025_04_30_18_13_26_749.jpg,left_2025_04_30_18_13_26_749.jpg,right_2025_04_30_18_13_26_749.jpg,0.0
center_2025_04_30_18_13_26_791.jpg,left_2025_04_30_18_13_26_791.jpg,right_2025_04_30_18_13_26_791.jpg,0.0
center_2025_04_30_18_13_26_841.jpg,left_2025_04_30_18_13_26_841.jpg,right_2025_04_30_18_13_26_841.jpg,0.0
center_2025_04_30_18_13_26_883.jpg,left_2025_04_30_18_13_26_883.jpg,right_2025_04_30_18_13_26_883.jpg,0.0
center_2025_04_30_18_13_26_929.jpg,left_2025_04_30_18_13_26_929.jpg,right_2025_04_30_18_13_26_929.jpg,0.0
center_2025_04_30_18_13_26_976.jpg,left_2025_04_30_18_13_26_976.jpg,right_2025_04_30_18_13_26_976.jpg,0.0
center_2025_04_30_18_13_27_022.jpg,left_2025_04_30_18_13_27_022.jpg,right_2025_04_30_18_13_27_022.jpg,0.0
center_2025_04_30_18_13_27_068.jpg,left_2025_04_30_18_13_27_068.jpg,right_2025_04_30_18_13_27_068.jpg,-0.0102
center_2025_04_30_18_13_27_120.jpg,left_2025_04_30_18_13_27_120.jpg,right_2025_04_30_18_13_27_120.jpg,-0.0235
center_2025_04_30_18_13_27_162.jpg,left_2025_04_30_18_13_27_162.jpg,right_2025_04_30_18_13_27_162.jpg,-0.0385
center_2025_04_30_18_13_27_212.jpg,left_2025_04_30_18_13_27_212.jpg,right_2025_04_30_18_13_27_212.jpg,-0.0566
center_2025_04_30_18_13_27_257.jpg,left_2025_04_30_18_13_27_257.jpg,right_2025_04_30_18_13_27_257.jpg,-0.0764
center_2025_04_30_18_13_27_305.jpg,left_2025_04_30_18_13_27_305.jpg,right_2025_04_30_18_13_27_305.jpg,-0.0866
center_2025_04_30_18_13_27_352.jpg,left_2025_04_30_18_13_27_352.jpg,right_2025_04_30_18_13_27_352.jpg,-0.094
center_2025_04_30_18_13_27_398.jpg,left_2025_04_30_18_13_27_398.jpg,right_2025_04_30_18_13_27_398.jpg,-0.0999
center_2025_04_30_18_13_27_444.jpg,left_2025_04_30_18_13_27_444.jpg,right_2025_04_30_18_13_27_444.jpg,-0.1027
center_2025_04_30_18_13_27_490.jpg,left_2025_04_30_18_13_27_490.jpg,right_2025_04_30_18_13_27_490.jpg,-0.1039
center_2025_04_30_18_13_27_536.jpg,left_2025_04_30_18_13_27_536.jpg,right_2025_04_30_18_13_27_536.jpg,-0.1044
center_2025_04_30_18_13_27_583.jpg,left_2025_04_30_18_13_27_583.jpg,right_2025_04_30_18_13_27_583.jpg,-0.1047
center_2025_04_30_18_13_27_630.jpg,left_2025_04_30_18_13_27_630.jpg,right_2025_04_30_18_13_27_630.jpg,-0.1047
center_2025_04_30_18_13_27_678.jpg,left_2025_04_30_18_13_27_678.jpg,right_2025_04_30_18_13_27_678.jpg,-0.105
center_2025_04_30_18_13_27_722.jpg,left_2025_04_30_18_13_27_722.jpg,right_2025_04_30_18_13_27_722.jpg,-0.105
center_2025_04_30_18_13_27_769.jpg,left_2025_04_30_18_13_27_769.jpg,right_2025_04_30_18_13_27_769.jpg,-0.1053
center_2025_04_30_18_13_27_820.jpg,left_2025_04_30_18_13_27_820.jpg,right_2025_04_30_18_13_27_820.jpg,-0.1055
center_2025_04_30_18_13_27_864.jpg,left_2025_04_30_18_13_27_864.jpg,right_2025_04_30_18_13_27_864.jpg,-0.1058
center_2025_04_30_18_13_27_913.jpg,left_2025_04_30_18_13_27_913.jpg,right_2025_04_30_18_13_27_913.jpg,-0.1055
center_2025_04_30_18_13_27_957.jpg,left_2025_04_30_18_13_27_957.jpg,right_2025_04_30_18_13_27_957.jpg,-0.1058
center_2025_04_30_18_13_28_006.jpg,left_2025_04_30_18_13_28_006.jpg,right_2025_04_30_18_13_28_006.jpg,-0.1055
center_2025_04_30_18_13_28_051.jpg,left_2025_04_30_18_13_28_051.jpg,right_2025_04_30_18_13_28_051.jpg,-0.1055
center_2025_04_30_18_13_28_098.jpg,left_2025_04_30_18_13_28_098.jpg,right_2025_04_30_18_13_28_098.jpg,-0.1055
center_2025_04_30_18_13_28_144.jpg,left_2025_04_30_18_13_28_144.jpg,right_2025_04_30_18_13_28_144.jpg,-0.1058
center_2025_04_30_18_13_28_192.jpg,left_2025_04_30_18_13_28_192.jpg,right_2025_04_30_18_13_28_192.jpg,-0.1055
center_2025_04_30_18_13_28_243.jpg,left_2025_04_30_18_13_28_243.jpg,right_2025_04_30_18_13_28_243.jpg,-0.1055
center_2025_04_30_18_13_28_285.jpg,left_2025_04_30_18_13_28_285.jpg,right_2025_04_30_18_13_28_285.jpg,-0.1053
center_2025_04_30_18_13_28_336.jpg,left_2025_04_30_18_13_28_336.jpg,right_2025_04_30_18_13_28_336.jpg,-0.1053
center_2025_04_30_18_13_28_381.jpg,left_2025_04_30_18_13_28_381.jpg,right_2025_04_30_18_13_28_381.jpg,-0.1053
center_2025_04_30_18_13_28_428.jpg,left_2025_04_30_18_13_28_428.jpg,right_2025_04_30_18_13_28_428.jpg,-0.1055
center_2025_04_30_18_13_28_472.jpg,left_2025_04_30_18_13_28_472.jpg,right_2025_04_30_18_13_28_472.jpg,-0.1058
center_2025_04_30_18_13_28_521.jpg,left_2025_04_30_18_13_28_521.jpg,right_2025_04_30_18_13_28_521.jpg,-0.1061
center_2025_04_30_18_13_28_566.jpg,left_2025_04_30_18_13_28_566.jpg,right_2025_04_30_18_13_28_566.jpg,-0.1061
center_2025_04_30_18_13_28_613.jpg,left_2025_04_30_18_13_28_613.jpg,right_2025_04_30_18_13_28_613.jpg,-0.1058
center_2025_04_30_18_13_28_658.jpg,left_2025_04_30_18_13_28_658.jpg,right_2025_04_30_18_13_28_658.jpg,-0.1041
center_2025_04_30_18_13_28_707.jpg,left_2025_04_30_18_13_28_707.jpg,right_2025_04_30_18_13_28_707.jpg,-0.0999
center_2025_04_30_18_13_28_750.jpg,left_2025_04_30_18_13_28_750.jpg,right_2025_04_30_18_13_28_750.jpg,-0.0934
center_2025_04_30_18_13_28_800.jpg,left_2025_04_30_18_13_28_800.jpg,right_2025_04_30_18_13_28_800.jpg,-0.0852
center_2025_04_30_18_13_28_845.jpg,left_2025_04_30_18_13_28_845.jpg,right_2025_04_30_18_13_28_845.jpg,-0.0758
center_2025_04_30_18_13_28_893.jpg,left_2025_04_30_18_13_28_893.jpg,right_2025_04_30_18_13_28_893.jpg,-0.0665
center_2025_04_30_18_13_28_939.jpg,left_2025_04_30_18_13_28_939.jpg,right_2025_04_30_18_13_28_939.jpg,-0.0586
center_2025_04_30_18_13_28_986.jpg,left_2025_04_30_18_13_28_986.jpg,right_2025_04_30_18_13_28_986.jpg,-0.0439
center_2025_04_30_18_13_29_032.jpg,left_2025_04_30_18_13_29_032.jpg,right_2025_04_30_18_13_29_032.jpg,-0.0308
center_2025_04_30_18_13_29_079.jpg,left_2025_04_30_18_13_29_079.jpg,right_2025_04_30_18_13_29_079.jpg,-0.0192
center_2025_04_30_18_13_29_129.jpg,left_2025_04_30_18_13_29_129.jpg,right_2025_04_30_18_13_29_129.jpg,-0.0091
center_2025_04_30_18_13_29_172.jpg,left_2025_04_30_18_13_29_172.jpg,right_2025_04_30_18_13_29_172.jpg,0.0
center_2025_04_30_18_13_29_222.jpg,left_2025_04_30_18_13_29_222.jpg,right_2025_04_30_18_13_29_222.jpg,0.0
center_2025_04_30_18_13_29_266.jpg,left_2025_04_30_18_13_29_266.jpg,right_2025_04_30_18_13_29_266.jpg,0.0
center_2025_04_30_18_13_29_315.jpg,left_2025_04_30_18_13_29_315.jpg,right_2025_04_30_18_13_29_315.jpg,0.0
center_2025_04_30_18_13_29_361.jpg,left_2025_04_30_18_13_29_361.jpg,right_2025_04_30_18_13_29_361.jpg,0.0
center_2025_04_30_18_13_29_409.jpg,left_2025_04_30_18_13_29_409.jpg,right_2025_04_30_18_13_29_409.jpg,0.0
center_2025_04_30_18_13_29_459.jpg,left_2025_04_30_18_13_29_459.jpg,right_2025_04_30_18_13_29_459.jpg,0.0
center_2025_04_30_18_13_29_502.jpg,left_2025_04_30_18_13_29_502.jpg,right_2025_04_30_18_13_29_502.jpg,0.0
center_2025_04_30_18_13_29_553.jpg,left_2025_04_30_18_13_29_553.jpg,right_2025_04_30_18_13_29_553.jpg,0.0
center_2025_04_30_18_13_29_595.jpg,left_2025_04_30_18_13_29_595.jpg,right_2025_04_30_18_13_29_595.jpg,0.0
center_2025_04_30_18_13_29_645.jpg,left_2025_04_30_18_13_29_645.jpg,right_2025_04_30_18_13_29_645.jpg,0.0
center_2025_04_30_18_13_29_690.jpg,left_2025_04_30_18_13_29_690.jpg,right_2025_04_30_18_13_29_690.jpg,0.0
center_2025_04_30_18_13_29_738.jpg,left_2025_04_30_18_13_29_738.jpg,right_2025_04_30_18_13_29_738.jpg,0.0
center_2025_04_30_18_13_29_782.jpg,left_2025_04_30_18_13_29_782.jpg,right_2025_04_30_18_13_29_782.jpg,0.0
center_2025_04_30_18_13_29_831.jpg,left_2025_04_30_18_13_29_831.jpg,right_2025_04_30_18_13_29_831.jpg,0.0
center_2025_04_30_18_13_29_877.jpg,left_2025_04_30_18_13_29_877.jpg,right_2025_04_30_18_13_29_877.jpg,0.0
center_2025_04_30_18_13_29_924.jpg,left_2025_04_30_18_13_29_924.jpg,right_2025_04_30_18_13_29_924.jpg,0.0
center_2025_04_30_18_13_29_975.jpg,left_2025_04_30_18_13_29_975.jpg,right_2025_04_30_18_13_29_975.jpg,0.0
center_2025_04_30_18_13_30_017.jpg,left_2025_04_30_18_13_30_017.jpg,right_2025_04_30_18_13_30_017.jpg,0.0
center_2025_04_30_18_13_30_063.jpg,left_2025_04_30_18_13_30_063.jpg,right_2025_04_30_18_13_30_063.jpg,0.0
center_2025_04_30_18_13_30_109.jpg,left_2025_04_30_18_13_30_109.jpg,right_2025_04_30_18_13_30_109.jpg,0.0
center_2025_04_30_18_13_30_156.jpg,left_2025_04_30_18_13_30_156.jpg,right_2025_04_30_18_13_30_156.jpg,0.0
center_2025_04_30_18_13_30_202.jpg,left_2025_04_30_18_13_30_202.jpg,right_2025_04_30_18_13_30_202.jpg,0.0
center_2025_04_30_18_13_30_254.jpg,left_2025_04_30_18_13_30_254.jpg,right_2025_04_30_18_13_30_254.jpg,0.0
center_2025_04_30_18_13_30_296.jpg,left_2025_04_30_18_13_30_296.jpg,right_2025_04_30_18_13_30_296.jpg,0.0
center_2025_04_30_18_13_30_342.jpg,left_2025_04_30_18_13_30_342.jpg,right_2025_04_30_18_13_30_342.jpg,0.0
center_2025_04_30_18_13_30_388.jpg,left_2025_04_30_18_13_30_388.jpg,right_2025_04_30_18_13_30_388.jpg,0.0
center_2025_04_30_18_13_30_438.jpg,left_2025_04_30_18_13_30_438.jpg,right_2025_04_30_18_13_30_438.jpg,0.0
center_2025_04_30_18_13_30_482.jpg,left_2025_04_30_18_13_30_482.jpg,right_2025_04_30_18_13_30_482.jpg,0.0
center_2025_04_30_18_13_30_531.jpg,left_2025_04_30_18_13_30_531.jpg,right_2025_04_30_18_13_30_531.jpg,0.0
center_2025_04_30_18_13_30_576.jpg,left_2025_04_30_18_13_30_576.jpg,right_2025_04_30_18_13_30_576.jpg,0.0
center_2025_04_30_18_13_30_625.jpg,left_2025_04_30_18_13_30_625.jpg,right_2025_04_30_18_13_30_625.jpg,0.0
center_2025_04_30_18_13_30_670.jpg,left_2025_04_30_18_13_30_670.jpg,right_2025_04_30_18_13_30_670.jpg,0.0
center_2025_04_30_18_13_30_717.jpg,left_2025_04_30_18_13_30_717.jpg,right_2025_04_30_18_13_30_717.jpg,0.0
center_2025_04_30_18_13_30_761.jpg,left_2025_04_30_18_13_30_761.jpg,right_2025_04_30_18_13_30_761.jpg,0.0
center_2025_04_30_18_13_30_810.jpg,left_2025_04_30_18_13_30_810.jpg,right_2025_04_30_18_13_30_810.jpg,0.0
center_2025_04_30_18_13_30_855.jpg,left_2025_04_30_18_13_30_855.jpg,right_2025_04_30_18_13_30_855.jpg,0.0
center_2025_04_30_18_13_30_902.jpg,left_2025_04_30_18_13_30_902.jpg,right_2025_04_30_18_13_30_902.jpg,0.0
center_2025_04_30_18_13_30_950.jpg,left_2025_04_30_18_13_30_950.jpg,right_2025_04_30_18_13_30_950.jpg,0.0
center_2025_04_30_18_13_30_997.jpg,left_2025_04_30_18_13_30_997.jpg,right_2025_04_30_18_13_30_997.jpg,0.0
center_2025_04_30_18_13_31_046.jpg,left_2025_04_30_18_13_31_046.jpg,right_2025_04_30_18_13_31_046.jpg,0.0
center_2025_04_30_18_13_31_088.jpg,left_2025_04_30_18_13_31_088.jpg,right_2025_04_30_18_13_31_088.jpg,0.0
center_2025_04_30_18_13_31_134.jpg,left_2025_04_30_18_13_31_134.jpg,right_2025_04_30_18_13_31_134.jpg,0.0
center_2025_04_30_18_13_31_181.jpg,left_2025_04_30_18_13_31_181.jpg,right_2025_04_30_18_13_31_181.jpg,-0.0091
center_2025_04_30_18_13_31_233.jpg,left_2025_04_30_18_13_31_233.jpg,right_2025_04_30_18_13_31_233.jpg,-0.019
center_2025_04_30_18_13_31_274.jpg,left_2025_04_30_18_13_31_274.jpg,right_2025_04_30_18_13_31_274.jpg,-0.0308
center_2025_04_30_18_13_31_320.jpg,left_2025_04_30_18_13_31_320.jpg,right_2025_04_30_18_13_31_320.jpg,-0.0458
center_2025_04_30_18_13_31_366.jpg,left_2025_04_30_18_13_31_366.jpg,right_2025_04_30_18_13_31_366.jpg,-0.0628
center_2025_04_30_18_13_31_411.jpg,left_2025_04_30_18_13_31_411.jpg,right_2025_04_30_18_13_31_411.jpg,-0.0722
center_2025_04_30_18_13_31_459.jpg,left_2025_04_30_18_13_31_459.jpg,right_2025_04_30_18_13_31_459.jpg,-0.0812
center_2025_04_30_18_13_31_505.jpg,left_2025_04_30_18_13_31_505.jpg,right_2025_04_30_18_13_31_505.jpg,-0.0889
center_2025_04_30_18_13_31_553.jpg,left_2025_04_30_18_13_31_553.jpg,right_2025_04_30_18_13_31_553.jpg,-0.0942
center_2025_04_30_18_13_31_604.jpg,left_2025_04_30_18_13_31_604.jpg,right_2025_04_30_18_13_31_604.jpg,-0.0982
center_2025_04_30_18_13_31_646.jpg,left_2025_04_30_18_13_31_646.jpg,right_2025_04_30_18_13_31_646.jpg,-0.101
center_2025_04_30_18_13_31_696.jpg,left_2025_04_30_18_13_31_696.jpg,right_2025_04_30_18_13_31_696.jpg,-0.1041
center_2025_04_30_18_13_31_742.jpg,left_2025_04_30_18_13_31_742.jpg,right_2025_04_30_18_13_31_742.jpg,-0.1075
center_2025_04_30_18_13_31_789.jpg,left_2025_04_30_18_13_31_789.jpg,right_2025_04_30_18_13_31_789.jpg,-0.1112
center_2025_04_30_18_13_31_834.jpg,left_2025_04_30_18_13_31_834.jpg,right_2025_04_30_18_13_31_834.jpg,-0.1146
center_2025_04_30_18_13_31_883.jpg,left_2025_04_30_18_13_31_883.jpg,right_2025_04_30_18_13_31_883.jpg,-0.1197
center_2025_04_30_18_13_31_927.jpg,left_2025_04_30_18_13_31_927.jpg,right_2025_04_30_18_13_31_927.jpg,-0.1265
center_2025_04_30_18_13_31_975.jpg,left_2025_04_30_18_13_31_975.jpg,right_2025_04_30_18_13_31_975.jpg,-0.1367
center_2025_04_30_18_13_32_020.jpg,left_2025_04_30_18_13_32_020.jpg,right_2025_04_30_18_13_32_020.jpg,-0.1469
center_2025_04_30_18_13_32_067.jpg,left_2025_04_30_18_13_32_067.jpg,right_2025_04_30_18_13_32_067.jpg,-0.1571
center_2025_04_30_18_13_32_113.jpg,left_2025_04_30_18_13_32_113.jpg,right_2025_04_30_18_13_32_113.jpg,-0.1656
center_2025_04_30_18_13_32_160.jpg,left_2025_04_30_18_13_32_160.jpg,right_2025_04_30_18_13_32_160.jpg,-0.1732
center_2025_04_30_18_13_32_207.jpg,left_2025_04_30_18_13_32_207.jpg,right_2025_04_30_18_13_32_207.jpg,-0.178
center_2025_04_30_18_13_32_255.jpg,left_2025_04_30_18_13_32_255.jpg,right_2025_04_30_18_13_32_255.jpg,-0.182
center_2025_04_30_18_13_32_309.jpg,left_2025_04_30_18_13_32_309.jpg,right_2025_04_30_18_13_32_309.jpg,-0.1862
center_2025_04_30_18_13_32_373.jpg,left_2025_04_30_18_13_32_373.jpg,right_2025_04_30_18_13_32_373.jpg,-0.1902
center_2025_04_30_18_13_32_392.jpg,left_2025_04_30_18_13_32_392.jpg,right_2025_04_30_18_13_32_392.jpg,-0.1927
center_2025_04_30_18_13_32_440.jpg,left_2025_04_30_18_13_32_440.jpg,right_2025_04_30_18_13_32_440.jpg,-0.1939
center_2025_04_30_18_13_32_490.jpg,left_2025_04_30_18_13_32_490.jpg,right_2025_04_30_18_13_32_490.jpg,-0.1947
center_2025_04_30_18_13_32_533.jpg,left_2025_04_30_18_13_32_533.jpg,right_2025_04_30_18_13_32_533.jpg,-0.195
center_2025_04_30_18_13_32_583.jpg,left_2025_04_30_18_13_32_583.jpg,right_2025_04_30_18_13_32_583.jpg,-0.195
center_2025_04_30_18_13_32_625.jpg,left_2025_04_30_18_13_32_625.jpg,right_2025_04_30_18_13_32_625.jpg,-0.195
center_2025_04_30_18_13_32_676.jpg,left_2025_04_30_18_13_32_676.jpg,right_2025_04_30_18_13_32_676.jpg,-0.195
center_2025_04_30_18_13_32_719.jpg,left_2025_04_30_18_13_32_719.jpg,right_2025_04_30_18_13_32_719.jpg,-0.195
center_2025_04_30_18_13_32_768.jpg,left_2025_04_30_18_13_32_768.jpg,right_2025_04_30_18_13_32_768.jpg,-0.195
center_2025_04_30_18_13_32_812.jpg,left_2025_04_30_18_13_32_812.jpg,right_2025_04_30_18_13_32_812.jpg,-0.1953
center_2025_04_30_18_13_32_861.jpg,left_2025_04_30_18_13_32_861.jpg,right_2025_04_30_18_13_32_861.jpg,-0.1953
center_2025_04_30_18_13_32_906.jpg,left_2025_04_30_18_13_32_906.jpg,right_2025_04_30_18_13_32_906.jpg,-0.1953
center_2025_04_30_18_13_32_954.jpg,left_2025_04_30_18_13_32_954.jpg,right_2025_04_30_18_13_32_954.jpg,-0.1953
center_2025_04_30_18_13_33_001.jpg,left_2025_04_30_18_13_33_001.jpg,right_2025_04_30_18_13_33_001.jpg,-0.1953
center_2025_04_30_18_13_33_047.jpg,left_2025_04_30_18_13_33_047.jpg,right_2025_04_30_18_13_33_047.jpg,-0.1953
center_2025_04_30_18_13_33_092.jpg,left_2025_04_30_18_13_33_092.jpg,right_2025_04_30_18_13_33_092.jpg,-0.1953
center_2025_04_30_18_13_33_139.jpg,left_2025_04_30_18_13_33_139.jpg,right_2025_04_30_18_13_33_139.jpg,-0.1953
center_2025_04_30_18_13_33_185.jpg,left_2025_04_30_18_13_33_185.jpg,right_2025_04_30_18_13_33_185.jpg,-0.1953
center_2025_04_30_18_13_33_232.jpg,left_2025_04_30_18_13_33_232.jpg,right_2025_04_30_18_13_33_232.jpg,-0.1953
center_2025_04_30_18_13_33_278.jpg,left_2025_04_30_18_13_33_278.jpg,right_2025_04_30_18_13_33_278.jpg,-0.195
center_2025_04_30_18_13_33_325.jpg,left_2025_04_30_18_13_33_325.jpg,right_2025_04_30_18_13_33_325.jpg,-0.195
center_2025_04_30_18_13_33_372.jpg,left_2025_04_30_18_13_33_372.jpg,right_2025_04_30_18_13_33_372.jpg,-0.1947
center_2025_04_30_18_13_33_430.jpg,left_2025_04_30_18_13_33_430.jpg,right_2025_04_30_18_13_33_430.jpg,-0.1947
center_2025_04_30_18_13_33_465.jpg,left_2025_04_30_18_13_33_465.jpg,right_2025_04_30_18_13_33_465.jpg,-0.1947
center_2025_04_30_18_13_33_510.jpg,left_2025_04_30_18_13_33_510.jpg,right_2025_04_30_18_13_33_510.jpg,-0.1947
center_2025_04_30_18_13_33_557.jpg,left_2025_04_30_18_13_33_557.jpg,right_2025_04_30_18_13_33_557.jpg,-0.1947
center_2025_04_30_18_13_33_604.jpg,left_2025_04_30_18_13_33_604.jpg,right_2025_04_30_18_13_33_604.jpg,-0.195
center_2025_04_30_18_13_33_656.jpg,left_2025_04_30_18_13_33_656.jpg,right_2025_04_30_18_13_33_656.jpg,-0.195
center_2025_04_30_18_13_33_698.jpg,left_2025_04_30_18_13_33_698.jpg,right_2025_04_30_18_13_33_698.jpg,-0.195
center_2025_04_30_18_13_33_743.jpg,left_2025_04_30_18_13_33_743.jpg,right_2025_04_30_18_13_33_743.jpg,-0.1953
center_2025_04_30_18_13_33_796.jpg,left_2025_04_30_18_13_33_796.jpg,right_2025_04_30_18_13_33_796.jpg,-0.1953
center_2025_04_30_18_13_33_840.jpg,left_2025_04_30_18_13_33_840.jpg,right_2025_04_30_18_13_33_840.jpg,-0.195
center_2025_04_30_18_13_33_885.jpg,left_2025_04_30_18_13_33_885.jpg,right_2025_04_30_18_13_33_885.jpg,-0.195
center_2025_04_30_18_13_33_933.jpg,left_2025_04_30_18_13_33_933.jpg,right_2025_04_30_18_13_33_933.jpg,-0.1953
center_2025_04_30_18_13_33_979.jpg,left_2025_04_30_18_13_33_979.jpg,right_2025_04_30_18_13_33_979.jpg,-0.195
center_2025_04_30_18_13_34_026.jpg,left_2025_04_30_18_13_34_026.jpg,right_2025_04_30_18_13_34_026.jpg,-0.195
center_2025_04_30_18_13_34_076.jpg,left_2025_04_30_18_13_34_076.jpg,right_2025_04_30_18_13_34_076.jpg,-0.1953
center_2025_04_30_18_13_34_118.jpg,left_2025_04_30_18_13_34_118.jpg,right_2025_04_30_18_13_34_118.jpg,-0.1953
center_2025_04_30_18_13_34_165.jpg,left_2025_04_30_18_13_34_165.jpg,right_2025_04_30_18_13_34_165.jpg,-0.195
center_2025_04_30_18_13_34_212.jpg,left_2025_04_30_18_13_34_212.jpg,right_2025_04_30_18_13_34_212.jpg,-0.1953
center_2025_04_30_18_13_34_263.jpg,left_2025_04_30_18_13_34_263.jpg,right_2025_04_30_18_13_34_263.jpg,-0.1953
center_2025_04_30_18_13_34_307.jpg,left_2025_04_30_18_13_34_307.jpg,right_2025_04_30_18_13_34_307.jpg,-0.1953
center_2025_04_30_18_13_34_355.jpg,left_2025_04_30_18_13_34_355.jpg,right_2025_04_30_18_13_34_355.jpg,-0.1953
center_2025_04_30_18_13_34_400.jpg,left_2025_04_30_18_13_34_400.jpg,right_2025_04_30_18_13_34_400.jpg,-0.1953
center_2025_04_30_18_13_34_455.jpg,left_2025_04_30_18_13_34_455.jpg,right_2025_04_30_18_13_34_455.jpg,-0.195
center_2025_04_30_18_13_34_518.jpg,left_2025_04_30_18_13_34_518.jpg,right_2025_04_30_18_13_34_518.jpg,-0.1947
center_2025_04_30_18_13_34_543.jpg,left_2025_04_30_18_13_34_543.jpg,right_2025_04_30_18_13_34_543.jpg,-0.1947
center_2025_04_30_18_13_34_593.jpg,left_2025_04_30_18_13_34_593.jpg,right_2025_04_30_18_13_34_593.jpg,-0.1947
center_2025_04_30_18_13_34_635.jpg,left_2025_04_30_18_13_34_635.jpg,right_2025_04_30_18_13_34_635.jpg,-0.1947
center_2025_04_30_18_13_34_686.jpg,left_2025_04_30_18_13_34_686.jpg,right_2025_04_30_18_13_34_686.jpg,-0.1942
center_2025_04_30_18_13_34_730.jpg,left_2025_04_30_18_13_34_730.jpg,right_2025_04_30_18_13_34_730.jpg,-0.1899
center_2025_04_30_18_13_34_789.jpg,left_2025_04_30_18_13_34_789.jpg,right_2025_04_30_18_13_34_789.jpg,-0.176
center_2025_04_30_18_13_34_823.jpg,left_2025_04_30_18_13_34_823.jpg,right_2025_04_30_18_13_34_823.jpg,-0.1554
center_2025_04_30_18_13_34_871.jpg,left_2025_04_30_18_13_34_871.jpg,right_2025_04_30_18_13_34_871.jpg,-0.133
center_2025_04_30_18_13_34_917.jpg,left_2025_04_30_18_13_34_917.jpg,right_2025_04_30_18_13_34_917.jpg,-0.1104
center_2025_04_30_18_13_34_964.jpg,left_2025_04_30_18_13_34_964.jpg,right_2025_04_30_18_13_34_964.jpg,-0.0894
center_2025_04_30_18_13_35_029.jpg,left_2025_04_30_18_13_35_029.jpg,right_2025_04_30_18_13_35_029.jpg,-0.0761
center_2025_04_30_18_13_35_057.jpg,left_2025_04_30_18_13_35_057.jpg,right_2025_04_30_18_13_35_057.jpg,-0.0682
center_2025_04_30_18_13_35_109.jpg,left_2025_04_30_18_13_35_109.jpg,right_2025_04_30_18_13_35_109.jpg,-0.0606
center_2025_04_30_18_13_35_157.jpg,left_2025_04_30_18_13_35_157.jpg,right_2025_04_30_18_13_35_157.jpg,-0.0538
center_2025_04_30_18_13_35_209.jpg,left_2025_04_30_18_13_35_209.jpg,right_2025_04_30_18_13_35_209.jpg,-0.0402
center_2025_04_30_18_13_35_245.jpg,left_2025_04_30_18_13_35_245.jpg,right_2025_04_30_18_13_35_245.jpg,-0.0283
center_2025_04_30_18_13_35_294.jpg,left_2025_04_30_18_13_35_294.jpg,right_2025_04_30_18_13_35_294.jpg,-0.0178
center_2025_04_30_18_13_35_339.jpg,left_2025_04_30_18_13_35_339.jpg,right_2025_04_30_18_13_35_339.jpg,-0.0088
center_2025_04_30_18_13_35_387.jpg,left_2025_04_30_18_13_35_387.jpg,right_2025_04_30_18_13_35_387.jpg,0.0
center_2025_04_30_18_13_35_430.jpg,left_2025_04_30_18_13_35_430.jpg,right_2025_04_30_18_13_35_430.jpg,0.0
center_2025_04_30_18_13_35_480.jpg,left_2025_04_30_18_13_35_480.jpg,right_2025_04_30_18_13_35_480.jpg,0.0
center_2025_04_30_18_13_35_524.jpg,left_2025_04_30_18_13_35_524.jpg,right_2025_04_30_18_13_35_524.jpg,0.0
center_2025_04_30_18_13_35_576.jpg,left_2025_04_30_18_13_35_576.jpg,right_2025_04_30_18_13_35_576.jpg,0.0
center_2025_04_30_18_13_35_618.jpg,left_2025_04_30_18_13_35_618.jpg,right_2025_04_30_18_13_35_618.jpg,0.0
center_2025_04_30_18_13_35_665.jpg,left_2025_04_30_18_13_35_665.jpg,right_2025_04_30_18_13_35_665.jpg,0.0
center_2025_04_30_18_13_35_709.jpg,left_2025_04_30_18_13_35_709.jpg,right_2025_04_30_18_13_35_709.jpg,0.0
center_2025_04_30_18_13_35_758.jpg,left_2025_04_30_18_13_35_758.jpg,right_2025_04_30_18_13_35_758.jpg,0.0
center_2025_04_30_18_13_35_803.jpg,left_2025_04_30_18_13_35_803.jpg,right_2025_04_30_18_13_35_803.jpg,0.0
center_2025_04_30_18_13_35_851.jpg,left_2025_04_30_18_13_35_851.jpg,right_2025_04_30_18_13_35_851.jpg,0.0
center_2025_04_30_18_13_35_896.jpg,left_2025_04_30_18_13_35_896.jpg,right_2025_04_30_18_13_35_896.jpg,0.0
center_2025_04_30_18_13_35_944.jpg,left_2025_04_30_18_13_35_944.jpg,right_2025_04_30_18_13_35_944.jpg,0.0
center_2025_04_30_18_13_35_989.jpg,left_2025_04_30_18_13_35_989.jpg,right_2025_04_30_18_13_35_989.jpg,0.0
center_2025_04_30_18_13_36_037.jpg,left_2025_04_30_18_13_36_037.jpg,right_2025_04_30_18_13_36_037.jpg,0.0
center_2025_04_30_18_13_36_089.jpg,left_2025_04_30_18_13_36_089.jpg,right_2025_04_30_18_13_36_089.jpg,0.0
center_2025_04_30_18_13_36_149.jpg,left_2025_04_30_18_13_36_149.jpg,right_2025_04_30_18_13_36_149.jpg,0.0
center_2025_04_30_18_13_36_180.jpg,left_2025_04_30_18_13_36_180.jpg,right_2025_04_30_18_13_36_180.jpg,0.0
center_2025_04_30_18_13_36_226.jpg,left_2025_04_30_18_13_36_226.jpg,right_2025_04_30_18_13_36_226.jpg,0.0
center_2025_04_30_18_13_36_273.jpg,left_2025_04_30_18_13_36_273.jpg,right_2025_04_30_18_13_36_273.jpg,0.0
center_2025_04_30_18_13_36_325.jpg,left_2025_04_30_18_13_36_325.jpg,right_2025_04_30_18_13_36_325.jpg,0.0
center_2025_04_30_18_13_36_367.jpg,left_2025_04_30_18_13_36_367.jpg,right_2025_04_30_18_13_36_367.jpg,0.0
center_2025_04_30_18_13_36_418.jpg,left_2025_04_30_18_13_36_418.jpg,right_2025_04_30_18_13_36_418.jpg,0.0
center_2025_04_30_18_13_36_459.jpg,left_2025_04_30_18_13_36_459.jpg,right_2025_04_30_18_13_36_459.jpg,0.0
center_2025_04_30_18_13_36_516.jpg,left_2025_04_30_18_13_36_516.jpg,right_2025_04_30_18_13_36_516.jpg,0.0
center_2025_04_30_18_13_36_552.jpg,left_2025_04_30_18_13_36_552.jpg,right_2025_04_30_18_13_36_552.jpg,0.0
center_2025_04_30_18_13_36_602.jpg,left_2025_04_30_18_13_36_602.jpg,right_2025_04_30_18_13_36_602.jpg,0.0
center_2025_04_30_18_13_36_646.jpg,left_2025_04_30_18_13_36_646.jpg,right_2025_04_30_18_13_36_646.jpg,0.0
center_2025_04_30_18_13_36_695.jpg,left_2025_04_30_18_13_36_695.jpg,right_2025_04_30_18_13_36_695.jpg,0.0
center_2025_04_30_18_13_36_738.jpg,left_2025_04_30_18_13_36_738.jpg,right_2025_04_30_18_13_36_738.jpg,0.0
center_2025_04_30_18_13_36_789.jpg,left_2025_04_30_18_13_36_789.jpg,right_2025_04_30_18_13_36_789.jpg,0.0
center_2025_04_30_18_13_36_832.jpg,left_2025_04_30_18_13_36_832.jpg,right_2025_04_30_18_13_36_832.jpg,0.0
center_2025_04_30_18_13_36_881.jpg,left_2025_04_30_18_13_36_881.jpg,right_2025_04_30_18_13_36_881.jpg,0.0
center_2025_04_30_18_13_36_925.jpg,left_2025_04_30_18_13_36_925.jpg,right_2025_04_30_18_13_36_925.jpg,0.0
center_2025_04_30_18_13_36_974.jpg,left_2025_04_30_18_13_36_974.jpg,right_2025_04_30_18_13_36_974.jpg,0.0
center_2025_04_30_18_13_37_018.jpg,left_2025_04_30_18_13_37_018.jpg,right_2025_04_30_18_13_37_018.jpg,0.0
center_2025_04_30_18_13_37_067.jpg,left_2025_04_30_18_13_37_067.jpg,right_2025_04_30_18_13_37_067.jpg,0.0
center_2025_04_30_18_13_37_110.jpg,left_2025_04_30_18_13_37_110.jpg,right_2025_04_30_18_13_37_110.jpg,0.0
center_2025_04_30_18_13_37_159.jpg,left_2025_04_30_18_13_37_159.jpg,right_2025_04_30_18_13_37_159.jpg,0.0
center_2025_04_30_18_13_37_202.jpg,left_2025_04_30_18_13_37_202.jpg,right_2025_04_30_18_13_37_202.jpg,0.0
center_2025_04_30_18_13_37_253.jpg,left_2025_04_30_18_13_37_253.jpg,right_2025_04_30_18_13_37_253.jpg,0.0
center_2025_04_30_18_13_37_297.jpg,left_2025_04_30_18_13_37_297.jpg,right_2025_04_30_18_13_37_297.jpg,0.0
center_2025_04_30_18_13_37_345.jpg,left_2025_04_30_18_13_37_345.jpg,right_2025_04_30_18_13_37_345.jpg,0.0
center_2025_04_30_18_13_37_392.jpg,left_2025_04_30_18_13_37_392.jpg,right_2025_04_30_18_13_37_392.jpg,0.0
center_2025_04_30_18_13_37_439.jpg,left_2025_04_30_18_13_37_439.jpg,right_2025_04_30_18_13_37_439.jpg,0.0
center_2025_04_30_18_13_37_485.jpg,left_2025_04_30_18_13_37_485.jpg,right_2025_04_30_18_13_37_485.jpg,0.0
center_2025_04_30_18_13_37_541.jpg,left_2025_04_30_18_13_37_541.jpg,right_2025_04_30_18_13_37_541.jpg,0.0
center_2025_04_30_18_13_37_582.jpg,left_2025_04_30_18_13_37_582.jpg,right_2025_04_30_18_13_37_582.jpg,0.0
center_2025_04_30_18_13_37_624.jpg,left_2025_04_30_18_13_37_624.jpg,right_2025_04_30_18_13_37_624.jpg,0.0
center_2025_04_30_18_13_37_675.jpg,left_2025_04_30_18_13_37_675.jpg,right_2025_04_30_18_13_37_675.jpg,0.0
center_2025_04_30_18_13_37_718.jpg,left_2025_04_30_18_13_37_718.jpg,right_2025_04_30_18_13_37_718.jpg,0.0
center_2025_04_30_18_13_37_768.jpg,left_2025_04_30_18_13_37_768.jpg,right_2025_04_30_18_13_37_768.jpg,0.0
center_2025_04_30_18_13_37_810.jpg,left_2025_04_30_18_13_37_810.jpg,right_2025_04_30_18_13_37_810.jpg,0.0
center_2025_04_30_18_13_37_861.jpg,left_2025_04_30_18_13_37_861.jpg,right_2025_04_30_18_13_37_861.jpg,0.0
center_2025_04_30_18_13_37_903.jpg,left_2025_04_30_18_13_37_903.jpg,right_2025_04_30_18_13_37_903.jpg,0.0
center_2025_04_30_18_13_37_953.jpg,left_2025_04_30_18_13_37_953.jpg,right_2025_04_30_18_13_37_953.jpg,0.0
center_2025_04_30_18_13_37_999.jpg,left_2025_04_30_18_13_37_999.jpg,right_2025_04_30_18_13_37_999.jpg,0.0
center_2025_04_30_18_13_38_046.jpg,left_2025_04_30_18_13_38_046.jpg,right_2025_04_30_18_13_38_046.jpg,0.0
center_2025_04_30_18_13_38_094.jpg,left_2025_04_30_18_13_38_094.jpg,right_2025_04_30_18_13_38_094.jpg,0.0
center_2025_04_30_18_13_38_138.jpg,left_2025_04_30_18_13_38_138.jpg,right_2025_04_30_18_13_38_138.jpg,0.0
center_2025_04_30_18_13_38_186.jpg,left_2025_04_30_18_13_38_186.jpg,right_2025_04_30_18_13_38_186.jpg,0.0
center_2025_04_30_18_13_38_232.jpg,left_2025_04_30_18_13_38_232.jpg,right_2025_04_30_18_13_38_232.jpg,0.0
center_2025_04_30_18_13_38_283.jpg,left_2025_04_30_18_13_38_283.jpg,right_2025_04_30_18_13_38_283.jpg,0.0
center_2025_04_30_18_13_38_327.jpg,left_2025_04_30_18_13_38_327.jpg,right_2025_04_30_18_13_38_327.jpg,0.0
center_2025_04_30_18_13_38_376.jpg,left_2025_04_30_18_13_38_376.jpg,right_2025_04_30_18_13_38_376.jpg,0.0
center_2025_04_30_18_13_38_421.jpg,left_2025_04_30_18_13_38_421.jpg,right_2025_04_30_18_13_38_421.jpg,0.0
center_2025_04_30_18_13_38_469.jpg,left_2025_04_30_18_13_38_469.jpg,right_2025_04_30_18_13_38_469.jpg,0.0
center_2025_04_30_18_13_38_516.jpg,left_2025_04_30_18_13_38_516.jpg,right_2025_04_30_18_13_38_516.jpg,0.0
center_2025_04_30_18_13_38_565.jpg,left_2025_04_30_18_13_38_565.jpg,right_2025_04_30_18_13_38_565.jpg,0.0
center_2025_04_30_18_13_38_606.jpg,left_2025_04_30_18_13_38_606.jpg,right_2025_04_30_18_13_38_606.jpg,0.0
center_2025_04_30_18_13_38_654.jpg,left_2025_04_30_18_13_38_654.jpg,right_2025_04_30_18_13_38_654.jpg,0.0
center_2025_04_30_18_13_38_701.jpg,left_2025_04_30_18_13_38_701.jpg,right_2025_04_30_18_13_38_701.jpg,0.0
center_2025_04_30_18_13_38_747.jpg,left_2025_04_30_18_13_38_747.jpg,right_2025_04_30_18_13_38_747.jpg,0.0
center_2025_04_30_18_13_38_793.jpg,left_2025_04_30_18_13_38_793.jpg,right_2025_04_30_18_13_38_793.jpg,0.0
center_2025_04_30_18_13_38_840.jpg,left_2025_04_30_18_13_38_840.jpg,right_2025_04_30_18_13_38_840.jpg,0.0
center_2025_04_30_18_13_38_885.jpg,left_2025_04_30_18_13_38_885.jpg,right_2025_04_30_18_13_38_885.jpg,0.0
center_2025_04_30_18_13_38_933.jpg,left_2025_04_30_18_13_38_933.jpg,right_2025_04_30_18_13_38_933.jpg,0.0
center_2025_04_30_18_13_38_978.jpg,left_2025_04_30_18_13_38_978.jpg,right_2025_04_30_18_13_38_978.jpg,0.0
center_2025_04_30_18_13_39_026.jpg,left_2025_04_30_18_13_39_026.jpg,right_2025_04_30_18_13_39_026.jpg,0.0
center_2025_04_30_18_13_39_069.jpg,left_2025_04_30_18_13_39_069.jpg,right_2025_04_30_18_13_39_069.jpg,0.0
center_2025_04_30_18_13_39_118.jpg,left_2025_04_30_18_13_39_118.jpg,right_2025_04_30_18_13_39_118.jpg,0.0
center_2025_04_30_18_13_39_162.jpg,left_2025_04_30_18_13_39_162.jpg,right_2025_04_30_18_13_39_162.jpg,0.0
center_2025_04_30_18_13_39_211.jpg,left_2025_04_30_18_13_39_211.jpg,right_2025_04_30_18_13_39_211.jpg,0.0
center_2025_04_30_18_13_39_256.jpg,left_2025_04_30_18_13_39_256.jpg,right_2025_04_30_18_13_39_256.jpg,0.0
center_2025_04_30_18_13_39_305.jpg,left_2025_04_30_18_13_39_305.jpg,right_2025_04_30_18_13_39_305.jpg,0.0
center_2025_04_30_18_13_39_355.jpg,left_2025_04_30_18_13_39_355.jpg,right_2025_04_30_18_13_39_355.jpg,0.0
center_2025_04_30_18_13_39_397.jpg,left_2025_04_30_18_13_39_397.jpg,right_2025_04_30_18_13_39_397.jpg,0.0
center_2025_04_30_18_13_39_447.jpg,left_2025_04_30_18_13_39_447.jpg,right_2025_04_30_18_13_39_447.jpg,0.0
center_2025_04_30_18_13_39_491.jpg,left_2025_04_30_18_13_39_491.jpg,right_2025_04_30_18_13_39_491.jpg,0.0
center_2025_04_30_18_13_39_540.jpg,left_2025_04_30_18_13_39_540.jpg,right_2025_04_30_18_13_39_540.jpg,0.0
center_2025_04_30_18_13_39_585.jpg,left_2025_04_30_18_13_39_585.jpg,right_2025_04_30_18_13_39_585.jpg,0.0
center_2025_04_30_18_13_39_633.jpg,left_2025_04_30_18_13_39_633.jpg,right_2025_04_30_18_13_39_633.jpg,0.0
center_2025_04_30_18_13_39_680.jpg,left_2025_04_30_18_13_39_680.jpg,right_2025_04_30_18_13_39_680.jpg,0.0
center_2025_04_30_18_13_39_726.jpg,left_2025_04_30_18_13_39_726.jpg,right_2025_04_30_18_13_39_726.jpg,0.0
center_2025_04_30_18_13_39_778.jpg,left_2025_04_30_18_13_39_778.jpg,right_2025_04_30_18_13_39_778.jpg,0.0
center_2025_04_30_18_13_39_821.jpg,left_2025_04_30_18_13_39_821.jpg,right_2025_04_30_18_13_39_821.jpg,0.0
center_2025_04_30_18_13_39_870.jpg,left_2025_04_30_18_13_39_870.jpg,right_2025_04_30_18_13_39_870.jpg,0.0
center_2025_04_30_18_13_39_913.jpg,left_2025_04_30_18_13_39_913.jpg,right_2025_04_30_18_13_39_913.jpg,0.0
center_2025_04_30_18_13_39_963.jpg,left_2025_04_30_18_13_39_963.jpg,right_2025_04_30_18_13_39_963.jpg,0.0
center_2025_04_30_18_13_40_008.jpg,left_2025_04_30_18_13_40_008.jpg,right_2025_04_30_18_13_40_008.jpg,0.0
center_2025_04_30_18_13_40_069.jpg,left_2025_04_30_18_13_40_069.jpg,right_2025_04_30_18_13_40_069.jpg,0.0
center_2025_04_30_18_13_40_102.jpg,left_2025_04_30_18_13_40_102.jpg,right_2025_04_30_18_13_40_102.jpg,0.0
center_2025_04_30_18_13_40_149.jpg,left_2025_04_30_18_13_40_149.jpg,right_2025_04_30_18_13_40_149.jpg,0.0
center_2025_04_30_18_13_40_194.jpg,left_2025_04_30_18_13_40_194.jpg,right_2025_04_30_18_13_40_194.jpg,0.0
center_2025_04_30_18_13_40_241.jpg,left_2025_04_30_18_13_40_241.jpg,right_2025_04_30_18_13_40_241.jpg,0.0
center_2025_04_30_18_13_40_288.jpg,left_2025_04_30_18_13_40_288.jpg,right_2025_04_30_18_13_40_288.jpg,0.0
center_2025_04_30_18_13_40_335.jpg,left_2025_04_30_18_13_40_335.jpg,right_2025_04_30_18_13_40_335.jpg,0.0
center_2025_04_30_18_13_40_389.jpg,left_2025_04_30_18_13_40_389.jpg,right_2025_04_30_18_13_40_389.jpg,0.0
center_2025_04_30_18_13_40_429.jpg,left_2025_04_30_18_13_40_429.jpg,right_2025_04_30_18_13_40_429.jpg,0.0
center_2025_04_30_18_13_40_478.jpg,left_2025_04_30_18_13_40_478.jpg,right_2025_04_30_18_13_40_478.jpg,0.0
center_2025_04_30_18_13_40_520.jpg,left_2025_04_30_18_13_40_520.jpg,right_2025_04_30_18_13_40_520.jpg,-0.0122
center_2025_04_30_18_13_40_566.jpg,left_2025_04_30_18_13_40_566.jpg,right_2025_04_30_18_13_40_566.jpg,-0.0257
center_2025_04_30_18_13_40_612.jpg,left_2025_04_30_18_13_40_612.jpg,right_2025_04_30_18_13_40_612.jpg,-0.0407
center_2025_04_30_18_13_40_660.jpg,left_2025_04_30_18_13_40_660.jpg,right_2025_04_30_18_13_40_660.jpg,-0.0589
center_2025_04_30_18_13_40_706.jpg,left_2025_04_30_18_13_40_706.jpg,right_2025_04_30_18_13_40_706.jpg,-0.079
center_2025_04_30_18_13_40_757.jpg,left_2025_04_30_18_13_40_757.jpg,right_2025_04_30_18_13_40_757.jpg,-0.0886
center_2025_04_30_18_13_40_801.jpg,left_2025_04_30_18_13_40_801.jpg,right_2025_04_30_18_13_40_801.jpg,-0.0977
center_2025_04_30_18_13_40_850.jpg,left_2025_04_30_18_13_40_850.jpg,right_2025_04_30_18_13_40_850.jpg,-0.1067
center_2025_04_30_18_13_40_894.jpg,left_2025_04_30_18_13_40_894.jpg,right_2025_04_30_18_13_40_894.jpg,-0.1166
center_2025_04_30_18_13_40_942.jpg,left_2025_04_30_18_13_40_942.jpg,right_2025_04_30_18_13_40_942.jpg,-0.1302
center_2025_04_30_18_13_40_996.jpg,left_2025_04_30_18_13_40_996.jpg,right_2025_04_30_18_13_40_996.jpg,-0.1435
center_2025_04_30_18_13_41_060.jpg,left_2025_04_30_18_13_41_060.jpg,right_2025_04_30_18_13_41_060.jpg,-0.1568
center_2025_04_30_18_13_41_079.jpg,left_2025_04_30_18_13_41_079.jpg,right_2025_04_30_18_13_41_079.jpg,-0.1692
center_2025_04_30_18_13_41_128.jpg,left_2025_04_30_18_13_41_128.jpg,right_2025_04_30_18_13_41_128.jpg,-0.1791
center_2025_04_30_18_13_41_172.jpg,left_2025_04_30_18_13_41_172.jpg,right_2025_04_30_18_13_41_172.jpg,-0.1837
center_2025_04_30_18_13_41_221.jpg,left_2025_04_30_18_13_41_221.jpg,right_2025_04_30_18_13_41_221.jpg,-0.1873
center_2025_04_30_18_13_41_267.jpg,left_2025_04_30_18_13_41_267.jpg,right_2025_04_30_18_13_41_267.jpg,-0.1902
center_2025_04_30_18_13_41_314.jpg,left_2025_04_30_18_13_41_314.jpg,right_2025_04_30_18_13_41_314.jpg,-0.1927
center_2025_04_30_18_13_41_360.jpg,left_2025_04_30_18_13_41_360.jpg,right_2025_04_30_18_13_41_360.jpg,-0.1939
center_2025_04_30_18_13_41_407.jpg,left_2025_04_30_18_13_41_407.jpg,right_2025_04_30_18_13_41_407.jpg,-0.1956
center_2025_04_30_18_13_41_452.jpg,left_2025_04_30_18_13_41_452.jpg,right_2025_04_30_18_13_41_452.jpg,-0.197
center_2025_04_30_18_13_41_499.jpg,left_2025_04_30_18_13_41_499.jpg,right_2025_04_30_18_13_41_499.jpg,-0.1992
center_2025_04_30_18_13_41_551.jpg,left_2025_04_30_18_13_41_551.jpg,right_2025_04_30_18_13_41_551.jpg,-0.2015
center_2025_04_30_18_13_41_594.jpg,left_2025_04_30_18_13_41_594.jpg,right_2025_04_30_18_13_41_594.jpg,-0.204
center_2025_04_30_18_13_41_643.jpg,left_2025_04_30_18_13_41_643.jpg,right_2025_04_30_18_13_41_643.jpg,-0.2057
center_2025_04_30_18_13_41_689.jpg,left_2025_04_30_18_13_41_689.jpg,right_2025_04_30_18_13_41_689.jpg,-0.2072
center_2025_04_30_18_13_41_736.jpg,left_2025_04_30_18_13_41_736.jpg,right_2025_04_30_18_13_41_736.jpg,-0.2077
center_2025_04_30_18_13_41_788.jpg,left_2025_04_30_18_13_41_788.jpg,right_2025_04_30_18_13_41_788.jpg,-0.208
center_2025_04_30_18_13_41_829.jpg,left_2025_04_30_18_13_41_829.jpg,right_2025_04_30_18_13_41_829.jpg,-0.208
center_2025_04_30_18_13_41_874.jpg,left_2025_04_30_18_13_41_874.jpg,right_2025_04_30_18_13_41_874.jpg,-0.208
center_2025_04_30_18_13_41_922.jpg,left_2025_04_30_18_13_41_922.jpg,right_2025_04_30_18_13_41_922.jpg,-0.208
center_2025_04_30_18_13_41_968.jpg,left_2025_04_30_18_13_41_968.jpg,right_2025_04_30_18_13_41_968.jpg,-0.208
center_2025_04_30_18_13_42_014.jpg,left_2025_04_30_18_13_42_014.jpg,right_2025_04_30_18_13_42_014.jpg,-0.208
center_2025_04_30_18_13_42_066.jpg,left_2025_04_30_18_13_42_066.jpg,right_2025_04_30_18_13_42_066.jpg,-0.208
center_2025_04_30_18_13_42_107.jpg,left_2025_04_30_18_13_42_107.jpg,right_2025_04_30_18_13_42_107.jpg,-0.208
center_2025_04_30_18_13_42_154.jpg,left_2025_04_30_18_13_42_154.jpg,right_2025_04_30_18_13_42_154.jpg,-0.208
center_2025_04_30_18_13_42_201.jpg,left_2025_04_30_18_13_42_201.jpg,right_2025_04_30_18_13_42_201.jpg,-0.208
center_2025_04_30_18_13_42_251.jpg,left_2025_04_30_18_13_42_251.jpg,right_2025_04_30_18_13_42_251.jpg,-0.208
center_2025_04_30_18_13_42_324.jpg,left_2025_04_30_18_13_42_324.jpg,right_2025_04_30_18_13_42_324.jpg,-0.208
center_2025_04_30_18_13_42_344.jpg,left_2025_04_30_18_13_42_344.jpg,right_2025_04_30_18_13_42_344.jpg,-0.208
center_2025_04_30_18_13_42_390.jpg,left_2025_04_30_18_13_42_390.jpg,right_2025_04_30_18_13_42_390.jpg,-0.208
center_2025_04_30_18_13_42_437.jpg,left_2025_04_30_18_13_42_437.jpg,right_2025_04_30_18_13_42_437.jpg,-0.208
center_2025_04_30_18_13_42_482.jpg,left_2025_04_30_18_13_42_482.jpg,right_2025_04_30_18_13_42_482.jpg,-0.208
center_2025_04_30_18_13_42_529.jpg,left_2025_04_30_18_13_42_529.jpg,right_2025_04_30_18_13_42_529.jpg,-0.208
center_2025_04_30_18_13_42_576.jpg,left_2025_04_30_18_13_42_576.jpg,right_2025_04_30_18_13_42_576.jpg,-0.208
center_2025_04_30_18_13_42_623.jpg,left_2025_04_30_18_13_42_623.jpg,right_2025_04_30_18_13_42_623.jpg,-0.208
center_2025_04_30_18_13_42_674.jpg,left_2025_04_30_18_13_42_674.jpg,right_2025_04_30_18_13_42_674.jpg,-0.208
center_2025_04_30_18_13_42_724.jpg,left_2025_04_30_18_13_42_724.jpg,right_2025_04_30_18_13_42_724.jpg,-0.208
center_2025_04_30_18_13_42_767.jpg,left_2025_04_30_18_13_42_767.jpg,right_2025_04_30_18_13_42_767.jpg,-0.2083
center_2025_04_30_18_13_42_810.jpg,left_2025_04_30_18_13_42_810.jpg,right_2025_04_30_18_13_42_810.jpg,-0.2083
center_2025_04_30_18_13_42_859.jpg,left_2025_04_30_18_13_42_859.jpg,right_2025_04_30_18_13_42_859.jpg,-0.2083
center_2025_04_30_18_13_42_903.jpg,left_2025_04_30_18_13_42_903.jpg,right_2025_04_30_18_13_42_903.jpg,-0.2083
center_2025_04_30_18_13_42_953.jpg,left_2025_04_30_18_13_42_953.jpg,right_2025_04_30_18_13_42_953.jpg,-0.2083
center_2025_04_30_18_13_42_998.jpg,left_2025_04_30_18_13_42_998.jpg,right_2025_04_30_18_13_42_998.jpg,-0.208
center_2025_04_30_18_13_43_047.jpg,left_2025_04_30_18_13_43_047.jpg,right_2025_04_30_18_13_43_047.jpg,-0.208
center_2025_04_30_18_13_43_088.jpg,left_2025_04_30_18_13_43_088.jpg,right_2025_04_30_18_13_43_088.jpg,-0.208
center_2025_04_30_18_13_43_139.jpg,left_2025_04_30_18_13_43_139.jpg,right_2025_04_30_18_13_43_139.jpg,-0.208
center_2025_04_30_18_13_43_181.jpg,left_2025_04_30_18_13_43_181.jpg,right_2025_04_30_18_13_43_181.jpg,-0.208
center_2025_04_30_18_13_43_231.jpg,left_2025_04_30_18_13_43_231.jpg,right_2025_04_30_18_13_43_231.jpg,-0.208
center_2025_04_30_18_13_43_275.jpg,left_2025_04_30_18_13_43_275.jpg,right_2025_04_30_18_13_43_275.jpg,-0.208
center_2025_04_30_18_13_43_324.jpg,left_2025_04_30_18_13_43_324.jpg,right_2025_04_30_18_13_43_324.jpg,-0.208
center_2025_04_30_18_13_43_369.jpg,left_2025_04_30_18_13_43_369.jpg,right_2025_04_30_18_13_43_369.jpg,-0.208
center_2025_04_30_18_13_43_417.jpg,left_2025_04_30_18_13_43_417.jpg,right_2025_04_30_18_13_43_417.jpg,-0.208
center_2025_04_30_18_13_43_464.jpg,left_2025_04_30_18_13_43_464.jpg,right_2025_04_30_18_13_43_464.jpg,-0.208
center_2025_04_30_18_13_43_510.jpg,left_2025_04_30_18_13_43_510.jpg,right_2025_04_30_18_13_43_510.jpg,-0.208
center_2025_04_30_18_13_43_556.jpg,left_2025_04_30_18_13_43_556.jpg,right_2025_04_30_18_13_43_556.jpg,-0.208
center_2025_04_30_18_13_43_603.jpg,left_2025_04_30_18_13_43_603.jpg,right_2025_04_30_18_13_43_603.jpg,-0.2083
center_2025_04_30_18_13_43_649.jpg,left_2025_04_30_18_13_43_649.jpg,right_2025_04_30_18_13_43_649.jpg,-0.2083
center_2025_04_30_18_13_43_696.jpg,left_2025_04_30_18_13_43_696.jpg,right_2025_04_30_18_13_43_696.jpg,-0.2083
center_2025_04_30_18_13_43_742.jpg,left_2025_04_30_18_13_43_742.jpg,right_2025_04_30_18_13_43_742.jpg,-0.2083
center_2025_04_30_18_13_43_789.jpg,left_2025_04_30_18_13_43_789.jpg,right_2025_04_30_18_13_43_789.jpg,-0.2083
center_2025_04_30_18_13_43_839.jpg,left_2025_04_30_18_13_43_839.jpg,right_2025_04_30_18_13_43_839.jpg,-0.208
center_2025_04_30_18_13_43_884.jpg,left_2025_04_30_18_13_43_884.jpg,right_2025_04_30_18_13_43_884.jpg,-0.208
center_2025_04_30_18_13_43_931.jpg,left_2025_04_30_18_13_43_931.jpg,right_2025_04_30_18_13_43_931.jpg,-0.208
center_2025_04_30_18_13_43_977.jpg,left_2025_04_30_18_13_43_977.jpg,right_2025_04_30_18_13_43_977.jpg,-0.2066
center_2025_04_30_18_13_44_024.jpg,left_2025_04_30_18_13_44_024.jpg,right_2025_04_30_18_13_44_024.jpg,-0.2015
center_2025_04_30_18_13_44_070.jpg,left_2025_04_30_18_13_44_070.jpg,right_2025_04_30_18_13_44_070.jpg,-0.1927
center_2025_04_30_18_13_44_119.jpg,left_2025_04_30_18_13_44_119.jpg,right_2025_04_30_18_13_44_119.jpg,-0.1774
center_2025_04_30_18_13_44_162.jpg,left_2025_04_30_18_13_44_162.jpg,right_2025_04_30_18_13_44_162.jpg,-0.1565
center_2025_04_30_18_13_44_210.jpg,left_2025_04_30_18_13_44_210.jpg,right_2025_04_30_18_13_44_210.jpg,-0.1347
center_2025_04_30_18_13_44_254.jpg,left_2025_04_30_18_13_44_254.jpg,right_2025_04_30_18_13_44_254.jpg,-0.1163
center_2025_04_30_18_13_44_303.jpg,left_2025_04_30_18_13_44_303.jpg,right_2025_04_30_18_13_44_303.jpg,-0.0999
center_2025_04_30_18_13_44_346.jpg,left_2025_04_30_18_13_44_346.jpg,right_2025_04_30_18_13_44_346.jpg,-0.0889
center_2025_04_30_18_13_44_396.jpg,left_2025_04_30_18_13_44_396.jpg,right_2025_04_30_18_13_44_396.jpg,-0.0821
center_2025_04_30_18_13_44_442.jpg,left_2025_04_30_18_13_44_442.jpg,right_2025_04_30_18_13_44_442.jpg,-0.077
center_2025_04_30_18_13_44_488.jpg,left_2025_04_30_18_13_44_488.jpg,right_2025_04_30_18_13_44_488.jpg,-0.0719
center_2025_04_30_18_13_44_534.jpg,left_2025_04_30_18_13_44_534.jpg,right_2025_04_30_18_13_44_534.jpg,-0.0682
center_2025_04_30_18_13_44_582.jpg,left_2025_04_30_18_13_44_582.jpg,right_2025_04_30_18_13_44_582.jpg,-0.0651
center_2025_04_30_18_13_44_633.jpg,left_2025_04_30_18_13_44_633.jpg,right_2025_04_30_18_13_44_633.jpg,-0.0634
center_2025_04_30_18_13_44_676.jpg,left_2025_04_30_18_13_44_676.jpg,right_2025_04_30_18_13_44_676.jpg,-0.062
center_2025_04_30_18_13_44_725.jpg,left_2025_04_30_18_13_44_725.jpg,right_2025_04_30_18_13_44_725.jpg,-0.0608
center_2025_04_30_18_13_44_771.jpg,left_2025_04_30_18_13_44_771.jpg,right_2025_04_30_18_13_44_771.jpg,-0.0597
center_2025_04_30_18_13_44_823.jpg,left_2025_04_30_18_13_44_823.jpg,right_2025_04_30_18_13_44_823.jpg,-0.0588
center_2025_04_30_18_13_44_863.jpg,left_2025_04_30_18_13_44_863.jpg,right_2025_04_30_18_13_44_863.jpg,-0.058
center_2025_04_30_18_13_44_911.jpg,left_2025_04_30_18_13_44_911.jpg,right_2025_04_30_18_13_44_911.jpg,-0.0569
center_2025_04_30_18_13_44_957.jpg,left_2025_04_30_18_13_44_957.jpg,right_2025_04_30_18_13_44_957.jpg,-0.0558
center_2025_04_30_18_13_45_004.jpg,left_2025_04_30_18_13_45_004.jpg,right_2025_04_30_18_13_45_004.jpg,-0.0543
center_2025_04_30_18_13_45_056.jpg,left_2025_04_30_18_13_45_056.jpg,right_2025_04_30_18_13_45_056.jpg,-0.0526
center_2025_04_30_18_13_45_109.jpg,left_2025_04_30_18_13_45_109.jpg,right_2025_04_30_18_13_45_109.jpg,-0.0501
center_2025_04_30_18_13_45_144.jpg,left_2025_04_30_18_13_45_144.jpg,right_2025_04_30_18_13_45_144.jpg,-0.0393
center_2025_04_30_18_13_45_191.jpg,left_2025_04_30_18_13_45_191.jpg,right_2025_04_30_18_13_45_191.jpg,-0.0286
center_2025_04_30_18_13_45_241.jpg,left_2025_04_30_18_13_45_241.jpg,right_2025_04_30_18_13_45_241.jpg,-0.0184
center_2025_04_30_18_13_45_283.jpg,left_2025_04_30_18_13_45_283.jpg,right_2025_04_30_18_13_45_283.jpg,-0.0088
center_2025_04_30_18_13_45_334.jpg,left_2025_04_30_18_13_45_334.jpg,right_2025_04_30_18_13_45_334.jpg,0.0
center_2025_04_30_18_13_45_377.jpg,left_2025_04_30_18_13_45_377.jpg,right_2025_04_30_18_13_45_377.jpg,0.0
center_2025_04_30_18_13_45_426.jpg,left_2025_04_30_18_13_45_426.jpg,right_2025_04_30_18_13_45_426.jpg,0.0
center_2025_04_30_18_13_45_471.jpg,left_2025_04_30_18_13_45_471.jpg,right_2025_04_30_18_13_45_471.jpg,0.0
center_2025_04_30_18_13_45_519.jpg,left_2025_04_30_18_13_45_519.jpg,right_2025_04_30_18_13_45_519.jpg,0.0
center_2025_04_30_18_13_45_564.jpg,left_2025_04_30_18_13_45_564.jpg,right_2025_04_30_18_13_45_564.jpg,0.0
center_2025_04_30_18_13_45_612.jpg,left_2025_04_30_18_13_45_612.jpg,right_2025_04_30_18_13_45_612.jpg,0.0
center_2025_04_30_18_13_45_664.jpg,left_2025_04_30_18_13_45_664.jpg,right_2025_04_30_18_13_45_664.jpg,0.0
center_2025_04_30_18_13_45_705.jpg,left_2025_04_30_18_13_45_705.jpg,right_2025_04_30_18_13_45_705.jpg,0.0
center_2025_04_30_18_13_45_751.jpg,left_2025_04_30_18_13_45_751.jpg,right_2025_04_30_18_13_45_751.jpg,0.0
center_2025_04_30_18_13_45_798.jpg,left_2025_04_30_18_13_45_798.jpg,right_2025_04_30_18_13_45_798.jpg,0.0
center_2025_04_30_18_13_45_843.jpg,left_2025_04_30_18_13_45_843.jpg,right_2025_04_30_18_13_45_843.jpg,0.0
center_2025_04_30_18_13_45_891.jpg,left_2025_04_30_18_13_45_891.jpg,right_2025_04_30_18_13_45_891.jpg,0.0
center_2025_04_30_18_13_45_938.jpg,left_2025_04_30_18_13_45_938.jpg,right_2025_04_30_18_13_45_938.jpg,0.0
center_2025_04_30_18_13_45_984.jpg,left_2025_04_30_18_13_45_984.jpg,right_2025_04_30_18_13_45_984.jpg,0.0
center_2025_04_30_18_13_46_030.jpg,left_2025_04_30_18_13_46_030.jpg,right_2025_04_30_18_13_46_030.jpg,0.0
center_2025_04_30_18_13_46_077.jpg,left_2025_04_30_18_13_46_077.jpg,right_2025_04_30_18_13_46_077.jpg,0.0
center_2025_04_30_18_13_46_129.jpg,left_2025_04_30_18_13_46_129.jpg,right_2025_04_30_18_13_46_129.jpg,0.0
center_2025_04_30_18_13_46_170.jpg,left_2025_04_30_18_13_46_170.jpg,right_2025_04_30_18_13_46_170.jpg,0.0
center_2025_04_30_18_13_46_220.jpg,left_2025_04_30_18_13_46_220.jpg,right_2025_04_30_18_13_46_220.jpg,0.0
center_2025_04_30_18_13_46_264.jpg,left_2025_04_30_18_13_46_264.jpg,right_2025_04_30_18_13_46_264.jpg,0.0
center_2025_04_30_18_13_46_313.jpg,left_2025_04_30_18_13_46_313.jpg,right_2025_04_30_18_13_46_313.jpg,0.0
center_2025_04_30_18_13_46_357.jpg,left_2025_04_30_18_13_46_357.jpg,right_2025_04_30_18_13_46_357.jpg,0.0
center_2025_04_30_18_13_46_406.jpg,left_2025_04_30_18_13_46_406.jpg,right_2025_04_30_18_13_46_406.jpg,0.0
center_2025_04_30_18_13_46_448.jpg,left_2025_04_30_18_13_46_448.jpg,right_2025_04_30_18_13_46_448.jpg,0.0
center_2025_04_30_18_13_46_499.jpg,left_2025_04_30_18_13_46_499.jpg,right_2025_04_30_18_13_46_499.jpg,0.0
center_2025_04_30_18_13_46_543.jpg,left_2025_04_30_18_13_46_543.jpg,right_2025_04_30_18_13_46_543.jpg,0.0
center_2025_04_30_18_13_46_591.jpg,left_2025_04_30_18_13_46_591.jpg,right_2025_04_30_18_13_46_591.jpg,0.0
center_2025_04_30_18_13_46_635.jpg,left_2025_04_30_18_13_46_635.jpg,right_2025_04_30_18_13_46_635.jpg,0.0
center_2025_04_30_18_13_46_684.jpg,left_2025_04_30_18_13_46_684.jpg,right_2025_04_30_18_13_46_684.jpg,0.0
center_2025_04_30_18_13_46_729.jpg,left_2025_04_30_18_13_46_729.jpg,right_2025_04_30_18_13_46_729.jpg,0.0
center_2025_04_30_18_13_46_777.jpg,left_2025_04_30_18_13_46_777.jpg,right_2025_04_30_18_13_46_777.jpg,0.0
center_2025_04_30_18_13_46_828.jpg,left_2025_04_30_18_13_46_828.jpg,right_2025_04_30_18_13_46_828.jpg,0.0
center_2025_04_30_18_13_46_871.jpg,left_2025_04_30_18_13_46_871.jpg,right_2025_04_30_18_13_46_871.jpg,0.0
center_2025_04_30_18_13_46_921.jpg,left_2025_04_30_18_13_46_921.jpg,right_2025_04_30_18_13_46_921.jpg,0.0
center_2025_04_30_18_13_46_965.jpg,left_2025_04_30_18_13_46_965.jpg,right_2025_04_30_18_13_46_965.jpg,0.0
center_2025_04_30_18_13_47_014.jpg,left_2025_04_30_18_13_47_014.jpg,right_2025_04_30_18_13_47_014.jpg,0.0
center_2025_04_30_18_13_47_057.jpg,left_2025_04_30_18_13_47_057.jpg,right_2025_04_30_18_13_47_057.jpg,0.0
center_2025_04_30_18_13_47_107.jpg,left_2025_04_30_18_13_47_107.jpg,right_2025_04_30_18_13_47_107.jpg,0.0
center_2025_04_30_18_13_47_151.jpg,left_2025_04_30_18_13_47_151.jpg,right_2025_04_30_18_13_47_151.jpg,0.0
center_2025_04_30_18_13_47_199.jpg,left_2025_04_30_18_13_47_199.jpg,right_2025_04_30_18_13_47_199.jpg,0.0
center_2025_04_30_18_13_47_244.jpg,left_2025_04_30_18_13_47_244.jpg,right_2025_04_30_18_13_47_244.jpg,0.0
center_2025_04_30_18_13_47_291.jpg,left_2025_04_30_18_13_47_291.jpg,right_2025_04_30_18_13_47_291.jpg,0.0
center_2025_04_30_18_13_47_343.jpg,left_2025_04_30_18_13_47_343.jpg,right_2025_04_30_18_13_47_343.jpg,0.0
center_2025_04_30_18_13_47_386.jpg,left_2025_04_30_18_13_47_386.jpg,right_2025_04_30_18_13_47_386.jpg,0.0
center_2025_04_30_18_13_47_437.jpg,left_2025_04_30_18_13_47_437.jpg,right_2025_04_30_18_13_47_437.jpg,0.0
center_2025_04_30_18_13_47_481.jpg,left_2025_04_30_18_13_47_481.jpg,right_2025_04_30_18_13_47_481.jpg,0.0
center_2025_04_30_18_13_47_529.jpg,left_2025_04_30_18_13_47_529.jpg,right_2025_04_30_18_13_47_529.jpg,0.0
center_2025_04_30_18_13_47_575.jpg,left_2025_04_30_18_13_47_575.jpg,right_2025_04_30_18_13_47_575.jpg,0.0
center_2025_04_30_18_13_47_623.jpg,left_2025_04_30_18_13_47_623.jpg,right_2025_04_30_18_13_47_623.jpg,0.0
center_2025_04_30_18_13_47_668.jpg,left_2025_04_30_18_13_47_668.jpg,right_2025_04_30_18_13_47_668.jpg,0.0
center_2025_04_30_18_13_47_715.jpg,left_2025_04_30_18_13_47_715.jpg,right_2025_04_30_18_13_47_715.jpg,0.0
center_2025_04_30_18_13_47_767.jpg,left_2025_04_30_18_13_47_767.jpg,right_2025_04_30_18_13_47_767.jpg,0.0
center_2025_04_30_18_13_47_808.jpg,left_2025_04_30_18_13_47_808.jpg,right_2025_04_30_18_13_47_808.jpg,0.0
center_2025_04_30_18_13_47_855.jpg,left_2025_04_30_18_13_47_855.jpg,right_2025_04_30_18_13_47_855.jpg,0.0
center_2025_04_30_18_13_47_908.jpg,left_2025_04_30_18_13_47_908.jpg,right_2025_04_30_18_13_47_908.jpg,0.0
center_2025_04_30_18_13_47_952.jpg,left_2025_04_30_18_13_47_952.jpg,right_2025_04_30_18_13_47_952.jpg,0.0
center_2025_04_30_18_13_47_995.jpg,left_2025_04_30_18_13_47_995.jpg,right_2025_04_30_18_13_47_995.jpg,0.0
center_2025_04_30_18_13_48_045.jpg,left_2025_04_30_18_13_48_045.jpg,right_2025_04_30_18_13_48_045.jpg,0.0
center_2025_04_30_18_13_48_091.jpg,left_2025_04_30_18_13_48_091.jpg,right_2025_04_30_18_13_48_091.jpg,0.0
center_2025_04_30_18_13_48_139.jpg,left_2025_04_30_18_13_48_139.jpg,right_2025_04_30_18_13_48_139.jpg,0.0
center_2025_04_30_18_13_48_183.jpg,left_2025_04_30_18_13_48_183.jpg,right_2025_04_30_18_13_48_183.jpg,0.0
center_2025_04_30_18_13_48_230.jpg,left_2025_04_30_18_13_48_230.jpg,right_2025_04_30_18_13_48_230.jpg,0.0
center_2025_04_30_18_13_48_276.jpg,left_2025_04_30_18_13_48_276.jpg,right_2025_04_30_18_13_48_276.jpg,0.0
center_2025_04_30_18_13_48_323.jpg,left_2025_04_30_18_13_48_323.jpg,right_2025_04_30_18_13_48_323.jpg,0.0
center_2025_04_30_18_13_48_369.jpg,left_2025_04_30_18_13_48_369.jpg,right_2025_04_30_18_13_48_369.jpg,0.0
center_2025_04_30_18_13_48_417.jpg,left_2025_04_30_18_13_48_417.jpg,right_2025_04_30_18_13_48_417.jpg,0.0
center_2025_04_30_18_13_48_467.jpg,left_2025_04_30_18_13_48_467.jpg,right_2025_04_30_18_13_48_467.jpg,-0.0096
center_2025_04_30_18_13_48_508.jpg,left_2025_04_30_18_13_48_508.jpg,right_2025_04_30_18_13_48_508.jpg,-0.0226
center_2025_04_30_18_13_48_560.jpg,left_2025_04_30_18_13_48_560.jpg,right_2025_04_30_18_13_48_560.jpg,-0.0376
center_2025_04_30_18_13_48_603.jpg,left_2025_04_30_18_13_48_603.jpg,right_2025_04_30_18_13_48_603.jpg,-0.0543
center_2025_04_30_18_13_48_653.jpg,left_2025_04_30_18_13_48_653.jpg,right_2025_04_30_18_13_48_653.jpg,-0.0747
center_2025_04_30_18_13_48_696.jpg,left_2025_04_30_18_13_48_696.jpg,right_2025_04_30_18_13_48_696.jpg,-0.0858
center_2025_04_30_18_13_48_745.jpg,left_2025_04_30_18_13_48_745.jpg,right_2025_04_30_18_13_48_745.jpg,-0.0937
center_2025_04_30_18_13_48_791.jpg,left_2025_04_30_18_13_48_791.jpg,right_2025_04_30_18_13_48_791.jpg,-0.0999
center_2025_04_30_18_13_48_838.jpg,left_2025_04_30_18_13_48_838.jpg,right_2025_04_30_18_13_48_838.jpg,-0.1053
center_2025_04_30_18_13_48_885.jpg,left_2025_04_30_18_13_48_885.jpg,right_2025_04_30_18_13_48_885.jpg,-0.109
center_2025_04_30_18_13_48_931.jpg,left_2025_04_30_18_13_48_931.jpg,right_2025_04_30_18_13_48_931.jpg,-0.1155
center_2025_04_30_18_13_48_983.jpg,left_2025_04_30_18_13_48_983.jpg,right_2025_04_30_18_13_48_983.jpg,-0.1251
center_2025_04_30_18_13_49_026.jpg,left_2025_04_30_18_13_49_026.jpg,right_2025_04_30_18_13_49_026.jpg,-0.1375
center_2025_04_30_18_13_49_076.jpg,left_2025_04_30_18_13_49_076.jpg,right_2025_04_30_18_13_49_076.jpg,-0.152
center_2025_04_30_18_13_49_119.jpg,left_2025_04_30_18_13_49_119.jpg,right_2025_04_30_18_13_49_119.jpg,-0.1675
center_2025_04_30_18_13_49_168.jpg,left_2025_04_30_18_13_49_168.jpg,right_2025_04_30_18_13_49_168.jpg,-0.1814
center_2025_04_30_18_13_49_212.jpg,left_2025_04_30_18_13_49_212.jpg,right_2025_04_30_18_13_49_212.jpg,-0.195
center_2025_04_30_18_13_49_261.jpg,left_2025_04_30_18_13_49_261.jpg,right_2025_04_30_18_13_49_261.jpg,-0.2063
center_2025_04_30_18_13_49_307.jpg,left_2025_04_30_18_13_49_307.jpg,right_2025_04_30_18_13_49_307.jpg,-0.2151
center_2025_04_30_18_13_49_353.jpg,left_2025_04_30_18_13_49_353.jpg,right_2025_04_30_18_13_49_353.jpg,-0.221
center_2025_04_30_18_13_49_406.jpg,left_2025_04_30_18_13_49_406.jpg,right_2025_04_30_18_13_49_406.jpg,-0.2261
center_2025_04_30_18_13_49_447.jpg,left_2025_04_30_18_13_49_447.jpg,right_2025_04_30_18_13_49_447.jpg,-0.2284
center_2025_04_30_18_13_49_498.jpg,left_2025_04_30_18_13_49_498.jpg,right_2025_04_30_18_13_49_498.jpg,-0.2301
center_2025_04_30_18_13_49_541.jpg,left_2025_04_30_18_13_49_541.jpg,right_2025_04_30_18_13_49_541.jpg,-0.2318
center_2025_04_30_18_13_49_591.jpg,left_2025_04_30_18_13_49_591.jpg,right_2025_04_30_18_13_49_591.jpg,-0.2335
center_2025_04_30_18_13_49_633.jpg,left_2025_04_30_18_13_49_633.jpg,right_2025_04_30_18_13_49_633.jpg,-0.2346
center_2025_04_30_18_13_49_683.jpg,left_2025_04_30_18_13_49_683.jpg,right_2025_04_30_18_13_49_683.jpg,-0.2355
center_2025_04_30_18_13_49_727.jpg,left_2025_04_30_18_13_49_727.jpg,right_2025_04_30_18_13_49_727.jpg,-0.2363
center_2025_04_30_18_13_49_781.jpg,left_2025_04_30_18_13_49_781.jpg,right_2025_04_30_18_13_49_781.jpg,-0.2369
center_2025_04_30_18_13_49_821.jpg,left_2025_04_30_18_13_49_821.jpg,right_2025_04_30_18_13_49_821.jpg,-0.2374
center_2025_04_30_18_13_49_869.jpg,left_2025_04_30_18_13_49_869.jpg,right_2025_04_30_18_13_49_869.jpg,-0.238
center_2025_04_30_18_13_49_914.jpg,left_2025_04_30_18_13_49_914.jpg,right_2025_04_30_18_13_49_914.jpg,-0.2386
center_2025_04_30_18_13_49_962.jpg,left_2025_04_30_18_13_49_962.jpg,right_2025_04_30_18_13_49_962.jpg,-0.2389
center_2025_04_30_18_13_50_008.jpg,left_2025_04_30_18_13_50_008.jpg,right_2025_04_30_18_13_50_008.jpg,-0.2392
center_2025_04_30_18_13_50_055.jpg,left_2025_04_30_18_13_50_055.jpg,right_2025_04_30_18_13_50_055.jpg,-0.2392
center_2025_04_30_18_13_50_115.jpg,left_2025_04_30_18_13_50_115.jpg,right_2025_04_30_18_13_50_115.jpg,-0.2392
center_2025_04_30_18_13_50_182.jpg,left_2025_04_30_18_13_50_182.jpg,right_2025_04_30_18_13_50_182.jpg,-0.2395
center_2025_04_30_18_13_50_209.jpg,left_2025_04_30_18_13_50_209.jpg,right_2025_04_30_18_13_50_209.jpg,-0.2398
center_2025_04_30_18_13_50_256.jpg,left_2025_04_30_18_13_50_256.jpg,right_2025_04_30_18_13_50_256.jpg,-0.24
center_2025_04_30_18_13_50_302.jpg,left_2025_04_30_18_13_50_302.jpg,right_2025_04_30_18_13_50_302.jpg,-0.24
center_2025_04_30_18_13_50_353.jpg,left_2025_04_30_18_13_50_353.jpg,right_2025_04_30_18_13_50_353.jpg,-0.2403
center_2025_04_30_18_13_50_398.jpg,left_2025_04_30_18_13_50_398.jpg,right_2025_04_30_18_13_50_398.jpg,-0.2403
center_2025_04_30_18_13_50_455.jpg,left_2025_04_30_18_13_50_455.jpg,right_2025_04_30_18_13_50_455.jpg,-0.2403
center_2025_04_30_18_13_50_491.jpg,left_2025_04_30_18_13_50_491.jpg,right_2025_04_30_18_13_50_491.jpg,-0.2403
center_2025_04_30_18_13_50_538.jpg,left_2025_04_30_18_13_50_538.jpg,right_2025_04_30_18_13_50_538.jpg,-0.2409
center_2025_04_30_18_13_50_584.jpg,left_2025_04_30_18_13_50_584.jpg,right_2025_04_30_18_13_50_584.jpg,-0.2409
center_2025_04_30_18_13_50_631.jpg,left_2025_04_30_18_13_50_631.jpg,right_2025_04_30_18_13_50_631.jpg,-0.2409
center_2025_04_30_18_13_50_683.jpg,left_2025_04_30_18_13_50_683.jpg,right_2025_04_30_18_13_50_683.jpg,-0.2412
center_2025_04_30_18_13_50_726.jpg,left_2025_04_30_18_13_50_726.jpg,right_2025_04_30_18_13_50_726.jpg,-0.2412
center_2025_04_30_18_13_50_776.jpg,left_2025_04_30_18_13_50_776.jpg,right_2025_04_30_18_13_50_776.jpg,-0.2412
center_2025_04_30_18_13_50_841.jpg,left_2025_04_30_18_13_50_841.jpg,right_2025_04_30_18_13_50_841.jpg,-0.2414
center_2025_04_30_18_13_50_869.jpg,left_2025_04_30_18_13_50_869.jpg,right_2025_04_30_18_13_50_869.jpg,-0.2417
center_2025_04_30_18_13_50_915.jpg,left_2025_04_30_18_13_50_915.jpg,right_2025_04_30_18_13_50_915.jpg,-0.2417
center_2025_04_30_18_13_50_961.jpg,left_2025_04_30_18_13_50_961.jpg,right_2025_04_30_18_13_50_961.jpg,-0.242
center_2025_04_30_18_13_51_009.jpg,left_2025_04_30_18_13_51_009.jpg,right_2025_04_30_18_13_51_009.jpg,-0.242
center_2025_04_30_18_13_51_055.jpg,left_2025_04_30_18_13_51_055.jpg,right_2025_04_30_18_13_51_055.jpg,-0.242
center_2025_04_30_18_13_51_100.jpg,left_2025_04_30_18_13_51_100.jpg,right_2025_04_30_18_13_51_100.jpg,-0.242
center_2025_04_30_18_13_51_146.jpg,left_2025_04_30_18_13_51_146.jpg,right_2025_04_30_18_13_51_146.jpg,-0.242
center_2025_04_30_18_13_51_208.jpg,left_2025_04_30_18_13_51_208.jpg,right_2025_04_30_18_13_51_208.jpg,-0.242
center_2025_04_30_18_13_51_240.jpg,left_2025_04_30_18_13_51_240.jpg,right_2025_04_30_18_13_51_240.jpg,-0.242
center_2025_04_30_18_13_51_286.jpg,left_2025_04_30_18_13_51_286.jpg,right_2025_04_30_18_13_51_286.jpg,-0.242
center_2025_04_30_18_13_51_333.jpg,left_2025_04_30_18_13_51_333.jpg,right_2025_04_30_18_13_51_333.jpg,-0.242
center_2025_04_30_18_13_51_385.jpg,left_2025_04_30_18_13_51_385.jpg,right_2025_04_30_18_13_51_385.jpg,-0.242
center_2025_04_30_18_13_51_446.jpg,left_2025_04_30_18_13_51_446.jpg,right_2025_04_30_18_13_51_446.jpg,-0.242
center_2025_04_30_18_13_51_477.jpg,left_2025_04_30_18_13_51_477.jpg,right_2025_04_30_18_13_51_477.jpg,-0.242
center_2025_04_30_18_13_51_521.jpg,left_2025_04_30_18_13_51_521.jpg,right_2025_04_30_18_13_51_521.jpg,-0.242
center_2025_04_30_18_13_51_576.jpg,left_2025_04_30_18_13_51_576.jpg,right_2025_04_30_18_13_51_576.jpg,-0.242
center_2025_04_30_18_13_51_613.jpg,left_2025_04_30_18_13_51_613.jpg,right_2025_04_30_18_13_51_613.jpg,-0.2403
center_2025_04_30_18_13_51_663.jpg,left_2025_04_30_18_13_51_663.jpg,right_2025_04_30_18_13_51_663.jpg,-0.2329
center_2025_04_30_18_13_51_705.jpg,left_2025_04_30_18_13_51_705.jpg,right_2025_04_30_18_13_51_705.jpg,-0.2196
center_2025_04_30_18_13_51_755.jpg,left_2025_04_30_18_13_51_755.jpg,right_2025_04_30_18_13_51_755.jpg,-0.1993
center_2025_04_30_18_13_51_801.jpg,left_2025_04_30_18_13_51_801.jpg,right_2025_04_30_18_13_51_801.jpg,-0.176
center_2025_04_30_18_13_51_848.jpg,left_2025_04_30_18_13_51_848.jpg,right_2025_04_30_18_13_51_848.jpg,-0.1517
center_2025_04_30_18_13_51_896.jpg,left_2025_04_30_18_13_51_896.jpg,right_2025_04_30_18_13_51_896.jpg,-0.1299
center_2025_04_30_18_13_51_942.jpg,left_2025_04_30_18_13_51_942.jpg,right_2025_04_30_18_13_51_942.jpg,-0.1098
center_2025_04_30_18_13_51_987.jpg,left_2025_04_30_18_13_51_987.jpg,right_2025_04_30_18_13_51_987.jpg,-0.0937
center_2025_04_30_18_13_52_034.jpg,left_2025_04_30_18_13_52_034.jpg,right_2025_04_30_18_13_52_034.jpg,-0.0685
center_2025_04_30_18_13_52_085.jpg,left_2025_04_30_18_13_52_085.jpg,right_2025_04_30_18_13_52_085.jpg,-0.0461
center_2025_04_30_18_13_52_128.jpg,left_2025_04_30_18_13_52_128.jpg,right_2025_04_30_18_13_52_128.jpg,-0.0269
center_2025_04_30_18_13_52_178.jpg,left_2025_04_30_18_13_52_178.jpg,right_2025_04_30_18_13_52_178.jpg,-0.0119
center_2025_04_30_18_13_52_222.jpg,left_2025_04_30_18_13_52_222.jpg,right_2025_04_30_18_13_52_222.jpg,0.0
center_2025_04_30_18_13_52_271.jpg,left_2025_04_30_18_13_52_271.jpg,right_2025_04_30_18_13_52_271.jpg,0.0
center_2025_04_30_18_13_52_316.jpg,left_2025_04_30_18_13_52_316.jpg,right_2025_04_30_18_13_52_316.jpg,0.0
center_2025_04_30_18_13_52_363.jpg,left_2025_04_30_18_13_52_363.jpg,right_2025_04_30_18_13_52_363.jpg,0.0
center_2025_04_30_18_13_52_408.jpg,left_2025_04_30_18_13_52_408.jpg,right_2025_04_30_18_13_52_408.jpg,0.0
center_2025_04_30_18_13_52_457.jpg,left_2025_04_30_18_13_52_457.jpg,right_2025_04_30_18_13_52_457.jpg,0.0
center_2025_04_30_18_13_52_503.jpg,left_2025_04_30_18_13_52_503.jpg,right_2025_04_30_18_13_52_503.jpg,0.0
center_2025_04_30_18_13_52_549.jpg,left_2025_04_30_18_13_52_549.jpg,right_2025_04_30_18_13_52_549.jpg,0.0
center_2025_04_30_18_13_52_594.jpg,left_2025_04_30_18_13_52_594.jpg,right_2025_04_30_18_13_52_594.jpg,0.0
center_2025_04_30_18_13_52_642.jpg,left_2025_04_30_18_13_52_642.jpg,right_2025_04_30_18_13_52_642.jpg,0.0
center_2025_04_30_18_13_52_687.jpg,left_2025_04_30_18_13_52_687.jpg,right_2025_04_30_18_13_52_687.jpg,0.0
center_2025_04_30_18_13_52_734.jpg,left_2025_04_30_18_13_52_734.jpg,right_2025_04_30_18_13_52_734.jpg,0.0
center_2025_04_30_18_13_52_786.jpg,left_2025_04_30_18_13_52_786.jpg,right_2025_04_30_18_13_52_786.jpg,0.0
center_2025_04_30_18_13_52_829.jpg,left_2025_04_30_18_13_52_829.jpg,right_2025_04_30_18_13_52_829.jpg,0.0
center_2025_04_30_18_13_52_879.jpg,left_2025_04_30_18_13_52_879.jpg,right_2025_04_30_18_13_52_879.jpg,0.0
center_2025_04_30_18_13_52_933.jpg,left_2025_04_30_18_13_52_933.jpg,right_2025_04_30_18_13_52_933.jpg,0.0
center_2025_04_30_18_13_52_971.jpg,left_2025_04_30_18_13_52_971.jpg,right_2025_04_30_18_13_52_971.jpg,0.0
center_2025_04_30_18_13_53_017.jpg,left_2025_04_30_18_13_53_017.jpg,right_2025_04_30_18_13_53_017.jpg,0.0
center_2025_04_30_18_13_53_064.jpg,left_2025_04_30_18_13_53_064.jpg,right_2025_04_30_18_13_53_064.jpg,0.0
center_2025_04_30_18_13_53_111.jpg,left_2025_04_30_18_13_53_111.jpg,right_2025_04_30_18_13_53_111.jpg,0.0
center_2025_04_30_18_13_53_158.jpg,left_2025_04_30_18_13_53_158.jpg,right_2025_04_30_18_13_53_158.jpg,0.0
center_2025_04_30_18_13_53_208.jpg,left_2025_04_30_18_13_53_208.jpg,right_2025_04_30_18_13_53_208.jpg,0.0
center_2025_04_30_18_13_53_251.jpg,left_2025_04_30_18_13_53_251.jpg,right_2025_04_30_18_13_53_251.jpg,0.0
center_2025_04_30_18_13_53_301.jpg,left_2025_04_30_18_13_53_301.jpg,right_2025_04_30_18_13_53_301.jpg,0.0
center_2025_04_30_18_13_53_346.jpg,left_2025_04_30_18_13_53_346.jpg,right_2025_04_30_18_13_53_346.jpg,0.0
center_2025_04_30_18_13_53_394.jpg,left_2025_04_30_18_13_53_394.jpg,right_2025_04_30_18_13_53_394.jpg,0.0
center_2025_04_30_18_13_53_439.jpg,left_2025_04_30_18_13_53_439.jpg,right_2025_04_30_18_13_53_439.jpg,0.0
center_2025_04_30_18_13_53_487.jpg,left_2025_04_30_18_13_53_487.jpg,right_2025_04_30_18_13_53_487.jpg,0.0
center_2025_04_30_18_13_53_532.jpg,left_2025_04_30_18_13_53_532.jpg,right_2025_04_30_18_13_53_532.jpg,0.0
center_2025_04_30_18_13_53_580.jpg,left_2025_04_30_18_13_53_580.jpg,right_2025_04_30_18_13_53_580.jpg,0.0
center_2025_04_30_18_13_53_631.jpg,left_2025_04_30_18_13_53_631.jpg,right_2025_04_30_18_13_53_631.jpg,0.0
center_2025_04_30_18_13_53_673.jpg,left_2025_04_30_18_13_53_673.jpg,right_2025_04_30_18_13_53_673.jpg,0.0
center_2025_04_30_18_13_53_724.jpg,left_2025_04_30_18_13_53_724.jpg,right_2025_04_30_18_13_53_724.jpg,0.0
center_2025_04_30_18_13_53_766.jpg,left_2025_04_30_18_13_53_766.jpg,right_2025_04_30_18_13_53_766.jpg,0.0
center_2025_04_30_18_13_53_813.jpg,left_2025_04_30_18_13_53_813.jpg,right_2025_04_30_18_13_53_813.jpg,0.0
center_2025_04_30_18_13_53_858.jpg,left_2025_04_30_18_13_53_858.jpg,right_2025_04_30_18_13_53_858.jpg,0.0
center_2025_04_30_18_13_53_904.jpg,left_2025_04_30_18_13_53_904.jpg,right_2025_04_30_18_13_53_904.jpg,0.0
center_2025_04_30_18_13_53_951.jpg,left_2025_04_30_18_13_53_951.jpg,right_2025_04_30_18_13_53_951.jpg,0.0
center_2025_04_30_18_13_53_998.jpg,left_2025_04_30_18_13_53_998.jpg,right_2025_04_30_18_13_53_998.jpg,0.0
center_2025_04_30_18_13_54_045.jpg,left_2025_04_30_18_13_54_045.jpg,right_2025_04_30_18_13_54_045.jpg,0.0
center_2025_04_30_18_13_54_095.jpg,left_2025_04_30_18_13_54_095.jpg,right_2025_04_30_18_13_54_095.jpg,0.0
center_2025_04_30_18_13_54_140.jpg,left_2025_04_30_18_13_54_140.jpg,right_2025_04_30_18_13_54_140.jpg,0.0
center_2025_04_30_18_13_54_188.jpg,left_2025_04_30_18_13_54_188.jpg,right_2025_04_30_18_13_54_188.jpg,0.0
center_2025_04_30_18_13_54_233.jpg,left_2025_04_30_18_13_54_233.jpg,right_2025_04_30_18_13_54_233.jpg,0.0
center_2025_04_30_18_13_54_280.jpg,left_2025_04_30_18_13_54_280.jpg,right_2025_04_30_18_13_54_280.jpg,0.0
center_2025_04_30_18_13_54_342.jpg,left_2025_04_30_18_13_54_342.jpg,right_2025_04_30_18_13_54_342.jpg,0.0
center_2025_04_30_18_13_54_374.jpg,left_2025_04_30_18_13_54_374.jpg,right_2025_04_30_18_13_54_374.jpg,0.0
center_2025_04_30_18_13_54_425.jpg,left_2025_04_30_18_13_54_425.jpg,right_2025_04_30_18_13_54_425.jpg,0.0
center_2025_04_30_18_13_54_469.jpg,left_2025_04_30_18_13_54_469.jpg,right_2025_04_30_18_13_54_469.jpg,0.0
center_2025_04_30_18_13_54_518.jpg,left_2025_04_30_18_13_54_518.jpg,right_2025_04_30_18_13_54_518.jpg,0.0
center_2025_04_30_18_13_54_562.jpg,left_2025_04_30_18_13_54_562.jpg,right_2025_04_30_18_13_54_562.jpg,0.0
center_2025_04_30_18_13_54_613.jpg,left_2025_04_30_18_13_54_613.jpg,right_2025_04_30_18_13_54_613.jpg,0.0
center_2025_04_30_18_13_54_655.jpg,left_2025_04_30_18_13_54_655.jpg,right_2025_04_30_18_13_54_655.jpg,0.0
center_2025_04_30_18_13_54_711.jpg,left_2025_04_30_18_13_54_711.jpg,right_2025_04_30_18_13_54_711.jpg,0.0
center_2025_04_30_18_13_54_746.jpg,left_2025_04_30_18_13_54_746.jpg,right_2025_04_30_18_13_54_746.jpg,0.0
center_2025_04_30_18_13_54_797.jpg,left_2025_04_30_18_13_54_797.jpg,right_2025_04_30_18_13_54_797.jpg,0.0
center_2025_04_30_18_13_54_839.jpg,left_2025_04_30_18_13_54_839.jpg,right_2025_04_30_18_13_54_839.jpg,0.0
center_2025_04_30_18_13_54_889.jpg,left_2025_04_30_18_13_54_889.jpg,right_2025_04_30_18_13_54_889.jpg,0.0
center_2025_04_30_18_13_54_950.jpg,left_2025_04_30_18_13_54_950.jpg,right_2025_04_30_18_13_54_950.jpg,0.0
center_2025_04_30_18_13_55_016.jpg,left_2025_04_30_18_13_55_016.jpg,right_2025_04_30_18_13_55_016.jpg,0.0
center_2025_04_30_18_13_55_043.jpg,left_2025_04_30_18_13_55_043.jpg,right_2025_04_30_18_13_55_043.jpg,0.0
center_2025_04_30_18_13_55_087.jpg,left_2025_04_30_18_13_55_087.jpg,right_2025_04_30_18_13_55_087.jpg,0.0
center_2025_04_30_18_13_55_136.jpg,left_2025_04_30_18_13_55_136.jpg,right_2025_04_30_18_13_55_136.jpg,0.0
center_2025_04_30_18_13_55_181.jpg,left_2025_04_30_18_13_55_181.jpg,right_2025_04_30_18_13_55_181.jpg,0.0
center_2025_04_30_18_13_55_229.jpg,left_2025_04_30_18_13_55_229.jpg,right_2025_04_30_18_13_55_229.jpg,0.0
center_2025_04_30_18_13_55_283.jpg,left_2025_04_30_18_13_55_283.jpg,right_2025_04_30_18_13_55_283.jpg,0.0
center_2025_04_30_18_13_55_335.jpg,left_2025_04_30_18_13_55_335.jpg,right_2025_04_30_18_13_55_335.jpg,0.0
center_2025_04_30_18_13_55_373.jpg,left_2025_04_30_18_13_55_373.jpg,right_2025_04_30_18_13_55_373.jpg,0.0
center_2025_04_30_18_13_55_415.jpg,left_2025_04_30_18_13_55_415.jpg,right_2025_04_30_18_13_55_415.jpg,0.0
center_2025_04_30_18_13_55_466.jpg,left_2025_04_30_18_13_55_466.jpg,right_2025_04_30_18_13_55_466.jpg,0.0
center_2025_04_30_18_13_55_510.jpg,left_2025_04_30_18_13_55_510.jpg,right_2025_04_30_18_13_55_510.jpg,0.0
center_2025_04_30_18_13_55_559.jpg,left_2025_04_30_18_13_55_559.jpg,right_2025_04_30_18_13_55_559.jpg,0.0
center_2025_04_30_18_13_55_606.jpg,left_2025_04_30_18_13_55_606.jpg,right_2025_04_30_18_13_55_606.jpg,0.0
center_2025_04_30_18_13_55_654.jpg,left_2025_04_30_18_13_55_654.jpg,right_2025_04_30_18_13_55_654.jpg,0.0
center_2025_04_30_18_13_55_697.jpg,left_2025_04_30_18_13_55_697.jpg,right_2025_04_30_18_13_55_697.jpg,0.0
center_2025_04_30_18_13_55_745.jpg,left_2025_04_30_18_13_55_745.jpg,right_2025_04_30_18_13_55_745.jpg,0.0
center_2025_04_30_18_13_55_796.jpg,left_2025_04_30_18_13_55_796.jpg,right_2025_04_30_18_13_55_796.jpg,0.0
center_2025_04_30_18_13_55_839.jpg,left_2025_04_30_18_13_55_839.jpg,right_2025_04_30_18_13_55_839.jpg,0.0
center_2025_04_30_18_13_55_889.jpg,left_2025_04_30_18_13_55_889.jpg,right_2025_04_30_18_13_55_889.jpg,0.0
center_2025_04_30_18_13_55_932.jpg,left_2025_04_30_18_13_55_932.jpg,right_2025_04_30_18_13_55_932.jpg,0.0
center_2025_04_30_18_13_55_981.jpg,left_2025_04_30_18_13_55_981.jpg,right_2025_04_30_18_13_55_981.jpg,0.0
center_2025_04_30_18_13_56_027.jpg,left_2025_04_30_18_13_56_027.jpg,right_2025_04_30_18_13_56_027.jpg,0.0
center_2025_04_30_18_13_56_075.jpg,left_2025_04_30_18_13_56_075.jpg,right_2025_04_30_18_13_56_075.jpg,0.0
center_2025_04_30_18_13_56_126.jpg,left_2025_04_30_18_13_56_126.jpg,right_2025_04_30_18_13_56_126.jpg,0.0
center_2025_04_30_18_13_56_168.jpg,left_2025_04_30_18_13_56_168.jpg,right_2025_04_30_18_13_56_168.jpg,0.0
center_2025_04_30_18_13_56_219.jpg,left_2025_04_30_18_13_56_219.jpg,right_2025_04_30_18_13_56_219.jpg,0.0
center_2025_04_30_18_13_56_263.jpg,left_2025_04_30_18_13_56_263.jpg,right_2025_04_30_18_13_56_263.jpg,0.0
center_2025_04_30_18_13_56_311.jpg,left_2025_04_30_18_13_56_311.jpg,right_2025_04_30_18_13_56_311.jpg,0.0
center_2025_04_30_18_13_56_355.jpg,left_2025_04_30_18_13_56_355.jpg,right_2025_04_30_18_13_56_355.jpg,0.0
center_2025_04_30_18_13_56_405.jpg,left_2025_04_30_18_13_56_405.jpg,right_2025_04_30_18_13_56_405.jpg,0.0
center_2025_04_30_18_13_56_448.jpg,left_2025_04_30_18_13_56_448.jpg,right_2025_04_30_18_13_56_448.jpg,0.0
center_2025_04_30_18_13_56_497.jpg,left_2025_04_30_18_13_56_497.jpg,right_2025_04_30_18_13_56_497.jpg,0.0
center_2025_04_30_18_13_56_543.jpg,left_2025_04_30_18_13_56_543.jpg,right_2025_04_30_18_13_56_543.jpg,0.0
center_2025_04_30_18_13_56_590.jpg,left_2025_04_30_18_13_56_590.jpg,right_2025_04_30_18_13_56_590.jpg,0.0
center_2025_04_30_18_13_56_641.jpg,left_2025_04_30_18_13_56_641.jpg,right_2025_04_30_18_13_56_641.jpg,0.0
center_2025_04_30_18_13_56_687.jpg,left_2025_04_30_18_13_56_687.jpg,right_2025_04_30_18_13_56_687.jpg,0.0
center_2025_04_30_18_13_56_733.jpg,left_2025_04_30_18_13_56_733.jpg,right_2025_04_30_18_13_56_733.jpg,0.0
center_2025_04_30_18_13_56_786.jpg,left_2025_04_30_18_13_56_786.jpg,right_2025_04_30_18_13_56_786.jpg,0.0
center_2025_04_30_18_13_56_829.jpg,left_2025_04_30_18_13_56_829.jpg,right_2025_04_30_18_13_56_829.jpg,0.0
center_2025_04_30_18_13_56_878.jpg,left_2025_04_30_18_13_56_878.jpg,right_2025_04_30_18_13_56_878.jpg,0.0
center_2025_04_30_18_13_56_924.jpg,left_2025_04_30_18_13_56_924.jpg,right_2025_04_30_18_13_56_924.jpg,0.0
center_2025_04_30_18_13_56_971.jpg,left_2025_04_30_18_13_56_971.jpg,right_2025_04_30_18_13_56_971.jpg,0.0
center_2025_04_30_18_13_57_017.jpg,left_2025_04_30_18_13_57_017.jpg,right_2025_04_30_18_13_57_017.jpg,0.0
center_2025_04_30_18_13_57_064.jpg,left_2025_04_30_18_13_57_064.jpg,right_2025_04_30_18_13_57_064.jpg,0.0
center_2025_04_30_18_13_57_115.jpg,left_2025_04_30_18_13_57_115.jpg,right_2025_04_30_18_13_57_115.jpg,0.0
center_2025_04_30_18_13_57_159.jpg,left_2025_04_30_18_13_57_159.jpg,right_2025_04_30_18_13_57_159.jpg,0.0
center_2025_04_30_18_13_57_208.jpg,left_2025_04_30_18_13_57_208.jpg,right_2025_04_30_18_13_57_208.jpg,0.0
center_2025_04_30_18_13_57_251.jpg,left_2025_04_30_18_13_57_251.jpg,right_2025_04_30_18_13_57_251.jpg,-0.0091
center_2025_04_30_18_13_57_300.jpg,left_2025_04_30_18_13_57_300.jpg,right_2025_04_30_18_13_57_300.jpg,-0.0204
center_2025_04_30_18_13_57_344.jpg,left_2025_04_30_18_13_57_344.jpg,right_2025_04_30_18_13_57_344.jpg,-0.0331
center_2025_04_30_18_13_57_394.jpg,left_2025_04_30_18_13_57_394.jpg,right_2025_04_30_18_13_57_394.jpg,-0.0478
center_2025_04_30_18_13_57_436.jpg,left_2025_04_30_18_13_57_436.jpg,right_2025_04_30_18_13_57_436.jpg,-0.0643
center_2025_04_30_18_13_57_486.jpg,left_2025_04_30_18_13_57_486.jpg,right_2025_04_30_18_13_57_486.jpg,-0.0739
center_2025_04_30_18_13_57_531.jpg,left_2025_04_30_18_13_57_531.jpg,right_2025_04_30_18_13_57_531.jpg,-0.0835
center_2025_04_30_18_13_57_578.jpg,left_2025_04_30_18_13_57_578.jpg,right_2025_04_30_18_13_57_578.jpg,-0.0934
center_2025_04_30_18_13_57_625.jpg,left_2025_04_30_18_13_57_625.jpg,right_2025_04_30_18_13_57_625.jpg,-0.1025
center_2025_04_30_18_13_57_672.jpg,left_2025_04_30_18_13_57_672.jpg,right_2025_04_30_18_13_57_672.jpg,-0.1118
center_2025_04_30_18_13_57_719.jpg,left_2025_04_30_18_13_57_719.jpg,right_2025_04_30_18_13_57_719.jpg,-0.1203
center_2025_04_30_18_13_57_766.jpg,left_2025_04_30_18_13_57_766.jpg,right_2025_04_30_18_13_57_766.jpg,-0.1296
center_2025_04_30_18_13_57_816.jpg,left_2025_04_30_18_13_57_816.jpg,right_2025_04_30_18_13_57_816.jpg,-0.1395
center_2025_04_30_18_13_57_860.jpg,left_2025_04_30_18_13_57_860.jpg,right_2025_04_30_18_13_57_860.jpg,-0.15
center_2025_04_30_18_13_57_908.jpg,left_2025_04_30_18_13_57_908.jpg,right_2025_04_30_18_13_57_908.jpg,-0.159
center_2025_04_30_18_13_57_951.jpg,left_2025_04_30_18_13_57_951.jpg,right_2025_04_30_18_13_57_951.jpg,-0.1667
center_2025_04_30_18_13_57_997.jpg,left_2025_04_30_18_13_57_997.jpg,right_2025_04_30_18_13_57_997.jpg,-0.1715
center_2025_04_30_18_13_58_042.jpg,left_2025_04_30_18_13_58_042.jpg,right_2025_04_30_18_13_58_042.jpg,-0.1741
center_2025_04_30_18_13_58_090.jpg,left_2025_04_30_18_13_58_090.jpg,right_2025_04_30_18_13_58_090.jpg,-0.1749
center_2025_04_30_18_13_58_137.jpg,left_2025_04_30_18_13_58_137.jpg,right_2025_04_30_18_13_58_137.jpg,-0.1752
center_2025_04_30_18_13_58_187.jpg,left_2025_04_30_18_13_58_187.jpg,right_2025_04_30_18_13_58_187.jpg,-0.1755
center_2025_04_30_18_13_58_234.jpg,left_2025_04_30_18_13_58_234.jpg,right_2025_04_30_18_13_58_234.jpg,-0.1758
center_2025_04_30_18_13_58_280.jpg,left_2025_04_30_18_13_58_280.jpg,right_2025_04_30_18_13_58_280.jpg,-0.1761
center_2025_04_30_18_13_58_325.jpg,left_2025_04_30_18_13_58_325.jpg,right_2025_04_30_18_13_58_325.jpg,-0.1761
center_2025_04_30_18_13_58_373.jpg,left_2025_04_30_18_13_58_373.jpg,right_2025_04_30_18_13_58_373.jpg,-0.1763
center_2025_04_30_18_13_58_418.jpg,left_2025_04_30_18_13_58_418.jpg,right_2025_04_30_18_13_58_418.jpg,-0.1763
center_2025_04_30_18_13_58_466.jpg,left_2025_04_30_18_13_58_466.jpg,right_2025_04_30_18_13_58_466.jpg,-0.1763
center_2025_04_30_18_13_58_509.jpg,left_2025_04_30_18_13_58_509.jpg,right_2025_04_30_18_13_58_509.jpg,-0.1761
center_2025_04_30_18_13_58_558.jpg,left_2025_04_30_18_13_58_558.jpg,right_2025_04_30_18_13_58_558.jpg,-0.1761
center_2025_04_30_18_13_58_604.jpg,left_2025_04_30_18_13_58_604.jpg,right_2025_04_30_18_13_58_604.jpg,-0.1758
center_2025_04_30_18_13_58_651.jpg,left_2025_04_30_18_13_58_651.jpg,right_2025_04_30_18_13_58_651.jpg,-0.1758
center_2025_04_30_18_13_58_703.jpg,left_2025_04_30_18_13_58_703.jpg,right_2025_04_30_18_13_58_703.jpg,-0.1755
center_2025_04_30_18_13_58_746.jpg,left_2025_04_30_18_13_58_746.jpg,right_2025_04_30_18_13_58_746.jpg,-0.1755
center_2025_04_30_18_13_58_796.jpg,left_2025_04_30_18_13_58_796.jpg,right_2025_04_30_18_13_58_796.jpg,-0.1755
center_2025_04_30_18_13_58_848.jpg,left_2025_04_30_18_13_58_848.jpg,right_2025_04_30_18_13_58_848.jpg,-0.1755
center_2025_04_30_18_13_58_888.jpg,left_2025_04_30_18_13_58_888.jpg,right_2025_04_30_18_13_58_888.jpg,-0.1755
center_2025_04_30_18_13_58_934.jpg,left_2025_04_30_18_13_58_934.jpg,right_2025_04_30_18_13_58_934.jpg,-0.1755
center_2025_04_30_18_13_58_982.jpg,left_2025_04_30_18_13_58_982.jpg,right_2025_04_30_18_13_58_982.jpg,-0.1758
center_2025_04_30_18_13_59_032.jpg,left_2025_04_30_18_13_59_032.jpg,right_2025_04_30_18_13_59_032.jpg,-0.1761
center_2025_04_30_18_13_59_076.jpg,left_2025_04_30_18_13_59_076.jpg,right_2025_04_30_18_13_59_076.jpg,-0.1761
center_2025_04_30_18_13_59_126.jpg,left_2025_04_30_18_13_59_126.jpg,right_2025_04_30_18_13_59_126.jpg,-0.1761
center_2025_04_30_18_13_59_172.jpg,left_2025_04_30_18_13_59_172.jpg,right_2025_04_30_18_13_59_172.jpg,-0.1761
center_2025_04_30_18_13_59_217.jpg,left_2025_04_30_18_13_59_217.jpg,right_2025_04_30_18_13_59_217.jpg,-0.1758
center_2025_04_30_18_13_59_265.jpg,left_2025_04_30_18_13_59_265.jpg,right_2025_04_30_18_13_59_265.jpg,-0.1758
center_2025_04_30_18_13_59_311.jpg,left_2025_04_30_18_13_59_311.jpg,right_2025_04_30_18_13_59_311.jpg,-0.1758
center_2025_04_30_18_13_59_357.jpg,left_2025_04_30_18_13_59_357.jpg,right_2025_04_30_18_13_59_357.jpg,-0.1758
center_2025_04_30_18_13_59_404.jpg,left_2025_04_30_18_13_59_404.jpg,right_2025_04_30_18_13_59_404.jpg,-0.1761
center_2025_04_30_18_13_59_448.jpg,left_2025_04_30_18_13_59_448.jpg,right_2025_04_30_18_13_59_448.jpg,-0.1761
center_2025_04_30_18_13_59_496.jpg,left_2025_04_30_18_13_59_496.jpg,right_2025_04_30_18_13_59_496.jpg,-0.1758
center_2025_04_30_18_13_59_542.jpg,left_2025_04_30_18_13_59_542.jpg,right_2025_04_30_18_13_59_542.jpg,-0.1761
center_2025_04_30_18_13_59_590.jpg,left_2025_04_30_18_13_59_590.jpg,right_2025_04_30_18_13_59_590.jpg,-0.1761
center_2025_04_30_18_13_59_635.jpg,left_2025_04_30_18_13_59_635.jpg,right_2025_04_30_18_13_59_635.jpg,-0.1758
center_2025_04_30_18_13_59_682.jpg,left_2025_04_30_18_13_59_682.jpg,right_2025_04_30_18_13_59_682.jpg,-0.1758
center_2025_04_30_18_13_59_733.jpg,left_2025_04_30_18_13_59_733.jpg,right_2025_04_30_18_13_59_733.jpg,-0.1758
center_2025_04_30_18_13_59_776.jpg,left_2025_04_30_18_13_59_776.jpg,right_2025_04_30_18_13_59_776.jpg,-0.1755
center_2025_04_30_18_13_59_827.jpg,left_2025_04_30_18_13_59_827.jpg,right_2025_04_30_18_13_59_827.jpg,-0.1755
center_2025_04_30_18_13_59_869.jpg,left_2025_04_30_18_13_59_869.jpg,right_2025_04_30_18_13_59_869.jpg,-0.1755
center_2025_04_30_18_13_59_919.jpg,left_2025_04_30_18_13_59_919.jpg,right_2025_04_30_18_13_59_919.jpg,-0.1755
center_2025_04_30_18_13_59_962.jpg,left_2025_04_30_18_13_59_962.jpg,right_2025_04_30_18_13_59_962.jpg,-0.1755
center_2025_04_30_18_14_00_012.jpg,left_2025_04_30_18_14_00_012.jpg,right_2025_04_30_18_14_00_012.jpg,-0.1755
center_2025_04_30_18_14_00_055.jpg,left_2025_04_30_18_14_00_055.jpg,right_2025_04_30_18_14_00_055.jpg,-0.1755
center_2025_04_30_18_14_00_105.jpg,left_2025_04_30_18_14_00_105.jpg,right_2025_04_30_18_14_00_105.jpg,-0.1755
center_2025_04_30_18_14_00_150.jpg,left_2025_04_30_18_14_00_150.jpg,right_2025_04_30_18_14_00_150.jpg,-0.1755
center_2025_04_30_18_14_00_198.jpg,left_2025_04_30_18_14_00_198.jpg,right_2025_04_30_18_14_00_198.jpg,-0.1755
center_2025_04_30_18_14_00_244.jpg,left_2025_04_30_18_14_00_244.jpg,right_2025_04_30_18_14_00_244.jpg,-0.1755
center_2025_04_30_18_14_00_290.jpg,left_2025_04_30_18_14_00_290.jpg,right_2025_04_30_18_14_00_290.jpg,-0.1755
center_2025_04_30_18_14_00_338.jpg,left_2025_04_30_18_14_00_338.jpg,right_2025_04_30_18_14_00_338.jpg,-0.1755
center_2025_04_30_18_14_00_384.jpg,left_2025_04_30_18_14_00_384.jpg,right_2025_04_30_18_14_00_384.jpg,-0.1755
center_2025_04_30_18_14_00_429.jpg,left_2025_04_30_18_14_00_429.jpg,right_2025_04_30_18_14_00_429.jpg,-0.1755
center_2025_04_30_18_14_00_476.jpg,left_2025_04_30_18_14_00_476.jpg,right_2025_04_30_18_14_00_476.jpg,-0.1755
center_2025_04_30_18_14_00_527.jpg,left_2025_04_30_18_14_00_527.jpg,right_2025_04_30_18_14_00_527.jpg,-0.1755
center_2025_04_30_18_14_00_571.jpg,left_2025_04_30_18_14_00_571.jpg,right_2025_04_30_18_14_00_571.jpg,-0.1755
center_2025_04_30_18_14_00_620.jpg,left_2025_04_30_18_14_00_620.jpg,right_2025_04_30_18_14_00_620.jpg,-0.1755
center_2025_04_30_18_14_00_662.jpg,left_2025_04_30_18_14_00_662.jpg,right_2025_04_30_18_14_00_662.jpg,-0.1755
center_2025_04_30_18_14_00_723.jpg,left_2025_04_30_18_14_00_723.jpg,right_2025_04_30_18_14_00_723.jpg,-0.1741
center_2025_04_30_18_14_00_756.jpg,left_2025_04_30_18_14_00_756.jpg,right_2025_04_30_18_14_00_756.jpg,-0.167
center_2025_04_30_18_14_00_805.jpg,left_2025_04_30_18_14_00_805.jpg,right_2025_04_30_18_14_00_805.jpg,-0.1489
center_2025_04_30_18_14_00_849.jpg,left_2025_04_30_18_14_00_849.jpg,right_2025_04_30_18_14_00_849.jpg,-0.1282
center_2025_04_30_18_14_00_898.jpg,left_2025_04_30_18_14_00_898.jpg,right_2025_04_30_18_14_00_898.jpg,-0.1064
center_2025_04_30_18_14_00_942.jpg,left_2025_04_30_18_14_00_942.jpg,right_2025_04_30_18_14_00_942.jpg,-0.0846
center_2025_04_30_18_14_00_991.jpg,left_2025_04_30_18_14_00_991.jpg,right_2025_04_30_18_14_00_991.jpg,-0.0662
center_2025_04_30_18_14_01_037.jpg,left_2025_04_30_18_14_01_037.jpg,right_2025_04_30_18_14_01_037.jpg,-0.0492
center_2025_04_30_18_14_01_083.jpg,left_2025_04_30_18_14_01_083.jpg,right_2025_04_30_18_14_01_083.jpg,-0.0348
center_2025_04_30_18_14_01_135.jpg,left_2025_04_30_18_14_01_135.jpg,right_2025_04_30_18_14_01_135.jpg,-0.0215
center_2025_04_30_18_14_01_178.jpg,left_2025_04_30_18_14_01_178.jpg,right_2025_04_30_18_14_01_178.jpg,-0.0096
center_2025_04_30_18_14_01_229.jpg,left_2025_04_30_18_14_01_229.jpg,right_2025_04_30_18_14_01_229.jpg,0.0
center_2025_04_30_18_14_01_271.jpg,left_2025_04_30_18_14_01_271.jpg,right_2025_04_30_18_14_01_271.jpg,0.0
center_2025_04_30_18_14_01_321.jpg,left_2025_04_30_18_14_01_321.jpg,right_2025_04_30_18_14_01_321.jpg,0.0
center_2025_04_30_18_14_01_364.jpg,left_2025_04_30_18_14_01_364.jpg,right_2025_04_30_18_14_01_364.jpg,0.0
center_2025_04_30_18_14_01_413.jpg,left_2025_04_30_18_14_01_413.jpg,right_2025_04_30_18_14_01_413.jpg,0.0
center_2025_04_30_18_14_01_459.jpg,left_2025_04_30_18_14_01_459.jpg,right_2025_04_30_18_14_01_459.jpg,0.0
center_2025_04_30_18_14_01_506.jpg,left_2025_04_30_18_14_01_506.jpg,right_2025_04_30_18_14_01_506.jpg,0.0
center_2025_04_30_18_14_01_554.jpg,left_2025_04_30_18_14_01_554.jpg,right_2025_04_30_18_14_01_554.jpg,0.0
center_2025_04_30_18_14_01_601.jpg,left_2025_04_30_18_14_01_601.jpg,right_2025_04_30_18_14_01_601.jpg,0.0
center_2025_04_30_18_14_01_652.jpg,left_2025_04_30_18_14_01_652.jpg,right_2025_04_30_18_14_01_652.jpg,0.0
center_2025_04_30_18_14_01_695.jpg,left_2025_04_30_18_14_01_695.jpg,right_2025_04_30_18_14_01_695.jpg,0.0
center_2025_04_30_18_14_01_744.jpg,left_2025_04_30_18_14_01_744.jpg,right_2025_04_30_18_14_01_744.jpg,0.0
center_2025_04_30_18_14_01_786.jpg,left_2025_04_30_18_14_01_786.jpg,right_2025_04_30_18_14_01_786.jpg,0.0
center_2025_04_30_18_14_01_835.jpg,left_2025_04_30_18_14_01_835.jpg,right_2025_04_30_18_14_01_835.jpg,0.0
center_2025_04_30_18_14_01_879.jpg,left_2025_04_30_18_14_01_879.jpg,right_2025_04_30_18_14_01_879.jpg,0.0
center_2025_04_30_18_14_01_929.jpg,left_2025_04_30_18_14_01_929.jpg,right_2025_04_30_18_14_01_929.jpg,0.0
center_2025_04_30_18_14_01_972.jpg,left_2025_04_30_18_14_01_972.jpg,right_2025_04_30_18_14_01_972.jpg,0.0
center_2025_04_30_18_14_02_022.jpg,left_2025_04_30_18_14_02_022.jpg,right_2025_04_30_18_14_02_022.jpg,0.0
center_2025_04_30_18_14_02_064.jpg,left_2025_04_30_18_14_02_064.jpg,right_2025_04_30_18_14_02_064.jpg,0.0
center_2025_04_30_18_14_02_115.jpg,left_2025_04_30_18_14_02_115.jpg,right_2025_04_30_18_14_02_115.jpg,0.0
center_2025_04_30_18_14_02_159.jpg,left_2025_04_30_18_14_02_159.jpg,right_2025_04_30_18_14_02_159.jpg,0.0
center_2025_04_30_18_14_02_208.jpg,left_2025_04_30_18_14_02_208.jpg,right_2025_04_30_18_14_02_208.jpg,0.0
center_2025_04_30_18_14_02_252.jpg,left_2025_04_30_18_14_02_252.jpg,right_2025_04_30_18_14_02_252.jpg,-0.0091
center_2025_04_30_18_14_02_300.jpg,left_2025_04_30_18_14_02_300.jpg,right_2025_04_30_18_14_02_300.jpg,-0.0204
center_2025_04_30_18_14_02_343.jpg,left_2025_04_30_18_14_02_343.jpg,right_2025_04_30_18_14_02_343.jpg,-0.0323
center_2025_04_30_18_14_02_393.jpg,left_2025_04_30_18_14_02_393.jpg,right_2025_04_30_18_14_02_393.jpg,-0.0441
center_2025_04_30_18_14_02_438.jpg,left_2025_04_30_18_14_02_438.jpg,right_2025_04_30_18_14_02_438.jpg,-0.056
center_2025_04_30_18_14_02_486.jpg,left_2025_04_30_18_14_02_486.jpg,right_2025_04_30_18_14_02_486.jpg,-0.058
center_2025_04_30_18_14_02_530.jpg,left_2025_04_30_18_14_02_530.jpg,right_2025_04_30_18_14_02_530.jpg,-0.0574
center_2025_04_30_18_14_02_578.jpg,left_2025_04_30_18_14_02_578.jpg,right_2025_04_30_18_14_02_578.jpg,-0.056
center_2025_04_30_18_14_02_621.jpg,left_2025_04_30_18_14_02_621.jpg,right_2025_04_30_18_14_02_621.jpg,-0.0543
center_2025_04_30_18_14_02_671.jpg,left_2025_04_30_18_14_02_671.jpg,right_2025_04_30_18_14_02_671.jpg,-0.0526
center_2025_04_30_18_14_02_714.jpg,left_2025_04_30_18_14_02_714.jpg,right_2025_04_30_18_14_02_714.jpg,-0.0518
center_2025_04_30_18_14_02_764.jpg,left_2025_04_30_18_14_02_764.jpg,right_2025_04_30_18_14_02_764.jpg,-0.0509
center_2025_04_30_18_14_02_840.jpg,left_2025_04_30_18_14_02_840.jpg,right_2025_04_30_18_14_02_840.jpg,-0.0503
center_2025_04_30_18_14_02_870.jpg,left_2025_04_30_18_14_02_870.jpg,right_2025_04_30_18_14_02_870.jpg,-0.0501
center_2025_04_30_18_14_02_919.jpg,left_2025_04_30_18_14_02_919.jpg,right_2025_04_30_18_14_02_919.jpg,-0.0495
center_2025_04_30_18_14_02_962.jpg,left_2025_04_30_18_14_02_962.jpg,right_2025_04_30_18_14_02_962.jpg,-0.0484
center_2025_04_30_18_14_03_012.jpg,left_2025_04_30_18_14_03_012.jpg,right_2025_04_30_18_14_03_012.jpg,-0.0385
center_2025_04_30_18_14_03_057.jpg,left_2025_04_30_18_14_03_057.jpg,right_2025_04_30_18_14_03_057.jpg,-0.0286
center_2025_04_30_18_14_03_109.jpg,left_2025_04_30_18_14_03_109.jpg,right_2025_04_30_18_14_03_109.jpg,-0.0187
center_2025_04_30_18_14_03_150.jpg,left_2025_04_30_18_14_03_150.jpg,right_2025_04_30_18_14_03_150.jpg,-0.0091
center_2025_04_30_18_14_03_197.jpg,left_2025_04_30_18_14_03_197.jpg,right_2025_04_30_18_14_03_197.jpg,0.0
center_2025_04_30_18_14_03_248.jpg,left_2025_04_30_18_14_03_248.jpg,right_2025_04_30_18_14_03_248.jpg,0.0
center_2025_04_30_18_14_03_290.jpg,left_2025_04_30_18_14_03_290.jpg,right_2025_04_30_18_14_03_290.jpg,0.0
center_2025_04_30_18_14_03_341.jpg,left_2025_04_30_18_14_03_341.jpg,right_2025_04_30_18_14_03_341.jpg,0.0
center_2025_04_30_18_14_03_385.jpg,left_2025_04_30_18_14_03_385.jpg,right_2025_04_30_18_14_03_385.jpg,0.0
center_2025_04_30_18_14_03_434.jpg,left_2025_04_30_18_14_03_434.jpg,right_2025_04_30_18_14_03_434.jpg,0.0
center_2025_04_30_18_14_03_476.jpg,left_2025_04_30_18_14_03_476.jpg,right_2025_04_30_18_14_03_476.jpg,0.0
center_2025_04_30_18_14_03_522.jpg,left_2025_04_30_18_14_03_522.jpg,right_2025_04_30_18_14_03_522.jpg,0.0
center_2025_04_30_18_14_03_568.jpg,left_2025_04_30_18_14_03_568.jpg,right_2025_04_30_18_14_03_568.jpg,0.0
center_2025_04_30_18_14_03_620.jpg,left_2025_04_30_18_14_03_620.jpg,right_2025_04_30_18_14_03_620.jpg,0.0
center_2025_04_30_18_14_03_663.jpg,left_2025_04_30_18_14_03_663.jpg,right_2025_04_30_18_14_03_663.jpg,0.0
center_2025_04_30_18_14_03_712.jpg,left_2025_04_30_18_14_03_712.jpg,right_2025_04_30_18_14_03_712.jpg,0.0
center_2025_04_30_18_14_03_757.jpg,left_2025_04_30_18_14_03_757.jpg,right_2025_04_30_18_14_03_757.jpg,0.0
center_2025_04_30_18_14_03_805.jpg,left_2025_04_30_18_14_03_805.jpg,right_2025_04_30_18_14_03_805.jpg,0.0
center_2025_04_30_18_14_03_857.jpg,left_2025_04_30_18_14_03_857.jpg,right_2025_04_30_18_14_03_857.jpg,0.0
center_2025_04_30_18_14_03_899.jpg,left_2025_04_30_18_14_03_899.jpg,right_2025_04_30_18_14_03_899.jpg,0.0
center_2025_04_30_18_14_03_949.jpg,left_2025_04_30_18_14_03_949.jpg,right_2025_04_30_18_14_03_949.jpg,0.0
center_2025_04_30_18_14_03_994.jpg,left_2025_04_30_18_14_03_994.jpg,right_2025_04_30_18_14_03_994.jpg,0.0
center_2025_04_30_18_14_04_042.jpg,left_2025_04_30_18_14_04_042.jpg,right_2025_04_30_18_14_04_042.jpg,0.0
center_2025_04_30_18_14_04_087.jpg,left_2025_04_30_18_14_04_087.jpg,right_2025_04_30_18_14_04_087.jpg,0.0
center_2025_04_30_18_14_04_135.jpg,left_2025_04_30_18_14_04_135.jpg,right_2025_04_30_18_14_04_135.jpg,0.0
center_2025_04_30_18_14_04_181.jpg,left_2025_04_30_18_14_04_181.jpg,right_2025_04_30_18_14_04_181.jpg,0.0
center_2025_04_30_18_14_04_228.jpg,left_2025_04_30_18_14_04_228.jpg,right_2025_04_30_18_14_04_228.jpg,0.0
center_2025_04_30_18_14_04_275.jpg,left_2025_04_30_18_14_04_275.jpg,right_2025_04_30_18_14_04_275.jpg,0.0
center_2025_04_30_18_14_04_320.jpg,left_2025_04_30_18_14_04_320.jpg,right_2025_04_30_18_14_04_320.jpg,0.0
center_2025_04_30_18_14_04_366.jpg,left_2025_04_30_18_14_04_366.jpg,right_2025_04_30_18_14_04_366.jpg,0.0
center_2025_04_30_18_14_04_413.jpg,left_2025_04_30_18_14_04_413.jpg,right_2025_04_30_18_14_04_413.jpg,0.0
center_2025_04_30_18_14_04_459.jpg,left_2025_04_30_18_14_04_459.jpg,right_2025_04_30_18_14_04_459.jpg,0.0
center_2025_04_30_18_14_04_506.jpg,left_2025_04_30_18_14_04_506.jpg,right_2025_04_30_18_14_04_506.jpg,0.0
center_2025_04_30_18_14_04_553.jpg,left_2025_04_30_18_14_04_553.jpg,right_2025_04_30_18_14_04_553.jpg,0.0
center_2025_04_30_18_14_04_600.jpg,left_2025_04_30_18_14_04_600.jpg,right_2025_04_30_18_14_04_600.jpg,-0.0102
center_2025_04_30_18_14_04_646.jpg,left_2025_04_30_18_14_04_646.jpg,right_2025_04_30_18_14_04_646.jpg,-0.0221
center_2025_04_30_18_14_04_692.jpg,left_2025_04_30_18_14_04_692.jpg,right_2025_04_30_18_14_04_692.jpg,-0.0385
center_2025_04_30_18_14_04_739.jpg,left_2025_04_30_18_14_04_739.jpg,right_2025_04_30_18_14_04_739.jpg,-0.0572
center_2025_04_30_18_14_04_786.jpg,left_2025_04_30_18_14_04_786.jpg,right_2025_04_30_18_14_04_786.jpg,-0.0764
center_2025_04_30_18_14_04_835.jpg,left_2025_04_30_18_14_04_835.jpg,right_2025_04_30_18_14_04_835.jpg,-0.0857
center_2025_04_30_18_14_04_879.jpg,left_2025_04_30_18_14_04_879.jpg,right_2025_04_30_18_14_04_879.jpg,-0.0937
center_2025_04_30_18_14_04_929.jpg,left_2025_04_30_18_14_04_929.jpg,right_2025_04_30_18_14_04_929.jpg,-0.0976
center_2025_04_30_18_14_04_974.jpg,left_2025_04_30_18_14_04_974.jpg,right_2025_04_30_18_14_04_974.jpg,-0.0996
center_2025_04_30_18_14_05_021.jpg,left_2025_04_30_18_14_05_021.jpg,right_2025_04_30_18_14_05_021.jpg,-0.1013
center_2025_04_30_18_14_05_065.jpg,left_2025_04_30_18_14_05_065.jpg,right_2025_04_30_18_14_05_065.jpg,-0.1027
center_2025_04_30_18_14_05_114.jpg,left_2025_04_30_18_14_05_114.jpg,right_2025_04_30_18_14_05_114.jpg,-0.1044
center_2025_04_30_18_14_05_159.jpg,left_2025_04_30_18_14_05_159.jpg,right_2025_04_30_18_14_05_159.jpg,-0.1067
center_2025_04_30_18_14_05_207.jpg,left_2025_04_30_18_14_05_207.jpg,right_2025_04_30_18_14_05_207.jpg,-0.1089
center_2025_04_30_18_14_05_259.jpg,left_2025_04_30_18_14_05_259.jpg,right_2025_04_30_18_14_05_259.jpg,-0.1112
center_2025_04_30_18_14_05_301.jpg,left_2025_04_30_18_14_05_301.jpg,right_2025_04_30_18_14_05_301.jpg,-0.114
center_2025_04_30_18_14_05_351.jpg,left_2025_04_30_18_14_05_351.jpg,right_2025_04_30_18_14_05_351.jpg,-0.1172
center_2025_04_30_18_14_05_393.jpg,left_2025_04_30_18_14_05_393.jpg,right_2025_04_30_18_14_05_393.jpg,-0.1206
center_2025_04_30_18_14_05_444.jpg,left_2025_04_30_18_14_05_444.jpg,right_2025_04_30_18_14_05_444.jpg,-0.1268
center_2025_04_30_18_14_05_486.jpg,left_2025_04_30_18_14_05_486.jpg,right_2025_04_30_18_14_05_486.jpg,-0.1364
center_2025_04_30_18_14_05_531.jpg,left_2025_04_30_18_14_05_531.jpg,right_2025_04_30_18_14_05_531.jpg,-0.1486
center_2025_04_30_18_14_05_578.jpg,left_2025_04_30_18_14_05_578.jpg,right_2025_04_30_18_14_05_578.jpg,-0.1616
center_2025_04_30_18_14_05_624.jpg,left_2025_04_30_18_14_05_624.jpg,right_2025_04_30_18_14_05_624.jpg,-0.1746
center_2025_04_30_18_14_05_670.jpg,left_2025_04_30_18_14_05_670.jpg,right_2025_04_30_18_14_05_670.jpg,-0.186
center_2025_04_30_18_14_05_716.jpg,left_2025_04_30_18_14_05_716.jpg,right_2025_04_30_18_14_05_716.jpg,-0.1939
center_2025_04_30_18_14_05_764.jpg,left_2025_04_30_18_14_05_764.jpg,right_2025_04_30_18_14_05_764.jpg,-0.1987
center_2025_04_30_18_14_05_809.jpg,left_2025_04_30_18_14_05_809.jpg,right_2025_04_30_18_14_05_809.jpg,-0.2018
center_2025_04_30_18_14_05_856.jpg,left_2025_04_30_18_14_05_856.jpg,right_2025_04_30_18_14_05_856.jpg,-0.2035
center_2025_04_30_18_14_05_903.jpg,left_2025_04_30_18_14_05_903.jpg,right_2025_04_30_18_14_05_903.jpg,-0.2038
center_2025_04_30_18_14_05_950.jpg,left_2025_04_30_18_14_05_950.jpg,right_2025_04_30_18_14_05_950.jpg,-0.2038
center_2025_04_30_18_14_06_001.jpg,left_2025_04_30_18_14_06_001.jpg,right_2025_04_30_18_14_06_001.jpg,-0.2041
center_2025_04_30_18_14_06_046.jpg,left_2025_04_30_18_14_06_046.jpg,right_2025_04_30_18_14_06_046.jpg,-0.2041
center_2025_04_30_18_14_06_094.jpg,left_2025_04_30_18_14_06_094.jpg,right_2025_04_30_18_14_06_094.jpg,-0.2041
center_2025_04_30_18_14_06_137.jpg,left_2025_04_30_18_14_06_137.jpg,right_2025_04_30_18_14_06_137.jpg,-0.2041
center_2025_04_30_18_14_06_186.jpg,left_2025_04_30_18_14_06_186.jpg,right_2025_04_30_18_14_06_186.jpg,-0.2041
center_2025_04_30_18_14_06_232.jpg,left_2025_04_30_18_14_06_232.jpg,right_2025_04_30_18_14_06_232.jpg,-0.2038
center_2025_04_30_18_14_06_279.jpg,left_2025_04_30_18_14_06_279.jpg,right_2025_04_30_18_14_06_279.jpg,-0.2038
center_2025_04_30_18_14_06_325.jpg,left_2025_04_30_18_14_06_325.jpg,right_2025_04_30_18_14_06_325.jpg,-0.2038
center_2025_04_30_18_14_06_388.jpg,left_2025_04_30_18_14_06_388.jpg,right_2025_04_30_18_14_06_388.jpg,-0.2038
center_2025_04_30_18_14_06_417.jpg,left_2025_04_30_18_14_06_417.jpg,right_2025_04_30_18_14_06_417.jpg,-0.2038
center_2025_04_30_18_14_06_465.jpg,left_2025_04_30_18_14_06_465.jpg,right_2025_04_30_18_14_06_465.jpg,-0.2038
center_2025_04_30_18_14_06_510.jpg,left_2025_04_30_18_14_06_510.jpg,right_2025_04_30_18_14_06_510.jpg,-0.2038
center_2025_04_30_18_14_06_558.jpg,left_2025_04_30_18_14_06_558.jpg,right_2025_04_30_18_14_06_558.jpg,-0.2041
center_2025_04_30_18_14_06_604.jpg,left_2025_04_30_18_14_06_604.jpg,right_2025_04_30_18_14_06_604.jpg,-0.2041
center_2025_04_30_18_14_06_651.jpg,left_2025_04_30_18_14_06_651.jpg,right_2025_04_30_18_14_06_651.jpg,-0.2044
center_2025_04_30_18_14_06_697.jpg,left_2025_04_30_18_14_06_697.jpg,right_2025_04_30_18_14_06_697.jpg,-0.2044
center_2025_04_30_18_14_06_756.jpg,left_2025_04_30_18_14_06_756.jpg,right_2025_04_30_18_14_06_756.jpg,-0.2044
center_2025_04_30_18_14_06_788.jpg,left_2025_04_30_18_14_06_788.jpg,right_2025_04_30_18_14_06_788.jpg,-0.2041
center_2025_04_30_18_14_06_835.jpg,left_2025_04_30_18_14_06_835.jpg,right_2025_04_30_18_14_06_835.jpg,-0.2044
center_2025_04_30_18_14_06_880.jpg,left_2025_04_30_18_14_06_880.jpg,right_2025_04_30_18_14_06_880.jpg,-0.2041
center_2025_04_30_18_14_06_929.jpg,left_2025_04_30_18_14_06_929.jpg,right_2025_04_30_18_14_06_929.jpg,-0.2041
center_2025_04_30_18_14_06_980.jpg,left_2025_04_30_18_14_06_980.jpg,right_2025_04_30_18_14_06_980.jpg,-0.2041
center_2025_04_30_18_14_07_024.jpg,left_2025_04_30_18_14_07_024.jpg,right_2025_04_30_18_14_07_024.jpg,-0.2041
center_2025_04_30_18_14_07_072.jpg,left_2025_04_30_18_14_07_072.jpg,right_2025_04_30_18_14_07_072.jpg,-0.2038
center_2025_04_30_18_14_07_117.jpg,left_2025_04_30_18_14_07_117.jpg,right_2025_04_30_18_14_07_117.jpg,-0.2038
center_2025_04_30_18_14_07_166.jpg,left_2025_04_30_18_14_07_166.jpg,right_2025_04_30_18_14_07_166.jpg,-0.2041
center_2025_04_30_18_14_07_210.jpg,left_2025_04_30_18_14_07_210.jpg,right_2025_04_30_18_14_07_210.jpg,-0.2041
center_2025_04_30_18_14_07_258.jpg,left_2025_04_30_18_14_07_258.jpg,right_2025_04_30_18_14_07_258.jpg,-0.2041
center_2025_04_30_18_14_07_304.jpg,left_2025_04_30_18_14_07_304.jpg,right_2025_04_30_18_14_07_304.jpg,-0.2041
center_2025_04_30_18_14_07_351.jpg,left_2025_04_30_18_14_07_351.jpg,right_2025_04_30_18_14_07_351.jpg,-0.2041
center_2025_04_30_18_14_07_406.jpg,left_2025_04_30_18_14_07_406.jpg,right_2025_04_30_18_14_07_406.jpg,-0.2038
center_2025_04_30_18_14_07_445.jpg,left_2025_04_30_18_14_07_445.jpg,right_2025_04_30_18_14_07_445.jpg,-0.2038
center_2025_04_30_18_14_07_496.jpg,left_2025_04_30_18_14_07_496.jpg,right_2025_04_30_18_14_07_496.jpg,-0.2038
center_2025_04_30_18_14_07_540.jpg,left_2025_04_30_18_14_07_540.jpg,right_2025_04_30_18_14_07_540.jpg,-0.2038
center_2025_04_30_18_14_07_588.jpg,left_2025_04_30_18_14_07_588.jpg,right_2025_04_30_18_14_07_588.jpg,-0.2038
center_2025_04_30_18_14_07_631.jpg,left_2025_04_30_18_14_07_631.jpg,right_2025_04_30_18_14_07_631.jpg,-0.2038
center_2025_04_30_18_14_07_681.jpg,left_2025_04_30_18_14_07_681.jpg,right_2025_04_30_18_14_07_681.jpg,-0.2038
center_2025_04_30_18_14_07_726.jpg,left_2025_04_30_18_14_07_726.jpg,right_2025_04_30_18_14_07_726.jpg,-0.2038
center_2025_04_30_18_14_07_774.jpg,left_2025_04_30_18_14_07_774.jpg,right_2025_04_30_18_14_07_774.jpg,-0.2038
center_2025_04_30_18_14_07_819.jpg,left_2025_04_30_18_14_07_819.jpg,right_2025_04_30_18_14_07_819.jpg,-0.2038
center_2025_04_30_18_14_07_867.jpg,left_2025_04_30_18_14_07_867.jpg,right_2025_04_30_18_14_07_867.jpg,-0.2038
center_2025_04_30_18_14_07_913.jpg,left_2025_04_30_18_14_07_913.jpg,right_2025_04_30_18_14_07_913.jpg,-0.2032
center_2025_04_30_18_14_07_959.jpg,left_2025_04_30_18_14_07_959.jpg,right_2025_04_30_18_14_07_959.jpg,-0.199
center_2025_04_30_18_14_08_004.jpg,left_2025_04_30_18_14_08_004.jpg,right_2025_04_30_18_14_08_004.jpg,-0.189
center_2025_04_30_18_14_08_052.jpg,left_2025_04_30_18_14_08_052.jpg,right_2025_04_30_18_14_08_052.jpg,-0.1706
center_2025_04_30_18_14_08_098.jpg,left_2025_04_30_18_14_08_098.jpg,right_2025_04_30_18_14_08_098.jpg,-0.1505
center_2025_04_30_18_14_08_144.jpg,left_2025_04_30_18_14_08_144.jpg,right_2025_04_30_18_14_08_144.jpg,-0.1273
center_2025_04_30_18_14_08_192.jpg,left_2025_04_30_18_14_08_192.jpg,right_2025_04_30_18_14_08_192.jpg,-0.1044
center_2025_04_30_18_14_08_240.jpg,left_2025_04_30_18_14_08_240.jpg,right_2025_04_30_18_14_08_240.jpg,-0.0829
center_2025_04_30_18_14_08_285.jpg,left_2025_04_30_18_14_08_285.jpg,right_2025_04_30_18_14_08_285.jpg,-0.0606
center_2025_04_30_18_14_08_334.jpg,left_2025_04_30_18_14_08_334.jpg,right_2025_04_30_18_14_08_334.jpg,-0.0399
center_2025_04_30_18_14_08_382.jpg,left_2025_04_30_18_14_08_382.jpg,right_2025_04_30_18_14_08_382.jpg,-0.0229
center_2025_04_30_18_14_08_427.jpg,left_2025_04_30_18_14_08_427.jpg,right_2025_04_30_18_14_08_427.jpg,-0.0093
center_2025_04_30_18_14_08_474.jpg,left_2025_04_30_18_14_08_474.jpg,right_2025_04_30_18_14_08_474.jpg,0.0
center_2025_04_30_18_14_08_519.jpg,left_2025_04_30_18_14_08_519.jpg,right_2025_04_30_18_14_08_519.jpg,0.0
center_2025_04_30_18_14_08_567.jpg,left_2025_04_30_18_14_08_567.jpg,right_2025_04_30_18_14_08_567.jpg,0.0
center_2025_04_30_18_14_08_612.jpg,left_2025_04_30_18_14_08_612.jpg,right_2025_04_30_18_14_08_612.jpg,0.0
center_2025_04_30_18_14_08_659.jpg,left_2025_04_30_18_14_08_659.jpg,right_2025_04_30_18_14_08_659.jpg,0.0
center_2025_04_30_18_14_08_712.jpg,left_2025_04_30_18_14_08_712.jpg,right_2025_04_30_18_14_08_712.jpg,0.0
center_2025_04_30_18_14_08_772.jpg,left_2025_04_30_18_14_08_772.jpg,right_2025_04_30_18_14_08_772.jpg,0.0
center_2025_04_30_18_14_08_804.jpg,left_2025_04_30_18_14_08_804.jpg,right_2025_04_30_18_14_08_804.jpg,0.0
center_2025_04_30_18_14_08_867.jpg,left_2025_04_30_18_14_08_867.jpg,right_2025_04_30_18_14_08_867.jpg,0.0
center_2025_04_30_18_14_08_903.jpg,left_2025_04_30_18_14_08_903.jpg,right_2025_04_30_18_14_08_903.jpg,0.0
center_2025_04_30_18_14_08_941.jpg,left_2025_04_30_18_14_08_941.jpg,right_2025_04_30_18_14_08_941.jpg,0.0
center_2025_04_30_18_14_08_991.jpg,left_2025_04_30_18_14_08_991.jpg,right_2025_04_30_18_14_08_991.jpg,0.0
center_2025_04_30_18_14_09_035.jpg,left_2025_04_30_18_14_09_035.jpg,right_2025_04_30_18_14_09_035.jpg,0.0
center_2025_04_30_18_14_09_082.jpg,left_2025_04_30_18_14_09_082.jpg,right_2025_04_30_18_14_09_082.jpg,0.0
center_2025_04_30_18_14_09_127.jpg,left_2025_04_30_18_14_09_127.jpg,right_2025_04_30_18_14_09_127.jpg,0.0
center_2025_04_30_18_14_09_175.jpg,left_2025_04_30_18_14_09_175.jpg,right_2025_04_30_18_14_09_175.jpg,0.0
center_2025_04_30_18_14_09_235.jpg,left_2025_04_30_18_14_09_235.jpg,right_2025_04_30_18_14_09_235.jpg,0.0
center_2025_04_30_18_14_09_270.jpg,left_2025_04_30_18_14_09_270.jpg,right_2025_04_30_18_14_09_270.jpg,0.0
center_2025_04_30_18_14_09_321.jpg,left_2025_04_30_18_14_09_321.jpg,right_2025_04_30_18_14_09_321.jpg,-0.0091
center_2025_04_30_18_14_09_364.jpg,left_2025_04_30_18_14_09_364.jpg,right_2025_04_30_18_14_09_364.jpg,-0.0178
center_2025_04_30_18_14_09_413.jpg,left_2025_04_30_18_14_09_413.jpg,right_2025_04_30_18_14_09_413.jpg,-0.0266
center_2025_04_30_18_14_09_456.jpg,left_2025_04_30_18_14_09_456.jpg,right_2025_04_30_18_14_09_456.jpg,-0.0354
center_2025_04_30_18_14_09_505.jpg,left_2025_04_30_18_14_09_505.jpg,right_2025_04_30_18_14_09_505.jpg,-0.0442
center_2025_04_30_18_14_09_550.jpg,left_2025_04_30_18_14_09_550.jpg,right_2025_04_30_18_14_09_550.jpg,-0.0439
center_2025_04_30_18_14_09_604.jpg,left_2025_04_30_18_14_09_604.jpg,right_2025_04_30_18_14_09_604.jpg,-0.0442
center_2025_04_30_18_14_09_643.jpg,left_2025_04_30_18_14_09_643.jpg,right_2025_04_30_18_14_09_643.jpg,-0.0354
center_2025_04_30_18_14_09_691.jpg,left_2025_04_30_18_14_09_691.jpg,right_2025_04_30_18_14_09_691.jpg,-0.0266
center_2025_04_30_18_14_09_742.jpg,left_2025_04_30_18_14_09_742.jpg,right_2025_04_30_18_14_09_742.jpg,-0.0178
center_2025_04_30_18_14_09_786.jpg,left_2025_04_30_18_14_09_786.jpg,right_2025_04_30_18_14_09_786.jpg,-0.0091
center_2025_04_30_18_14_09_836.jpg,left_2025_04_30_18_14_09_836.jpg,right_2025_04_30_18_14_09_836.jpg,0.0
center_2025_04_30_18_14_09_879.jpg,left_2025_04_30_18_14_09_879.jpg,right_2025_04_30_18_14_09_879.jpg,0.0
center_2025_04_30_18_14_09_928.jpg,left_2025_04_30_18_14_09_928.jpg,right_2025_04_30_18_14_09_928.jpg,0.0
center_2025_04_30_18_14_09_974.jpg,left_2025_04_30_18_14_09_974.jpg,right_2025_04_30_18_14_09_974.jpg,0.0
center_2025_04_30_18_14_10_021.jpg,left_2025_04_30_18_14_10_021.jpg,right_2025_04_30_18_14_10_021.jpg,0.0
center_2025_04_30_18_14_10_065.jpg,left_2025_04_30_18_14_10_065.jpg,right_2025_04_30_18_14_10_065.jpg,0.0
center_2025_04_30_18_14_10_114.jpg,left_2025_04_30_18_14_10_114.jpg,right_2025_04_30_18_14_10_114.jpg,0.0
center_2025_04_30_18_14_10_157.jpg,left_2025_04_30_18_14_10_157.jpg,right_2025_04_30_18_14_10_157.jpg,0.0
center_2025_04_30_18_14_10_206.jpg,left_2025_04_30_18_14_10_206.jpg,right_2025_04_30_18_14_10_206.jpg,0.0
center_2025_04_30_18_14_10_251.jpg,left_2025_04_30_18_14_10_251.jpg,right_2025_04_30_18_14_10_251.jpg,0.0
center_2025_04_30_18_14_10_299.jpg,left_2025_04_30_18_14_10_299.jpg,right_2025_04_30_18_14_10_299.jpg,0.0
center_2025_04_30_18_14_10_344.jpg,left_2025_04_30_18_14_10_344.jpg,right_2025_04_30_18_14_10_344.jpg,0.0
center_2025_04_30_18_14_10_392.jpg,left_2025_04_30_18_14_10_392.jpg,right_2025_04_30_18_14_10_392.jpg,0.0
center_2025_04_30_18_14_10_437.jpg,left_2025_04_30_18_14_10_437.jpg,right_2025_04_30_18_14_10_437.jpg,0.0
center_2025_04_30_18_14_10_484.jpg,left_2025_04_30_18_14_10_484.jpg,right_2025_04_30_18_14_10_484.jpg,0.0
center_2025_04_30_18_14_10_533.jpg,left_2025_04_30_18_14_10_533.jpg,right_2025_04_30_18_14_10_533.jpg,0.0
center_2025_04_30_18_14_10_598.jpg,left_2025_04_30_18_14_10_598.jpg,right_2025_04_30_18_14_10_598.jpg,0.0
center_2025_04_30_18_14_10_624.jpg,left_2025_04_30_18_14_10_624.jpg,right_2025_04_30_18_14_10_624.jpg,0.0
center_2025_04_30_18_14_10_670.jpg,left_2025_04_30_18_14_10_670.jpg,right_2025_04_30_18_14_10_670.jpg,0.0
center_2025_04_30_18_14_10_716.jpg,left_2025_04_30_18_14_10_716.jpg,right_2025_04_30_18_14_10_716.jpg,0.0
center_2025_04_30_18_14_10_762.jpg,left_2025_04_30_18_14_10_762.jpg,right_2025_04_30_18_14_10_762.jpg,0.0
center_2025_04_30_18_14_10_809.jpg,left_2025_04_30_18_14_10_809.jpg,right_2025_04_30_18_14_10_809.jpg,0.0
center_2025_04_30_18_14_10_855.jpg,left_2025_04_30_18_14_10_855.jpg,right_2025_04_30_18_14_10_855.jpg,0.0
center_2025_04_30_18_14_10_902.jpg,left_2025_04_30_18_14_10_902.jpg,right_2025_04_30_18_14_10_902.jpg,0.0
center_2025_04_30_18_14_10_950.jpg,left_2025_04_30_18_14_10_950.jpg,right_2025_04_30_18_14_10_950.jpg,0.0
center_2025_04_30_18_14_10_995.jpg,left_2025_04_30_18_14_10_995.jpg,right_2025_04_30_18_14_10_995.jpg,0.0
center_2025_04_30_18_14_11_042.jpg,left_2025_04_30_18_14_11_042.jpg,right_2025_04_30_18_14_11_042.jpg,0.0
center_2025_04_30_18_14_11_086.jpg,left_2025_04_30_18_14_11_086.jpg,right_2025_04_30_18_14_11_086.jpg,0.0
center_2025_04_30_18_14_11_134.jpg,left_2025_04_30_18_14_11_134.jpg,right_2025_04_30_18_14_11_134.jpg,0.0
center_2025_04_30_18_14_11_180.jpg,left_2025_04_30_18_14_11_180.jpg,right_2025_04_30_18_14_11_180.jpg,0.0
center_2025_04_30_18_14_11_227.jpg,left_2025_04_30_18_14_11_227.jpg,right_2025_04_30_18_14_11_227.jpg,0.0
center_2025_04_30_18_14_11_285.jpg,left_2025_04_30_18_14_11_285.jpg,right_2025_04_30_18_14_11_285.jpg,0.0
center_2025_04_30_18_14_11_319.jpg,left_2025_04_30_18_14_11_319.jpg,right_2025_04_30_18_14_11_319.jpg,0.0
center_2025_04_30_18_14_11_371.jpg,left_2025_04_30_18_14_11_371.jpg,right_2025_04_30_18_14_11_371.jpg,0.0
center_2025_04_30_18_14_11_413.jpg,left_2025_04_30_18_14_11_413.jpg,right_2025_04_30_18_14_11_413.jpg,0.0
center_2025_04_30_18_14_11_459.jpg,left_2025_04_30_18_14_11_459.jpg,right_2025_04_30_18_14_11_459.jpg,0.0
center_2025_04_30_18_14_11_507.jpg,left_2025_04_30_18_14_11_507.jpg,right_2025_04_30_18_14_11_507.jpg,0.0
center_2025_04_30_18_14_11_557.jpg,left_2025_04_30_18_14_11_557.jpg,right_2025_04_30_18_14_11_557.jpg,0.0
center_2025_04_30_18_14_11_600.jpg,left_2025_04_30_18_14_11_600.jpg,right_2025_04_30_18_14_11_600.jpg,0.0
center_2025_04_30_18_14_11_652.jpg,left_2025_04_30_18_14_11_652.jpg,right_2025_04_30_18_14_11_652.jpg,0.0
center_2025_04_30_18_14_11_693.jpg,left_2025_04_30_18_14_11_693.jpg,right_2025_04_30_18_14_11_693.jpg,0.0
center_2025_04_30_18_14_11_742.jpg,left_2025_04_30_18_14_11_742.jpg,right_2025_04_30_18_14_11_742.jpg,0.0
center_2025_04_30_18_14_11_788.jpg,left_2025_04_30_18_14_11_788.jpg,right_2025_04_30_18_14_11_788.jpg,0.0
center_2025_04_30_18_14_11_835.jpg,left_2025_04_30_18_14_11_835.jpg,right_2025_04_30_18_14_11_835.jpg,0.0
center_2025_04_30_18_14_11_886.jpg,left_2025_04_30_18_14_11_886.jpg,right_2025_04_30_18_14_11_886.jpg,0.0
center_2025_04_30_18_14_11_929.jpg,left_2025_04_30_18_14_11_929.jpg,right_2025_04_30_18_14_11_929.jpg,0.0
center_2025_04_30_18_14_11_979.jpg,left_2025_04_30_18_14_11_979.jpg,right_2025_04_30_18_14_11_979.jpg,0.0
center_2025_04_30_18_14_12_024.jpg,left_2025_04_30_18_14_12_024.jpg,right_2025_04_30_18_14_12_024.jpg,0.0
center_2025_04_30_18_14_12_073.jpg,left_2025_04_30_18_14_12_073.jpg,right_2025_04_30_18_14_12_073.jpg,0.0
center_2025_04_30_18_14_12_118.jpg,left_2025_04_30_18_14_12_118.jpg,right_2025_04_30_18_14_12_118.jpg,0.0
center_2025_04_30_18_14_12_164.jpg,left_2025_04_30_18_14_12_164.jpg,right_2025_04_30_18_14_12_164.jpg,0.0
center_2025_04_30_18_14_12_213.jpg,left_2025_04_30_18_14_12_213.jpg,right_2025_04_30_18_14_12_213.jpg,0.0
center_2025_04_30_18_14_12_275.jpg,left_2025_04_30_18_14_12_275.jpg,right_2025_04_30_18_14_12_275.jpg,0.0
center_2025_04_30_18_14_12_304.jpg,left_2025_04_30_18_14_12_304.jpg,right_2025_04_30_18_14_12_304.jpg,0.0
center_2025_04_30_18_14_12_351.jpg,left_2025_04_30_18_14_12_351.jpg,right_2025_04_30_18_14_12_351.jpg,0.0
center_2025_04_30_18_14_12_397.jpg,left_2025_04_30_18_14_12_397.jpg,right_2025_04_30_18_14_12_397.jpg,0.0
center_2025_04_30_18_14_12_444.jpg,left_2025_04_30_18_14_12_444.jpg,right_2025_04_30_18_14_12_444.jpg,0.0
center_2025_04_30_18_14_12_495.jpg,left_2025_04_30_18_14_12_495.jpg,right_2025_04_30_18_14_12_495.jpg,0.0
center_2025_04_30_18_14_12_537.jpg,left_2025_04_30_18_14_12_537.jpg,right_2025_04_30_18_14_12_537.jpg,0.0
center_2025_04_30_18_14_12_588.jpg,left_2025_04_30_18_14_12_588.jpg,right_2025_04_30_18_14_12_588.jpg,0.0
center_2025_04_30_18_14_12_646.jpg,left_2025_04_30_18_14_12_646.jpg,right_2025_04_30_18_14_12_646.jpg,0.0
center_2025_04_30_18_14_12_680.jpg,left_2025_04_30_18_14_12_680.jpg,right_2025_04_30_18_14_12_680.jpg,0.0
center_2025_04_30_18_14_12_727.jpg,left_2025_04_30_18_14_12_727.jpg,right_2025_04_30_18_14_12_727.jpg,0.0
center_2025_04_30_18_14_12_772.jpg,left_2025_04_30_18_14_12_772.jpg,right_2025_04_30_18_14_12_772.jpg,0.0
center_2025_04_30_18_14_12_815.jpg,left_2025_04_30_18_14_12_815.jpg,right_2025_04_30_18_14_12_815.jpg,0.0
center_2025_04_30_18_14_12_865.jpg,left_2025_04_30_18_14_12_865.jpg,right_2025_04_30_18_14_12_865.jpg,0.0
center_2025_04_30_18_14_12_911.jpg,left_2025_04_30_18_14_12_911.jpg,right_2025_04_30_18_14_12_911.jpg,0.0
center_2025_04_30_18_14_12_959.jpg,left_2025_04_30_18_14_12_959.jpg,right_2025_04_30_18_14_12_959.jpg,0.0
center_2025_04_30_18_14_13_012.jpg,left_2025_04_30_18_14_13_012.jpg,right_2025_04_30_18_14_13_012.jpg,0.0
center_2025_04_30_18_14_13_051.jpg,left_2025_04_30_18_14_13_051.jpg,right_2025_04_30_18_14_13_051.jpg,0.0
center_2025_04_30_18_14_13_103.jpg,left_2025_04_30_18_14_13_103.jpg,right_2025_04_30_18_14_13_103.jpg,0.0
center_2025_04_30_18_14_13_145.jpg,left_2025_04_30_18_14_13_145.jpg,right_2025_04_30_18_14_13_145.jpg,0.0
center_2025_04_30_18_14_13_196.jpg,left_2025_04_30_18_14_13_196.jpg,right_2025_04_30_18_14_13_196.jpg,0.0
center_2025_04_30_18_14_13_236.jpg,left_2025_04_30_18_14_13_236.jpg,right_2025_04_30_18_14_13_236.jpg,0.0
center_2025_04_30_18_14_13_283.jpg,left_2025_04_30_18_14_13_283.jpg,right_2025_04_30_18_14_13_283.jpg,0.0
center_2025_04_30_18_14_13_330.jpg,left_2025_04_30_18_14_13_330.jpg,right_2025_04_30_18_14_13_330.jpg,0.0
center_2025_04_30_18_14_13_381.jpg,left_2025_04_30_18_14_13_381.jpg,right_2025_04_30_18_14_13_381.jpg,0.0
center_2025_04_30_18_14_13_424.jpg,left_2025_04_30_18_14_13_424.jpg,right_2025_04_30_18_14_13_424.jpg,0.0
center_2025_04_30_18_14_13_479.jpg,left_2025_04_30_18_14_13_479.jpg,right_2025_04_30_18_14_13_479.jpg,0.0
center_2025_04_30_18_14_13_515.jpg,left_2025_04_30_18_14_13_515.jpg,right_2025_04_30_18_14_13_515.jpg,0.0
center_2025_04_30_18_14_13_567.jpg,left_2025_04_30_18_14_13_567.jpg,right_2025_04_30_18_14_13_567.jpg,0.0
center_2025_04_30_18_14_13_609.jpg,left_2025_04_30_18_14_13_609.jpg,right_2025_04_30_18_14_13_609.jpg,0.0
center_2025_04_30_18_14_13_659.jpg,left_2025_04_30_18_14_13_659.jpg,right_2025_04_30_18_14_13_659.jpg,0.0
center_2025_04_30_18_14_13_703.jpg,left_2025_04_30_18_14_13_703.jpg,right_2025_04_30_18_14_13_703.jpg,-0.0105
center_2025_04_30_18_14_13_765.jpg,left_2025_04_30_18_14_13_765.jpg,right_2025_04_30_18_14_13_765.jpg,-0.0238
center_2025_04_30_18_14_13_797.jpg,left_2025_04_30_18_14_13_797.jpg,right_2025_04_30_18_14_13_797.jpg,-0.0374
center_2025_04_30_18_14_13_849.jpg,left_2025_04_30_18_14_13_849.jpg,right_2025_04_30_18_14_13_849.jpg,-0.0512
center_2025_04_30_18_14_13_890.jpg,left_2025_04_30_18_14_13_890.jpg,right_2025_04_30_18_14_13_890.jpg,-0.0659
center_2025_04_30_18_14_13_938.jpg,left_2025_04_30_18_14_13_938.jpg,right_2025_04_30_18_14_13_938.jpg,-0.0705
center_2025_04_30_18_14_13_983.jpg,left_2025_04_30_18_14_13_983.jpg,right_2025_04_30_18_14_13_983.jpg,-0.0727
center_2025_04_30_18_14_14_030.jpg,left_2025_04_30_18_14_14_030.jpg,right_2025_04_30_18_14_14_030.jpg,-0.0764
center_2025_04_30_18_14_14_076.jpg,left_2025_04_30_18_14_14_076.jpg,right_2025_04_30_18_14_14_076.jpg,-0.0815
center_2025_04_30_18_14_14_131.jpg,left_2025_04_30_18_14_14_131.jpg,right_2025_04_30_18_14_14_131.jpg,-0.0872
center_2025_04_30_18_14_14_174.jpg,left_2025_04_30_18_14_14_174.jpg,right_2025_04_30_18_14_14_174.jpg,-0.0942
center_2025_04_30_18_14_14_218.jpg,left_2025_04_30_18_14_14_218.jpg,right_2025_04_30_18_14_14_218.jpg,-0.1019
center_2025_04_30_18_14_14_267.jpg,left_2025_04_30_18_14_14_267.jpg,right_2025_04_30_18_14_14_267.jpg,-0.1084
center_2025_04_30_18_14_14_312.jpg,left_2025_04_30_18_14_14_312.jpg,right_2025_04_30_18_14_14_312.jpg,-0.1143
center_2025_04_30_18_14_14_371.jpg,left_2025_04_30_18_14_14_371.jpg,right_2025_04_30_18_14_14_371.jpg,-0.12
center_2025_04_30_18_14_14_437.jpg,left_2025_04_30_18_14_14_437.jpg,right_2025_04_30_18_14_14_437.jpg,-0.1245
center_2025_04_30_18_14_14_453.jpg,left_2025_04_30_18_14_14_453.jpg,right_2025_04_30_18_14_14_453.jpg,-0.1291
center_2025_04_30_18_14_14_499.jpg,left_2025_04_30_18_14_14_499.jpg,right_2025_04_30_18_14_14_499.jpg,-0.1341
center_2025_04_30_18_14_14_545.jpg,left_2025_04_30_18_14_14_545.jpg,right_2025_04_30_18_14_14_545.jpg,-0.1401
center_2025_04_30_18_14_14_592.jpg,left_2025_04_30_18_14_14_592.jpg,right_2025_04_30_18_14_14_592.jpg,-0.1469
center_2025_04_30_18_14_14_638.jpg,left_2025_04_30_18_14_14_638.jpg,right_2025_04_30_18_14_14_638.jpg,-0.1545
center_2025_04_30_18_14_14_690.jpg,left_2025_04_30_18_14_14_690.jpg,right_2025_04_30_18_14_14_690.jpg,-0.161
center_2025_04_30_18_14_14_735.jpg,left_2025_04_30_18_14_14_735.jpg,right_2025_04_30_18_14_14_735.jpg,-0.167
center_2025_04_30_18_14_14_783.jpg,left_2025_04_30_18_14_14_783.jpg,right_2025_04_30_18_14_14_783.jpg,-0.1724
center_2025_04_30_18_14_14_829.jpg,left_2025_04_30_18_14_14_829.jpg,right_2025_04_30_18_14_14_829.jpg,-0.1774
center_2025_04_30_18_14_14_876.jpg,left_2025_04_30_18_14_14_876.jpg,right_2025_04_30_18_14_14_876.jpg,-0.1834
center_2025_04_30_18_14_14_921.jpg,left_2025_04_30_18_14_14_921.jpg,right_2025_04_30_18_14_14_921.jpg,-0.1913
center_2025_04_30_18_14_14_968.jpg,left_2025_04_30_18_14_14_968.jpg,right_2025_04_30_18_14_14_968.jpg,-0.1998
center_2025_04_30_18_14_15_013.jpg,left_2025_04_30_18_14_15_013.jpg,right_2025_04_30_18_14_15_013.jpg,-0.2069
center_2025_04_30_18_14_15_061.jpg,left_2025_04_30_18_14_15_061.jpg,right_2025_04_30_18_14_15_061.jpg,-0.2122
center_2025_04_30_18_14_15_107.jpg,left_2025_04_30_18_14_15_107.jpg,right_2025_04_30_18_14_15_107.jpg,-0.2154
center_2025_04_30_18_14_15_154.jpg,left_2025_04_30_18_14_15_154.jpg,right_2025_04_30_18_14_15_154.jpg,-0.2168
center_2025_04_30_18_14_15_200.jpg,left_2025_04_30_18_14_15_200.jpg,right_2025_04_30_18_14_15_200.jpg,-0.2171
center_2025_04_30_18_14_15_246.jpg,left_2025_04_30_18_14_15_246.jpg,right_2025_04_30_18_14_15_246.jpg,-0.2173
center_2025_04_30_18_14_15_298.jpg,left_2025_04_30_18_14_15_298.jpg,right_2025_04_30_18_14_15_298.jpg,-0.2176
center_2025_04_30_18_14_15_342.jpg,left_2025_04_30_18_14_15_342.jpg,right_2025_04_30_18_14_15_342.jpg,-0.2179
center_2025_04_30_18_14_15_391.jpg,left_2025_04_30_18_14_15_391.jpg,right_2025_04_30_18_14_15_391.jpg,-0.2179
center_2025_04_30_18_14_15_436.jpg,left_2025_04_30_18_14_15_436.jpg,right_2025_04_30_18_14_15_436.jpg,-0.2179
center_2025_04_30_18_14_15_484.jpg,left_2025_04_30_18_14_15_484.jpg,right_2025_04_30_18_14_15_484.jpg,-0.2179
center_2025_04_30_18_14_15_529.jpg,left_2025_04_30_18_14_15_529.jpg,right_2025_04_30_18_14_15_529.jpg,-0.2179
center_2025_04_30_18_14_15_577.jpg,left_2025_04_30_18_14_15_577.jpg,right_2025_04_30_18_14_15_577.jpg,-0.2179
center_2025_04_30_18_14_15_628.jpg,left_2025_04_30_18_14_15_628.jpg,right_2025_04_30_18_14_15_628.jpg,-0.2179
center_2025_04_30_18_14_15_671.jpg,left_2025_04_30_18_14_15_671.jpg,right_2025_04_30_18_14_15_671.jpg,-0.2182
center_2025_04_30_18_14_15_722.jpg,left_2025_04_30_18_14_15_722.jpg,right_2025_04_30_18_14_15_722.jpg,-0.2182
center_2025_04_30_18_14_15_763.jpg,left_2025_04_30_18_14_15_763.jpg,right_2025_04_30_18_14_15_763.jpg,-0.2182
center_2025_04_30_18_14_15_814.jpg,left_2025_04_30_18_14_15_814.jpg,right_2025_04_30_18_14_15_814.jpg,-0.2182
center_2025_04_30_18_14_15_857.jpg,left_2025_04_30_18_14_15_857.jpg,right_2025_04_30_18_14_15_857.jpg,-0.2185
center_2025_04_30_18_14_15_907.jpg,left_2025_04_30_18_14_15_907.jpg,right_2025_04_30_18_14_15_907.jpg,-0.2182
center_2025_04_30_18_14_15_950.jpg,left_2025_04_30_18_14_15_950.jpg,right_2025_04_30_18_14_15_950.jpg,-0.2182
center_2025_04_30_18_14_16_000.jpg,left_2025_04_30_18_14_16_000.jpg,right_2025_04_30_18_14_16_000.jpg,-0.2185
center_2025_04_30_18_14_16_043.jpg,left_2025_04_30_18_14_16_043.jpg,right_2025_04_30_18_14_16_043.jpg,-0.2187
center_2025_04_30_18_14_16_093.jpg,left_2025_04_30_18_14_16_093.jpg,right_2025_04_30_18_14_16_093.jpg,-0.2187
center_2025_04_30_18_14_16_136.jpg,left_2025_04_30_18_14_16_136.jpg,right_2025_04_30_18_14_16_136.jpg,-0.2187
center_2025_04_30_18_14_16_185.jpg,left_2025_04_30_18_14_16_185.jpg,right_2025_04_30_18_14_16_185.jpg,-0.219
center_2025_04_30_18_14_16_231.jpg,left_2025_04_30_18_14_16_231.jpg,right_2025_04_30_18_14_16_231.jpg,-0.219
center_2025_04_30_18_14_16_282.jpg,left_2025_04_30_18_14_16_282.jpg,right_2025_04_30_18_14_16_282.jpg,-0.2187
center_2025_04_30_18_14_16_324.jpg,left_2025_04_30_18_14_16_324.jpg,right_2025_04_30_18_14_16_324.jpg,-0.2187
center_2025_04_30_18_14_16_370.jpg,left_2025_04_30_18_14_16_370.jpg,right_2025_04_30_18_14_16_370.jpg,-0.2187
center_2025_04_30_18_14_16_415.jpg,left_2025_04_30_18_14_16_415.jpg,right_2025_04_30_18_14_16_415.jpg,-0.2187
center_2025_04_30_18_14_16_463.jpg,left_2025_04_30_18_14_16_463.jpg,right_2025_04_30_18_14_16_463.jpg,-0.2185
center_2025_04_30_18_14_16_515.jpg,left_2025_04_30_18_14_16_515.jpg,right_2025_04_30_18_14_16_515.jpg,-0.2187
center_2025_04_30_18_14_16_557.jpg,left_2025_04_30_18_14_16_557.jpg,right_2025_04_30_18_14_16_557.jpg,-0.2187
center_2025_04_30_18_14_16_608.jpg,left_2025_04_30_18_14_16_608.jpg,right_2025_04_30_18_14_16_608.jpg,-0.2187
center_2025_04_30_18_14_16_651.jpg,left_2025_04_30_18_14_16_651.jpg,right_2025_04_30_18_14_16_651.jpg,-0.2185
center_2025_04_30_18_14_16_701.jpg,left_2025_04_30_18_14_16_701.jpg,right_2025_04_30_18_14_16_701.jpg,-0.2187
center_2025_04_30_18_14_16_744.jpg,left_2025_04_30_18_14_16_744.jpg,right_2025_04_30_18_14_16_744.jpg,-0.2185
center_2025_04_30_18_14_16_793.jpg,left_2025_04_30_18_14_16_793.jpg,right_2025_04_30_18_14_16_793.jpg,-0.2182
center_2025_04_30_18_14_16_839.jpg,left_2025_04_30_18_14_16_839.jpg,right_2025_04_30_18_14_16_839.jpg,-0.2182
center_2025_04_30_18_14_16_886.jpg,left_2025_04_30_18_14_16_886.jpg,right_2025_04_30_18_14_16_886.jpg,-0.2182
center_2025_04_30_18_14_16_932.jpg,left_2025_04_30_18_14_16_932.jpg,right_2025_04_30_18_14_16_932.jpg,-0.2179
center_2025_04_30_18_14_16_978.jpg,left_2025_04_30_18_14_16_978.jpg,right_2025_04_30_18_14_16_978.jpg,-0.2179
center_2025_04_30_18_14_17_024.jpg,left_2025_04_30_18_14_17_024.jpg,right_2025_04_30_18_14_17_024.jpg,-0.2179
center_2025_04_30_18_14_17_072.jpg,left_2025_04_30_18_14_17_072.jpg,right_2025_04_30_18_14_17_072.jpg,-0.2179
center_2025_04_30_18_14_17_123.jpg,left_2025_04_30_18_14_17_123.jpg,right_2025_04_30_18_14_17_123.jpg,-0.2182
center_2025_04_30_18_14_17_165.jpg,left_2025_04_30_18_14_17_165.jpg,right_2025_04_30_18_14_17_165.jpg,-0.2182
center_2025_04_30_18_14_17_216.jpg,left_2025_04_30_18_14_17_216.jpg,right_2025_04_30_18_14_17_216.jpg,-0.2165
center_2025_04_30_18_14_17_258.jpg,left_2025_04_30_18_14_17_258.jpg,right_2025_04_30_18_14_17_258.jpg,-0.2114
center_2025_04_30_18_14_17_308.jpg,left_2025_04_30_18_14_17_308.jpg,right_2025_04_30_18_14_17_308.jpg,-0.2007
center_2025_04_30_18_14_17_354.jpg,left_2025_04_30_18_14_17_354.jpg,right_2025_04_30_18_14_17_354.jpg,-0.1854
center_2025_04_30_18_14_17_401.jpg,left_2025_04_30_18_14_17_401.jpg,right_2025_04_30_18_14_17_401.jpg,-0.1656
center_2025_04_30_18_14_17_448.jpg,left_2025_04_30_18_14_17_448.jpg,right_2025_04_30_18_14_17_448.jpg,-0.1458
center_2025_04_30_18_14_17_493.jpg,left_2025_04_30_18_14_17_493.jpg,right_2025_04_30_18_14_17_493.jpg,-0.126
center_2025_04_30_18_14_17_538.jpg,left_2025_04_30_18_14_17_538.jpg,right_2025_04_30_18_14_17_538.jpg,-0.1095
center_2025_04_30_18_14_17_586.jpg,left_2025_04_30_18_14_17_586.jpg,right_2025_04_30_18_14_17_586.jpg,-0.0937
center_2025_04_30_18_14_17_632.jpg,left_2025_04_30_18_14_17_632.jpg,right_2025_04_30_18_14_17_632.jpg,-0.0793
center_2025_04_30_18_14_17_679.jpg,left_2025_04_30_18_14_17_679.jpg,right_2025_04_30_18_14_17_679.jpg,-0.0572
center_2025_04_30_18_14_17_725.jpg,left_2025_04_30_18_14_17_725.jpg,right_2025_04_30_18_14_17_725.jpg,-0.0385
center_2025_04_30_18_14_17_773.jpg,left_2025_04_30_18_14_17_773.jpg,right_2025_04_30_18_14_17_773.jpg,-0.0221
center_2025_04_30_18_14_17_824.jpg,left_2025_04_30_18_14_17_824.jpg,right_2025_04_30_18_14_17_824.jpg,-0.0093
center_2025_04_30_18_14_17_868.jpg,left_2025_04_30_18_14_17_868.jpg,right_2025_04_30_18_14_17_868.jpg,0.0
center_2025_04_30_18_14_17_916.jpg,left_2025_04_30_18_14_17_916.jpg,right_2025_04_30_18_14_17_916.jpg,0.0
center_2025_04_30_18_14_17_962.jpg,left_2025_04_30_18_14_17_962.jpg,right_2025_04_30_18_14_17_962.jpg,0.0
center_2025_04_30_18_14_18_010.jpg,left_2025_04_30_18_14_18_010.jpg,right_2025_04_30_18_14_18_010.jpg,0.0
center_2025_04_30_18_14_18_055.jpg,left_2025_04_30_18_14_18_055.jpg,right_2025_04_30_18_14_18_055.jpg,0.0
center_2025_04_30_18_14_18_102.jpg,left_2025_04_30_18_14_18_102.jpg,right_2025_04_30_18_14_18_102.jpg,0.0
center_2025_04_30_18_14_18_147.jpg,left_2025_04_30_18_14_18_147.jpg,right_2025_04_30_18_14_18_147.jpg,0.0
center_2025_04_30_18_14_18_195.jpg,left_2025_04_30_18_14_18_195.jpg,right_2025_04_30_18_14_18_195.jpg,0.0
center_2025_04_30_18_14_18_241.jpg,left_2025_04_30_18_14_18_241.jpg,right_2025_04_30_18_14_18_241.jpg,0.0
center_2025_04_30_18_14_18_289.jpg,left_2025_04_30_18_14_18_289.jpg,right_2025_04_30_18_14_18_289.jpg,0.0
center_2025_04_30_18_14_18_339.jpg,left_2025_04_30_18_14_18_339.jpg,right_2025_04_30_18_14_18_339.jpg,0.0
center_2025_04_30_18_14_18_382.jpg,left_2025_04_30_18_14_18_382.jpg,right_2025_04_30_18_14_18_382.jpg,0.0
center_2025_04_30_18_14_18_432.jpg,left_2025_04_30_18_14_18_432.jpg,right_2025_04_30_18_14_18_432.jpg,0.0
center_2025_04_30_18_14_18_478.jpg,left_2025_04_30_18_14_18_478.jpg,right_2025_04_30_18_14_18_478.jpg,0.0
center_2025_04_30_18_14_18_525.jpg,left_2025_04_30_18_14_18_525.jpg,right_2025_04_30_18_14_18_525.jpg,0.0
center_2025_04_30_18_14_18_576.jpg,left_2025_04_30_18_14_18_576.jpg,right_2025_04_30_18_14_18_576.jpg,0.0
center_2025_04_30_18_14_18_618.jpg,left_2025_04_30_18_14_18_618.jpg,right_2025_04_30_18_14_18_618.jpg,0.0
center_2025_04_30_18_14_18_669.jpg,left_2025_04_30_18_14_18_669.jpg,right_2025_04_30_18_14_18_669.jpg,0.0
center_2025_04_30_18_14_18_711.jpg,left_2025_04_30_18_14_18_711.jpg,right_2025_04_30_18_14_18_711.jpg,0.0
center_2025_04_30_18_14_18_761.jpg,left_2025_04_30_18_14_18_761.jpg,right_2025_04_30_18_14_18_761.jpg,0.0
center_2025_04_30_18_14_18_806.jpg,left_2025_04_30_18_14_18_806.jpg,right_2025_04_30_18_14_18_806.jpg,0.0
center_2025_04_30_18_14_18_854.jpg,left_2025_04_30_18_14_18_854.jpg,right_2025_04_30_18_14_18_854.jpg,0.0
center_2025_04_30_18_14_18_897.jpg,left_2025_04_30_18_14_18_897.jpg,right_2025_04_30_18_14_18_897.jpg,0.0
center_2025_04_30_18_14_18_948.jpg,left_2025_04_30_18_14_18_948.jpg,right_2025_04_30_18_14_18_948.jpg,0.0
center_2025_04_30_18_14_18_993.jpg,left_2025_04_30_18_14_18_993.jpg,right_2025_04_30_18_14_18_993.jpg,0.0
center_2025_04_30_18_14_19_040.jpg,left_2025_04_30_18_14_19_040.jpg,right_2025_04_30_18_14_19_040.jpg,0.0
center_2025_04_30_18_14_19_086.jpg,left_2025_04_30_18_14_19_086.jpg,right_2025_04_30_18_14_19_086.jpg,0.0
center_2025_04_30_18_14_19_134.jpg,left_2025_04_30_18_14_19_134.jpg,right_2025_04_30_18_14_19_134.jpg,0.0
center_2025_04_30_18_14_19_179.jpg,left_2025_04_30_18_14_19_179.jpg,right_2025_04_30_18_14_19_179.jpg,0.0
center_2025_04_30_18_14_19_228.jpg,left_2025_04_30_18_14_19_228.jpg,right_2025_04_30_18_14_19_228.jpg,0.0
center_2025_04_30_18_14_19_277.jpg,left_2025_04_30_18_14_19_277.jpg,right_2025_04_30_18_14_19_277.jpg,0.0
center_2025_04_30_18_14_19_323.jpg,left_2025_04_30_18_14_19_323.jpg,right_2025_04_30_18_14_19_323.jpg,0.0
center_2025_04_30_18_14_19_369.jpg,left_2025_04_30_18_14_19_369.jpg,right_2025_04_30_18_14_19_369.jpg,0.0
center_2025_04_30_18_14_19_415.jpg,left_2025_04_30_18_14_19_415.jpg,right_2025_04_30_18_14_19_415.jpg,0.0
center_2025_04_30_18_14_19_463.jpg,left_2025_04_30_18_14_19_463.jpg,right_2025_04_30_18_14_19_463.jpg,0.0
center_2025_04_30_18_14_19_514.jpg,left_2025_04_30_18_14_19_514.jpg,right_2025_04_30_18_14_19_514.jpg,0.0
center_2025_04_30_18_14_19_560.jpg,left_2025_04_30_18_14_19_560.jpg,right_2025_04_30_18_14_19_560.jpg,0.0
center_2025_04_30_18_14_19_607.jpg,left_2025_04_30_18_14_19_607.jpg,right_2025_04_30_18_14_19_607.jpg,0.0
center_2025_04_30_18_14_19_652.jpg,left_2025_04_30_18_14_19_652.jpg,right_2025_04_30_18_14_19_652.jpg,0.0
center_2025_04_30_18_14_19_699.jpg,left_2025_04_30_18_14_19_699.jpg,right_2025_04_30_18_14_19_699.jpg,0.0
center_2025_04_30_18_14_19_746.jpg,left_2025_04_30_18_14_19_746.jpg,right_2025_04_30_18_14_19_746.jpg,0.0
center_2025_04_30_18_14_19_793.jpg,left_2025_04_30_18_14_19_793.jpg,right_2025_04_30_18_14_19_793.jpg,0.0
center_2025_04_30_18_14_19_839.jpg,left_2025_04_30_18_14_19_839.jpg,right_2025_04_30_18_14_19_839.jpg,0.0
center_2025_04_30_18_14_19_886.jpg,left_2025_04_30_18_14_19_886.jpg,right_2025_04_30_18_14_19_886.jpg,0.0
center_2025_04_30_18_14_19_937.jpg,left_2025_04_30_18_14_19_937.jpg,right_2025_04_30_18_14_19_937.jpg,0.0
center_2025_04_30_18_14_19_979.jpg,left_2025_04_30_18_14_19_979.jpg,right_2025_04_30_18_14_19_979.jpg,0.0
center_2025_04_30_18_14_20_030.jpg,left_2025_04_30_18_14_20_030.jpg,right_2025_04_30_18_14_20_030.jpg,0.0
center_2025_04_30_18_14_20_073.jpg,left_2025_04_30_18_14_20_073.jpg,right_2025_04_30_18_14_20_073.jpg,0.0
center_2025_04_30_18_14_20_122.jpg,left_2025_04_30_18_14_20_122.jpg,right_2025_04_30_18_14_20_122.jpg,0.0
center_2025_04_30_18_14_20_167.jpg,left_2025_04_30_18_14_20_167.jpg,right_2025_04_30_18_14_20_167.jpg,0.0
center_2025_04_30_18_14_20_215.jpg,left_2025_04_30_18_14_20_215.jpg,right_2025_04_30_18_14_20_215.jpg,0.0
center_2025_04_30_18_14_20_261.jpg,left_2025_04_30_18_14_20_261.jpg,right_2025_04_30_18_14_20_261.jpg,0.0
center_2025_04_30_18_14_20_307.jpg,left_2025_04_30_18_14_20_307.jpg,right_2025_04_30_18_14_20_307.jpg,0.0
center_2025_04_30_18_14_20_354.jpg,left_2025_04_30_18_14_20_354.jpg,right_2025_04_30_18_14_20_354.jpg,0.0
center_2025_04_30_18_14_20_401.jpg,left_2025_04_30_18_14_20_401.jpg,right_2025_04_30_18_14_20_401.jpg,0.0
center_2025_04_30_18_14_20_451.jpg,left_2025_04_30_18_14_20_451.jpg,right_2025_04_30_18_14_20_451.jpg,0.0
center_2025_04_30_18_14_20_496.jpg,left_2025_04_30_18_14_20_496.jpg,right_2025_04_30_18_14_20_496.jpg,0.0
center_2025_04_30_18_14_20_545.jpg,left_2025_04_30_18_14_20_545.jpg,right_2025_04_30_18_14_20_545.jpg,0.0
center_2025_04_30_18_14_20_590.jpg,left_2025_04_30_18_14_20_590.jpg,right_2025_04_30_18_14_20_590.jpg,0.0
center_2025_04_30_18_14_20_638.jpg,left_2025_04_30_18_14_20_638.jpg,right_2025_04_30_18_14_20_638.jpg,0.0
center_2025_04_30_18_14_20_685.jpg,left_2025_04_30_18_14_20_685.jpg,right_2025_04_30_18_14_20_685.jpg,0.0
center_2025_04_30_18_14_20_732.jpg,left_2025_04_30_18_14_20_732.jpg,right_2025_04_30_18_14_20_732.jpg,0.0
center_2025_04_30_18_14_20_782.jpg,left_2025_04_30_18_14_20_782.jpg,right_2025_04_30_18_14_20_782.jpg,0.0
center_2025_04_30_18_14_20_826.jpg,left_2025_04_30_18_14_20_826.jpg,right_2025_04_30_18_14_20_826.jpg,0.0
center_2025_04_30_18_14_20_874.jpg,left_2025_04_30_18_14_20_874.jpg,right_2025_04_30_18_14_20_874.jpg,0.0
center_2025_04_30_18_14_20_920.jpg,left_2025_04_30_18_14_20_920.jpg,right_2025_04_30_18_14_20_920.jpg,0.0
center_2025_04_30_18_14_20_967.jpg,left_2025_04_30_18_14_20_967.jpg,right_2025_04_30_18_14_20_967.jpg,0.0
center_2025_04_30_18_14_21_015.jpg,left_2025_04_30_18_14_21_015.jpg,right_2025_04_30_18_14_21_015.jpg,0.0
center_2025_04_30_18_14_21_062.jpg,left_2025_04_30_18_14_21_062.jpg,right_2025_04_30_18_14_21_062.jpg,0.0
center_2025_04_30_18_14_21_112.jpg,left_2025_04_30_18_14_21_112.jpg,right_2025_04_30_18_14_21_112.jpg,0.0
center_2025_04_30_18_14_21_158.jpg,left_2025_04_30_18_14_21_158.jpg,right_2025_04_30_18_14_21_158.jpg,0.0
center_2025_04_30_18_14_21_205.jpg,left_2025_04_30_18_14_21_205.jpg,right_2025_04_30_18_14_21_205.jpg,0.0
center_2025_04_30_18_14_21_250.jpg,left_2025_04_30_18_14_21_250.jpg,right_2025_04_30_18_14_21_250.jpg,0.0
center_2025_04_30_18_14_21_297.jpg,left_2025_04_30_18_14_21_297.jpg,right_2025_04_30_18_14_21_297.jpg,0.0
center_2025_04_30_18_14_21_343.jpg,left_2025_04_30_18_14_21_343.jpg,right_2025_04_30_18_14_21_343.jpg,0.0
center_2025_04_30_18_14_21_392.jpg,left_2025_04_30_18_14_21_392.jpg,right_2025_04_30_18_14_21_392.jpg,0.0
center_2025_04_30_18_14_21_442.jpg,left_2025_04_30_18_14_21_442.jpg,right_2025_04_30_18_14_21_442.jpg,0.0
center_2025_04_30_18_14_21_484.jpg,left_2025_04_30_18_14_21_484.jpg,right_2025_04_30_18_14_21_484.jpg,0.0
center_2025_04_30_18_14_21_534.jpg,left_2025_04_30_18_14_21_534.jpg,right_2025_04_30_18_14_21_534.jpg,0.0
center_2025_04_30_18_14_21_580.jpg,left_2025_04_30_18_14_21_580.jpg,right_2025_04_30_18_14_21_580.jpg,0.0
center_2025_04_30_18_14_21_627.jpg,left_2025_04_30_18_14_21_627.jpg,right_2025_04_30_18_14_21_627.jpg,0.0
center_2025_04_30_18_14_21_672.jpg,left_2025_04_30_18_14_21_672.jpg,right_2025_04_30_18_14_21_672.jpg,0.0
center_2025_04_30_18_14_21_720.jpg,left_2025_04_30_18_14_21_720.jpg,right_2025_04_30_18_14_21_720.jpg,0.0
center_2025_04_30_18_14_21_765.jpg,left_2025_04_30_18_14_21_765.jpg,right_2025_04_30_18_14_21_765.jpg,0.0
center_2025_04_30_18_14_21_813.jpg,left_2025_04_30_18_14_21_813.jpg,right_2025_04_30_18_14_21_813.jpg,0.0
center_2025_04_30_18_14_21_859.jpg,left_2025_04_30_18_14_21_859.jpg,right_2025_04_30_18_14_21_859.jpg,0.0
center_2025_04_30_18_14_21_906.jpg,left_2025_04_30_18_14_21_906.jpg,right_2025_04_30_18_14_21_906.jpg,0.0
center_2025_04_30_18_14_21_956.jpg,left_2025_04_30_18_14_21_956.jpg,right_2025_04_30_18_14_21_956.jpg,-0.0091
center_2025_04_30_18_14_22_000.jpg,left_2025_04_30_18_14_22_000.jpg,right_2025_04_30_18_14_22_000.jpg,-0.0207
center_2025_04_30_18_14_22_052.jpg,left_2025_04_30_18_14_22_052.jpg,right_2025_04_30_18_14_22_052.jpg,-0.0337
center_2025_04_30_18_14_22_093.jpg,left_2025_04_30_18_14_22_093.jpg,right_2025_04_30_18_14_22_093.jpg,-0.0478
center_2025_04_30_18_14_22_142.jpg,left_2025_04_30_18_14_22_142.jpg,right_2025_04_30_18_14_22_142.jpg,-0.0631
center_2025_04_30_18_14_22_189.jpg,left_2025_04_30_18_14_22_189.jpg,right_2025_04_30_18_14_22_189.jpg,-0.0702
center_2025_04_30_18_14_22_236.jpg,left_2025_04_30_18_14_22_236.jpg,right_2025_04_30_18_14_22_236.jpg,-0.0781
center_2025_04_30_18_14_22_287.jpg,left_2025_04_30_18_14_22_287.jpg,right_2025_04_30_18_14_22_287.jpg,-0.0886
center_2025_04_30_18_14_22_330.jpg,left_2025_04_30_18_14_22_330.jpg,right_2025_04_30_18_14_22_330.jpg,-0.1008
center_2025_04_30_18_14_22_379.jpg,left_2025_04_30_18_14_22_379.jpg,right_2025_04_30_18_14_22_379.jpg,-0.1203
center_2025_04_30_18_14_22_425.jpg,left_2025_04_30_18_14_22_425.jpg,right_2025_04_30_18_14_22_425.jpg,-0.1455
center_2025_04_30_18_14_22_473.jpg,left_2025_04_30_18_14_22_473.jpg,right_2025_04_30_18_14_22_473.jpg,-0.1707
center_2025_04_30_18_14_22_519.jpg,left_2025_04_30_18_14_22_519.jpg,right_2025_04_30_18_14_22_519.jpg,-0.1939
center_2025_04_30_18_14_22_566.jpg,left_2025_04_30_18_14_22_566.jpg,right_2025_04_30_18_14_22_566.jpg,-0.2151
center_2025_04_30_18_14_22_612.jpg,left_2025_04_30_18_14_22_612.jpg,right_2025_04_30_18_14_22_612.jpg,-0.2281
center_2025_04_30_18_14_22_659.jpg,left_2025_04_30_18_14_22_659.jpg,right_2025_04_30_18_14_22_659.jpg,-0.2358
center_2025_04_30_18_14_22_723.jpg,left_2025_04_30_18_14_22_723.jpg,right_2025_04_30_18_14_22_723.jpg,-0.2403
center_2025_04_30_18_14_22_752.jpg,left_2025_04_30_18_14_22_752.jpg,right_2025_04_30_18_14_22_752.jpg,-0.2434
center_2025_04_30_18_14_22_802.jpg,left_2025_04_30_18_14_22_802.jpg,right_2025_04_30_18_14_22_802.jpg,-0.2462
center_2025_04_30_18_14_22_848.jpg,left_2025_04_30_18_14_22_848.jpg,right_2025_04_30_18_14_22_848.jpg,-0.2491
center_2025_04_30_18_14_22_895.jpg,left_2025_04_30_18_14_22_895.jpg,right_2025_04_30_18_14_22_895.jpg,-0.251
center_2025_04_30_18_14_22_939.jpg,left_2025_04_30_18_14_22_939.jpg,right_2025_04_30_18_14_22_939.jpg,-0.2527
center_2025_04_30_18_14_22_987.jpg,left_2025_04_30_18_14_22_987.jpg,right_2025_04_30_18_14_22_987.jpg,-0.2541
center_2025_04_30_18_14_23_043.jpg,left_2025_04_30_18_14_23_043.jpg,right_2025_04_30_18_14_23_043.jpg,-0.255
center_2025_04_30_18_14_23_080.jpg,left_2025_04_30_18_14_23_080.jpg,right_2025_04_30_18_14_23_080.jpg,-0.2558
center_2025_04_30_18_14_23_123.jpg,left_2025_04_30_18_14_23_123.jpg,right_2025_04_30_18_14_23_123.jpg,-0.2561
center_2025_04_30_18_14_23_174.jpg,left_2025_04_30_18_14_23_174.jpg,right_2025_04_30_18_14_23_174.jpg,-0.2564
center_2025_04_30_18_14_23_217.jpg,left_2025_04_30_18_14_23_217.jpg,right_2025_04_30_18_14_23_217.jpg,-0.2567
center_2025_04_30_18_14_23_266.jpg,left_2025_04_30_18_14_23_266.jpg,right_2025_04_30_18_14_23_266.jpg,-0.2567
center_2025_04_30_18_14_23_312.jpg,left_2025_04_30_18_14_23_312.jpg,right_2025_04_30_18_14_23_312.jpg,-0.2564
center_2025_04_30_18_14_23_359.jpg,left_2025_04_30_18_14_23_359.jpg,right_2025_04_30_18_14_23_359.jpg,-0.2564
center_2025_04_30_18_14_23_413.jpg,left_2025_04_30_18_14_23_413.jpg,right_2025_04_30_18_14_23_413.jpg,-0.2564
center_2025_04_30_18_14_23_454.jpg,left_2025_04_30_18_14_23_454.jpg,right_2025_04_30_18_14_23_454.jpg,-0.2561
center_2025_04_30_18_14_23_504.jpg,left_2025_04_30_18_14_23_504.jpg,right_2025_04_30_18_14_23_504.jpg,-0.2561
center_2025_04_30_18_14_23_548.jpg,left_2025_04_30_18_14_23_548.jpg,right_2025_04_30_18_14_23_548.jpg,-0.2561
center_2025_04_30_18_14_23_597.jpg,left_2025_04_30_18_14_23_597.jpg,right_2025_04_30_18_14_23_597.jpg,-0.2561
center_2025_04_30_18_14_23_642.jpg,left_2025_04_30_18_14_23_642.jpg,right_2025_04_30_18_14_23_642.jpg,-0.2561
center_2025_04_30_18_14_23_689.jpg,left_2025_04_30_18_14_23_689.jpg,right_2025_04_30_18_14_23_689.jpg,-0.2561
center_2025_04_30_18_14_23_733.jpg,left_2025_04_30_18_14_23_733.jpg,right_2025_04_30_18_14_23_733.jpg,-0.2561
center_2025_04_30_18_14_23_781.jpg,left_2025_04_30_18_14_23_781.jpg,right_2025_04_30_18_14_23_781.jpg,-0.2564
center_2025_04_30_18_14_23_828.jpg,left_2025_04_30_18_14_23_828.jpg,right_2025_04_30_18_14_23_828.jpg,-0.2564
center_2025_04_30_18_14_23_875.jpg,left_2025_04_30_18_14_23_875.jpg,right_2025_04_30_18_14_23_875.jpg,-0.2564
center_2025_04_30_18_14_23_921.jpg,left_2025_04_30_18_14_23_921.jpg,right_2025_04_30_18_14_23_921.jpg,-0.2564
center_2025_04_30_18_14_23_968.jpg,left_2025_04_30_18_14_23_968.jpg,right_2025_04_30_18_14_23_968.jpg,-0.2564
center_2025_04_30_18_14_24_019.jpg,left_2025_04_30_18_14_24_019.jpg,right_2025_04_30_18_14_24_019.jpg,-0.2561
center_2025_04_30_18_14_24_060.jpg,left_2025_04_30_18_14_24_060.jpg,right_2025_04_30_18_14_24_060.jpg,-0.2561
center_2025_04_30_18_14_24_106.jpg,left_2025_04_30_18_14_24_106.jpg,right_2025_04_30_18_14_24_106.jpg,-0.2561
center_2025_04_30_18_14_24_154.jpg,left_2025_04_30_18_14_24_154.jpg,right_2025_04_30_18_14_24_154.jpg,-0.2561
center_2025_04_30_18_14_24_204.jpg,left_2025_04_30_18_14_24_204.jpg,right_2025_04_30_18_14_24_204.jpg,-0.2561
center_2025_04_30_18_14_24_249.jpg,left_2025_04_30_18_14_24_249.jpg,right_2025_04_30_18_14_24_249.jpg,-0.2561
center_2025_04_30_18_14_24_298.jpg,left_2025_04_30_18_14_24_298.jpg,right_2025_04_30_18_14_24_298.jpg,-0.2564
center_2025_04_30_18_14_24_348.jpg,left_2025_04_30_18_14_24_348.jpg,right_2025_04_30_18_14_24_348.jpg,-0.2564
center_2025_04_30_18_14_24_392.jpg,left_2025_04_30_18_14_24_392.jpg,right_2025_04_30_18_14_24_392.jpg,-0.2564
center_2025_04_30_18_14_24_442.jpg,left_2025_04_30_18_14_24_442.jpg,right_2025_04_30_18_14_24_442.jpg,-0.2564
center_2025_04_30_18_14_24_504.jpg,left_2025_04_30_18_14_24_504.jpg,right_2025_04_30_18_14_24_504.jpg,-0.2564
center_2025_04_30_18_14_24_534.jpg,left_2025_04_30_18_14_24_534.jpg,right_2025_04_30_18_14_24_534.jpg,-0.2561
center_2025_04_30_18_14_24_578.jpg,left_2025_04_30_18_14_24_578.jpg,right_2025_04_30_18_14_24_578.jpg,-0.2561
center_2025_04_30_18_14_24_627.jpg,left_2025_04_30_18_14_24_627.jpg,right_2025_04_30_18_14_24_627.jpg,-0.2561
center_2025_04_30_18_14_24_672.jpg,left_2025_04_30_18_14_24_672.jpg,right_2025_04_30_18_14_24_672.jpg,-0.2561
center_2025_04_30_18_14_24_719.jpg,left_2025_04_30_18_14_24_719.jpg,right_2025_04_30_18_14_24_719.jpg,-0.2561
center_2025_04_30_18_14_24_771.jpg,left_2025_04_30_18_14_24_771.jpg,right_2025_04_30_18_14_24_771.jpg,-0.2558
center_2025_04_30_18_14_24_814.jpg,left_2025_04_30_18_14_24_814.jpg,right_2025_04_30_18_14_24_814.jpg,-0.2553
center_2025_04_30_18_14_24_873.jpg,left_2025_04_30_18_14_24_873.jpg,right_2025_04_30_18_14_24_873.jpg,-0.2519
center_2025_04_30_18_14_24_907.jpg,left_2025_04_30_18_14_24_907.jpg,right_2025_04_30_18_14_24_907.jpg,-0.2465
center_2025_04_30_18_14_24_956.jpg,left_2025_04_30_18_14_24_956.jpg,right_2025_04_30_18_14_24_956.jpg,-0.2406
center_2025_04_30_18_14_25_001.jpg,left_2025_04_30_18_14_25_001.jpg,right_2025_04_30_18_14_25_001.jpg,-0.2341
center_2025_04_30_18_14_25_049.jpg,left_2025_04_30_18_14_25_049.jpg,right_2025_04_30_18_14_25_049.jpg,-0.2261
center_2025_04_30_18_14_25_095.jpg,left_2025_04_30_18_14_25_095.jpg,right_2025_04_30_18_14_25_095.jpg,-0.2191
center_2025_04_30_18_14_25_142.jpg,left_2025_04_30_18_14_25_142.jpg,right_2025_04_30_18_14_25_142.jpg,-0.2109
center_2025_04_30_18_14_25_204.jpg,left_2025_04_30_18_14_25_204.jpg,right_2025_04_30_18_14_25_204.jpg,-0.1995
center_2025_04_30_18_14_25_234.jpg,left_2025_04_30_18_14_25_234.jpg,right_2025_04_30_18_14_25_234.jpg,-0.1831
center_2025_04_30_18_14_25_286.jpg,left_2025_04_30_18_14_25_286.jpg,right_2025_04_30_18_14_25_286.jpg,-0.1602
center_2025_04_30_18_14_25_330.jpg,left_2025_04_30_18_14_25_330.jpg,right_2025_04_30_18_14_25_330.jpg,-0.1344
center_2025_04_30_18_14_25_379.jpg,left_2025_04_30_18_14_25_379.jpg,right_2025_04_30_18_14_25_379.jpg,-0.1056
center_2025_04_30_18_14_25_423.jpg,left_2025_04_30_18_14_25_423.jpg,right_2025_04_30_18_14_25_423.jpg,-0.0716
center_2025_04_30_18_14_25_472.jpg,left_2025_04_30_18_14_25_472.jpg,right_2025_04_30_18_14_25_472.jpg,-0.0436
center_2025_04_30_18_14_25_522.jpg,left_2025_04_30_18_14_25_522.jpg,right_2025_04_30_18_14_25_522.jpg,-0.0238
center_2025_04_30_18_14_25_566.jpg,left_2025_04_30_18_14_25_566.jpg,right_2025_04_30_18_14_25_566.jpg,-0.0088
center_2025_04_30_18_14_25_616.jpg,left_2025_04_30_18_14_25_616.jpg,right_2025_04_30_18_14_25_616.jpg,0.0
center_2025_04_30_18_14_25_658.jpg,left_2025_04_30_18_14_25_658.jpg,right_2025_04_30_18_14_25_658.jpg,0.0
center_2025_04_30_18_14_25_709.jpg,left_2025_04_30_18_14_25_709.jpg,right_2025_04_30_18_14_25_709.jpg,0.0
center_2025_04_30_18_14_25_752.jpg,left_2025_04_30_18_14_25_752.jpg,right_2025_04_30_18_14_25_752.jpg,0.0
center_2025_04_30_18_14_25_802.jpg,left_2025_04_30_18_14_25_802.jpg,right_2025_04_30_18_14_25_802.jpg,0.0
center_2025_04_30_18_14_25_847.jpg,left_2025_04_30_18_14_25_847.jpg,right_2025_04_30_18_14_25_847.jpg,0.0
center_2025_04_30_18_14_25_894.jpg,left_2025_04_30_18_14_25_894.jpg,right_2025_04_30_18_14_25_894.jpg,0.0
center_2025_04_30_18_14_25_941.jpg,left_2025_04_30_18_14_25_941.jpg,right_2025_04_30_18_14_25_941.jpg,0.0
center_2025_04_30_18_14_25_988.jpg,left_2025_04_30_18_14_25_988.jpg,right_2025_04_30_18_14_25_988.jpg,0.0
center_2025_04_30_18_14_26_034.jpg,left_2025_04_30_18_14_26_034.jpg,right_2025_04_30_18_14_26_034.jpg,0.0
center_2025_04_30_18_14_26_080.jpg,left_2025_04_30_18_14_26_080.jpg,right_2025_04_30_18_14_26_080.jpg,0.0
center_2025_04_30_18_14_26_125.jpg,left_2025_04_30_18_14_26_125.jpg,right_2025_04_30_18_14_26_125.jpg,0.0
center_2025_04_30_18_14_26_173.jpg,left_2025_04_30_18_14_26_173.jpg,right_2025_04_30_18_14_26_173.jpg,0.0
center_2025_04_30_18_14_26_220.jpg,left_2025_04_30_18_14_26_220.jpg,right_2025_04_30_18_14_26_220.jpg,0.0
center_2025_04_30_18_14_26_267.jpg,left_2025_04_30_18_14_26_267.jpg,right_2025_04_30_18_14_26_267.jpg,0.0
center_2025_04_30_18_14_26_317.jpg,left_2025_04_30_18_14_26_317.jpg,right_2025_04_30_18_14_26_317.jpg,0.0
center_2025_04_30_18_14_26_361.jpg,left_2025_04_30_18_14_26_361.jpg,right_2025_04_30_18_14_26_361.jpg,0.0
center_2025_04_30_18_14_26_410.jpg,left_2025_04_30_18_14_26_410.jpg,right_2025_04_30_18_14_26_410.jpg,0.0
center_2025_04_30_18_14_26_454.jpg,left_2025_04_30_18_14_26_454.jpg,right_2025_04_30_18_14_26_454.jpg,0.0
center_2025_04_30_18_14_26_502.jpg,left_2025_04_30_18_14_26_502.jpg,right_2025_04_30_18_14_26_502.jpg,0.0
center_2025_04_30_18_14_26_547.jpg,left_2025_04_30_18_14_26_547.jpg,right_2025_04_30_18_14_26_547.jpg,0.0
center_2025_04_30_18_14_26_595.jpg,left_2025_04_30_18_14_26_595.jpg,right_2025_04_30_18_14_26_595.jpg,0.0
center_2025_04_30_18_14_26_642.jpg,left_2025_04_30_18_14_26_642.jpg,right_2025_04_30_18_14_26_642.jpg,0.0
center_2025_04_30_18_14_26_689.jpg,left_2025_04_30_18_14_26_689.jpg,right_2025_04_30_18_14_26_689.jpg,0.0
center_2025_04_30_18_14_26_735.jpg,left_2025_04_30_18_14_26_735.jpg,right_2025_04_30_18_14_26_735.jpg,0.0
center_2025_04_30_18_14_26_783.jpg,left_2025_04_30_18_14_26_783.jpg,right_2025_04_30_18_14_26_783.jpg,0.0
center_2025_04_30_18_14_26_833.jpg,left_2025_04_30_18_14_26_833.jpg,right_2025_04_30_18_14_26_833.jpg,0.0
center_2025_04_30_18_14_26_875.jpg,left_2025_04_30_18_14_26_875.jpg,right_2025_04_30_18_14_26_875.jpg,0.0
center_2025_04_30_18_14_26_926.jpg,left_2025_04_30_18_14_26_926.jpg,right_2025_04_30_18_14_26_926.jpg,0.0
center_2025_04_30_18_14_26_970.jpg,left_2025_04_30_18_14_26_970.jpg,right_2025_04_30_18_14_26_970.jpg,0.0
center_2025_04_30_18_14_27_017.jpg,left_2025_04_30_18_14_27_017.jpg,right_2025_04_30_18_14_27_017.jpg,0.0
center_2025_04_30_18_14_27_063.jpg,left_2025_04_30_18_14_27_063.jpg,right_2025_04_30_18_14_27_063.jpg,0.0
center_2025_04_30_18_14_27_111.jpg,left_2025_04_30_18_14_27_111.jpg,right_2025_04_30_18_14_27_111.jpg,0.0
center_2025_04_30_18_14_27_156.jpg,left_2025_04_30_18_14_27_156.jpg,right_2025_04_30_18_14_27_156.jpg,0.0
center_2025_04_30_18_14_27_204.jpg,left_2025_04_30_18_14_27_204.jpg,right_2025_04_30_18_14_27_204.jpg,0.0
center_2025_04_30_18_14_27_250.jpg,left_2025_04_30_18_14_27_250.jpg,right_2025_04_30_18_14_27_250.jpg,0.0
center_2025_04_30_18_14_27_297.jpg,left_2025_04_30_18_14_27_297.jpg,right_2025_04_30_18_14_27_297.jpg,0.0
center_2025_04_30_18_14_27_343.jpg,left_2025_04_30_18_14_27_343.jpg,right_2025_04_30_18_14_27_343.jpg,0.0
center_2025_04_30_18_14_27_391.jpg,left_2025_04_30_18_14_27_391.jpg,right_2025_04_30_18_14_27_391.jpg,0.0
center_2025_04_30_18_14_27_441.jpg,left_2025_04_30_18_14_27_441.jpg,right_2025_04_30_18_14_27_441.jpg,0.0
center_2025_04_30_18_14_27_485.jpg,left_2025_04_30_18_14_27_485.jpg,right_2025_04_30_18_14_27_485.jpg,0.0
center_2025_04_30_18_14_27_533.jpg,left_2025_04_30_18_14_27_533.jpg,right_2025_04_30_18_14_27_533.jpg,0.0
center_2025_04_30_18_14_27_580.jpg,left_2025_04_30_18_14_27_580.jpg,right_2025_04_30_18_14_27_580.jpg,0.0
center_2025_04_30_18_14_27_626.jpg,left_2025_04_30_18_14_27_626.jpg,right_2025_04_30_18_14_27_626.jpg,0.0
center_2025_04_30_18_14_27_671.jpg,left_2025_04_30_18_14_27_671.jpg,right_2025_04_30_18_14_27_671.jpg,0.0
center_2025_04_30_18_14_27_719.jpg,left_2025_04_30_18_14_27_719.jpg,right_2025_04_30_18_14_27_719.jpg,0.0
center_2025_04_30_18_14_27_771.jpg,left_2025_04_30_18_14_27_771.jpg,right_2025_04_30_18_14_27_771.jpg,0.0
center_2025_04_30_18_14_27_815.jpg,left_2025_04_30_18_14_27_815.jpg,right_2025_04_30_18_14_27_815.jpg,0.0
center_2025_04_30_18_14_27_863.jpg,left_2025_04_30_18_14_27_863.jpg,right_2025_04_30_18_14_27_863.jpg,0.0
center_2025_04_30_18_14_27_910.jpg,left_2025_04_30_18_14_27_910.jpg,right_2025_04_30_18_14_27_910.jpg,0.0
center_2025_04_30_18_14_27_956.jpg,left_2025_04_30_18_14_27_956.jpg,right_2025_04_30_18_14_27_956.jpg,0.0
center_2025_04_30_18_14_28_003.jpg,left_2025_04_30_18_14_28_003.jpg,right_2025_04_30_18_14_28_003.jpg,0.0
center_2025_04_30_18_14_28_049.jpg,left_2025_04_30_18_14_28_049.jpg,right_2025_04_30_18_14_28_049.jpg,0.0
center_2025_04_30_18_14_28_096.jpg,left_2025_04_30_18_14_28_096.jpg,right_2025_04_30_18_14_28_096.jpg,0.0
center_2025_04_30_18_14_28_143.jpg,left_2025_04_30_18_14_28_143.jpg,right_2025_04_30_18_14_28_143.jpg,0.0
center_2025_04_30_18_14_28_192.jpg,left_2025_04_30_18_14_28_192.jpg,right_2025_04_30_18_14_28_192.jpg,0.0
center_2025_04_30_18_14_28_235.jpg,left_2025_04_30_18_14_28_235.jpg,right_2025_04_30_18_14_28_235.jpg,0.0
center_2025_04_30_18_14_28_286.jpg,left_2025_04_30_18_14_28_286.jpg,right_2025_04_30_18_14_28_286.jpg,0.0
center_2025_04_30_18_14_28_330.jpg,left_2025_04_30_18_14_28_330.jpg,right_2025_04_30_18_14_28_330.jpg,0.0
center_2025_04_30_18_14_28_378.jpg,left_2025_04_30_18_14_28_378.jpg,right_2025_04_30_18_14_28_378.jpg,0.0
center_2025_04_30_18_14_28_423.jpg,left_2025_04_30_18_14_28_423.jpg,right_2025_04_30_18_14_28_423.jpg,0.0
center_2025_04_30_18_14_28_472.jpg,left_2025_04_30_18_14_28_472.jpg,right_2025_04_30_18_14_28_472.jpg,0.0
center_2025_04_30_18_14_28_516.jpg,left_2025_04_30_18_14_28_516.jpg,right_2025_04_30_18_14_28_516.jpg,0.0
center_2025_04_30_18_14_28_564.jpg,left_2025_04_30_18_14_28_564.jpg,right_2025_04_30_18_14_28_564.jpg,0.0
center_2025_04_30_18_14_28_628.jpg,left_2025_04_30_18_14_28_628.jpg,right_2025_04_30_18_14_28_628.jpg,0.0
center_2025_04_30_18_14_28_658.jpg,left_2025_04_30_18_14_28_658.jpg,right_2025_04_30_18_14_28_658.jpg,0.0
center_2025_04_30_18_14_28_703.jpg,left_2025_04_30_18_14_28_703.jpg,right_2025_04_30_18_14_28_703.jpg,0.0
center_2025_04_30_18_14_28_752.jpg,left_2025_04_30_18_14_28_752.jpg,right_2025_04_30_18_14_28_752.jpg,0.0
center_2025_04_30_18_14_28_800.jpg,left_2025_04_30_18_14_28_800.jpg,right_2025_04_30_18_14_28_800.jpg,0.0
center_2025_04_30_18_14_28_847.jpg,left_2025_04_30_18_14_28_847.jpg,right_2025_04_30_18_14_28_847.jpg,0.0
center_2025_04_30_18_14_28_894.jpg,left_2025_04_30_18_14_28_894.jpg,right_2025_04_30_18_14_28_894.jpg,0.0
center_2025_04_30_18_14_28_948.jpg,left_2025_04_30_18_14_28_948.jpg,right_2025_04_30_18_14_28_948.jpg,0.0
center_2025_04_30_18_14_28_987.jpg,left_2025_04_30_18_14_28_987.jpg,right_2025_04_30_18_14_28_987.jpg,0.0
center_2025_04_30_18_14_29_031.jpg,left_2025_04_30_18_14_29_031.jpg,right_2025_04_30_18_14_29_031.jpg,0.0
center_2025_04_30_18_14_29_079.jpg,left_2025_04_30_18_14_29_079.jpg,right_2025_04_30_18_14_29_079.jpg,0.0
center_2025_04_30_18_14_29_124.jpg,left_2025_04_30_18_14_29_124.jpg,right_2025_04_30_18_14_29_124.jpg,0.0
center_2025_04_30_18_14_29_173.jpg,left_2025_04_30_18_14_29_173.jpg,right_2025_04_30_18_14_29_173.jpg,0.0
center_2025_04_30_18_14_29_218.jpg,left_2025_04_30_18_14_29_218.jpg,right_2025_04_30_18_14_29_218.jpg,0.0
center_2025_04_30_18_14_29_265.jpg,left_2025_04_30_18_14_29_265.jpg,right_2025_04_30_18_14_29_265.jpg,0.0
center_2025_04_30_18_14_29_312.jpg,left_2025_04_30_18_14_29_312.jpg,right_2025_04_30_18_14_29_312.jpg,0.0
center_2025_04_30_18_14_29_360.jpg,left_2025_04_30_18_14_29_360.jpg,right_2025_04_30_18_14_29_360.jpg,0.0
center_2025_04_30_18_14_29_410.jpg,left_2025_04_30_18_14_29_410.jpg,right_2025_04_30_18_14_29_410.jpg,0.0
center_2025_04_30_18_14_29_456.jpg,left_2025_04_30_18_14_29_456.jpg,right_2025_04_30_18_14_29_456.jpg,0.0
center_2025_04_30_18_14_29_502.jpg,left_2025_04_30_18_14_29_502.jpg,right_2025_04_30_18_14_29_502.jpg,0.0
center_2025_04_30_18_14_29_548.jpg,left_2025_04_30_18_14_29_548.jpg,right_2025_04_30_18_14_29_548.jpg,0.0
center_2025_04_30_18_14_29_595.jpg,left_2025_04_30_18_14_29_595.jpg,right_2025_04_30_18_14_29_595.jpg,0.0
center_2025_04_30_18_14_29_647.jpg,left_2025_04_30_18_14_29_647.jpg,right_2025_04_30_18_14_29_647.jpg,0.0
center_2025_04_30_18_14_29_689.jpg,left_2025_04_30_18_14_29_689.jpg,right_2025_04_30_18_14_29_689.jpg,0.0
center_2025_04_30_18_14_29_739.jpg,left_2025_04_30_18_14_29_739.jpg,right_2025_04_30_18_14_29_739.jpg,0.0
center_2025_04_30_18_14_29_781.jpg,left_2025_04_30_18_14_29_781.jpg,right_2025_04_30_18_14_29_781.jpg,0.0
center_2025_04_30_18_14_29_832.jpg,left_2025_04_30_18_14_29_832.jpg,right_2025_04_30_18_14_29_832.jpg,0.0
center_2025_04_30_18_14_29_875.jpg,left_2025_04_30_18_14_29_875.jpg,right_2025_04_30_18_14_29_875.jpg,0.0
center_2025_04_30_18_14_29_924.jpg,left_2025_04_30_18_14_29_924.jpg,right_2025_04_30_18_14_29_924.jpg,0.0
center_2025_04_30_18_14_29_972.jpg,left_2025_04_30_18_14_29_972.jpg,right_2025_04_30_18_14_29_972.jpg,0.0
center_2025_04_30_18_14_30_017.jpg,left_2025_04_30_18_14_30_017.jpg,right_2025_04_30_18_14_30_017.jpg,0.0
center_2025_04_30_18_14_30_060.jpg,left_2025_04_30_18_14_30_060.jpg,right_2025_04_30_18_14_30_060.jpg,0.0
center_2025_04_30_18_14_30_110.jpg,left_2025_04_30_18_14_30_110.jpg,right_2025_04_30_18_14_30_110.jpg,0.0
center_2025_04_30_18_14_30_153.jpg,left_2025_04_30_18_14_30_153.jpg,right_2025_04_30_18_14_30_153.jpg,0.0
center_2025_04_30_18_14_30_204.jpg,left_2025_04_30_18_14_30_204.jpg,right_2025_04_30_18_14_30_204.jpg,0.0
center_2025_04_30_18_14_30_244.jpg,left_2025_04_30_18_14_30_244.jpg,right_2025_04_30_18_14_30_244.jpg,0.0
center_2025_04_30_18_14_30_296.jpg,left_2025_04_30_18_14_30_296.jpg,right_2025_04_30_18_14_30_296.jpg,0.0
center_2025_04_30_18_14_30_340.jpg,left_2025_04_30_18_14_30_340.jpg,right_2025_04_30_18_14_30_340.jpg,0.0
center_2025_04_30_18_14_30_388.jpg,left_2025_04_30_18_14_30_388.jpg,right_2025_04_30_18_14_30_388.jpg,0.0
center_2025_04_30_18_14_30_435.jpg,left_2025_04_30_18_14_30_435.jpg,right_2025_04_30_18_14_30_435.jpg,0.0
center_2025_04_30_18_14_30_485.jpg,left_2025_04_30_18_14_30_485.jpg,right_2025_04_30_18_14_30_485.jpg,0.0
center_2025_04_30_18_14_30_528.jpg,left_2025_04_30_18_14_30_528.jpg,right_2025_04_30_18_14_30_528.jpg,0.0
center_2025_04_30_18_14_30_576.jpg,left_2025_04_30_18_14_30_576.jpg,right_2025_04_30_18_14_30_576.jpg,0.0
center_2025_04_30_18_14_30_626.jpg,left_2025_04_30_18_14_30_626.jpg,right_2025_04_30_18_14_30_626.jpg,0.0
center_2025_04_30_18_14_30_669.jpg,left_2025_04_30_18_14_30_669.jpg,right_2025_04_30_18_14_30_669.jpg,0.0
center_2025_04_30_18_14_30_718.jpg,left_2025_04_30_18_14_30_718.jpg,right_2025_04_30_18_14_30_718.jpg,0.0
center_2025_04_30_18_14_30_764.jpg,left_2025_04_30_18_14_30_764.jpg,right_2025_04_30_18_14_30_764.jpg,0.0
center_2025_04_30_18_14_30_811.jpg,left_2025_04_30_18_14_30_811.jpg,right_2025_04_30_18_14_30_811.jpg,0.0
center_2025_04_30_18_14_30_857.jpg,left_2025_04_30_18_14_30_857.jpg,right_2025_04_30_18_14_30_857.jpg,0.0
center_2025_04_30_18_14_30_904.jpg,left_2025_04_30_18_14_30_904.jpg,right_2025_04_30_18_14_30_904.jpg,0.0
center_2025_04_30_18_14_30_956.jpg,left_2025_04_30_18_14_30_956.jpg,right_2025_04_30_18_14_30_956.jpg,0.0
center_2025_04_30_18_14_30_999.jpg,left_2025_04_30_18_14_30_999.jpg,right_2025_04_30_18_14_30_999.jpg,0.0
center_2025_04_30_18_14_31_048.jpg,left_2025_04_30_18_14_31_048.jpg,right_2025_04_30_18_14_31_048.jpg,0.0
center_2025_04_30_18_14_31_096.jpg,left_2025_04_30_18_14_31_096.jpg,right_2025_04_30_18_14_31_096.jpg,0.0
center_2025_04_30_18_14_31_142.jpg,left_2025_04_30_18_14_31_142.jpg,right_2025_04_30_18_14_31_142.jpg,0.0
center_2025_04_30_18_14_31_188.jpg,left_2025_04_30_18_14_31_188.jpg,right_2025_04_30_18_14_31_188.jpg,0.0
center_2025_04_30_18_14_31_235.jpg,left_2025_04_30_18_14_31_235.jpg,right_2025_04_30_18_14_31_235.jpg,0.0
center_2025_04_30_18_14_31_284.jpg,left_2025_04_30_18_14_31_284.jpg,right_2025_04_30_18_14_31_284.jpg,0.0
center_2025_04_30_18_14_31_329.jpg,left_2025_04_30_18_14_31_329.jpg,right_2025_04_30_18_14_31_329.jpg,-0.0099
center_2025_04_30_18_14_31_379.jpg,left_2025_04_30_18_14_31_379.jpg,right_2025_04_30_18_14_31_379.jpg,-0.0241
center_2025_04_30_18_14_31_420.jpg,left_2025_04_30_18_14_31_420.jpg,right_2025_04_30_18_14_31_420.jpg,-0.0413
center_2025_04_30_18_14_31_471.jpg,left_2025_04_30_18_14_31_471.jpg,right_2025_04_30_18_14_31_471.jpg,-0.062
center_2025_04_30_18_14_31_514.jpg,left_2025_04_30_18_14_31_514.jpg,right_2025_04_30_18_14_31_514.jpg,-0.0841
center_2025_04_30_18_14_31_564.jpg,left_2025_04_30_18_14_31_564.jpg,right_2025_04_30_18_14_31_564.jpg,-0.0971
center_2025_04_30_18_14_31_609.jpg,left_2025_04_30_18_14_31_609.jpg,right_2025_04_30_18_14_31_609.jpg,-0.1084
center_2025_04_30_18_14_31_657.jpg,left_2025_04_30_18_14_31_657.jpg,right_2025_04_30_18_14_31_657.jpg,-0.1226
center_2025_04_30_18_14_31_702.jpg,left_2025_04_30_18_14_31_702.jpg,right_2025_04_30_18_14_31_702.jpg,-0.1361
center_2025_04_30_18_14_31_749.jpg,left_2025_04_30_18_14_31_749.jpg,right_2025_04_30_18_14_31_749.jpg,-0.1486
center_2025_04_30_18_14_31_797.jpg,left_2025_04_30_18_14_31_797.jpg,right_2025_04_30_18_14_31_797.jpg,-0.1608
center_2025_04_30_18_14_31_842.jpg,left_2025_04_30_18_14_31_842.jpg,right_2025_04_30_18_14_31_842.jpg,-0.1707
center_2025_04_30_18_14_31_889.jpg,left_2025_04_30_18_14_31_889.jpg,right_2025_04_30_18_14_31_889.jpg,-0.1746
center_2025_04_30_18_14_31_936.jpg,left_2025_04_30_18_14_31_936.jpg,right_2025_04_30_18_14_31_936.jpg,-0.176
center_2025_04_30_18_14_31_987.jpg,left_2025_04_30_18_14_31_987.jpg,right_2025_04_30_18_14_31_987.jpg,-0.1772
center_2025_04_30_18_14_32_028.jpg,left_2025_04_30_18_14_32_028.jpg,right_2025_04_30_18_14_32_028.jpg,-0.1777
center_2025_04_30_18_14_32_079.jpg,left_2025_04_30_18_14_32_079.jpg,right_2025_04_30_18_14_32_079.jpg,-0.178
center_2025_04_30_18_14_32_122.jpg,left_2025_04_30_18_14_32_122.jpg,right_2025_04_30_18_14_32_122.jpg,-0.1786
center_2025_04_30_18_14_32_172.jpg,left_2025_04_30_18_14_32_172.jpg,right_2025_04_30_18_14_32_172.jpg,-0.1789
center_2025_04_30_18_14_32_217.jpg,left_2025_04_30_18_14_32_217.jpg,right_2025_04_30_18_14_32_217.jpg,-0.1791
center_2025_04_30_18_14_32_264.jpg,left_2025_04_30_18_14_32_264.jpg,right_2025_04_30_18_14_32_264.jpg,-0.1794
center_2025_04_30_18_14_32_316.jpg,left_2025_04_30_18_14_32_316.jpg,right_2025_04_30_18_14_32_316.jpg,-0.1797
center_2025_04_30_18_14_32_362.jpg,left_2025_04_30_18_14_32_362.jpg,right_2025_04_30_18_14_32_362.jpg,-0.1797
center_2025_04_30_18_14_32_409.jpg,left_2025_04_30_18_14_32_409.jpg,right_2025_04_30_18_14_32_409.jpg,-0.1797
center_2025_04_30_18_14_32_455.jpg,left_2025_04_30_18_14_32_455.jpg,right_2025_04_30_18_14_32_455.jpg,-0.18
center_2025_04_30_18_14_32_502.jpg,left_2025_04_30_18_14_32_502.jpg,right_2025_04_30_18_14_32_502.jpg,-0.1803
center_2025_04_30_18_14_32_548.jpg,left_2025_04_30_18_14_32_548.jpg,right_2025_04_30_18_14_32_548.jpg,-0.1808
center_2025_04_30_18_14_32_595.jpg,left_2025_04_30_18_14_32_595.jpg,right_2025_04_30_18_14_32_595.jpg,-0.1822
center_2025_04_30_18_14_32_641.jpg,left_2025_04_30_18_14_32_641.jpg,right_2025_04_30_18_14_32_641.jpg,-0.1837
center_2025_04_30_18_14_32_687.jpg,left_2025_04_30_18_14_32_687.jpg,right_2025_04_30_18_14_32_687.jpg,-0.1851
center_2025_04_30_18_14_32_732.jpg,left_2025_04_30_18_14_32_732.jpg,right_2025_04_30_18_14_32_732.jpg,-0.1865
center_2025_04_30_18_14_32_779.jpg,left_2025_04_30_18_14_32_779.jpg,right_2025_04_30_18_14_32_779.jpg,-0.1879
center_2025_04_30_18_14_32_826.jpg,left_2025_04_30_18_14_32_826.jpg,right_2025_04_30_18_14_32_826.jpg,-0.1885
center_2025_04_30_18_14_32_873.jpg,left_2025_04_30_18_14_32_873.jpg,right_2025_04_30_18_14_32_873.jpg,-0.1893
center_2025_04_30_18_14_32_924.jpg,left_2025_04_30_18_14_32_924.jpg,right_2025_04_30_18_14_32_924.jpg,-0.1899
center_2025_04_30_18_14_32_967.jpg,left_2025_04_30_18_14_32_967.jpg,right_2025_04_30_18_14_32_967.jpg,-0.1902
center_2025_04_30_18_14_33_017.jpg,left_2025_04_30_18_14_33_017.jpg,right_2025_04_30_18_14_33_017.jpg,-0.1904
center_2025_04_30_18_14_33_060.jpg,left_2025_04_30_18_14_33_060.jpg,right_2025_04_30_18_14_33_060.jpg,-0.1904
center_2025_04_30_18_14_33_110.jpg,left_2025_04_30_18_14_33_110.jpg,right_2025_04_30_18_14_33_110.jpg,-0.1902
center_2025_04_30_18_14_33_154.jpg,left_2025_04_30_18_14_33_154.jpg,right_2025_04_30_18_14_33_154.jpg,-0.1902
center_2025_04_30_18_14_33_202.jpg,left_2025_04_30_18_14_33_202.jpg,right_2025_04_30_18_14_33_202.jpg,-0.1904
center_2025_04_30_18_14_33_248.jpg,left_2025_04_30_18_14_33_248.jpg,right_2025_04_30_18_14_33_248.jpg,-0.1904
center_2025_04_30_18_14_33_295.jpg,left_2025_04_30_18_14_33_295.jpg,right_2025_04_30_18_14_33_295.jpg,-0.191
center_2025_04_30_18_14_33_340.jpg,left_2025_04_30_18_14_33_340.jpg,right_2025_04_30_18_14_33_340.jpg,-0.1913
center_2025_04_30_18_14_33_389.jpg,left_2025_04_30_18_14_33_389.jpg,right_2025_04_30_18_14_33_389.jpg,-0.1913
center_2025_04_30_18_14_33_440.jpg,left_2025_04_30_18_14_33_440.jpg,right_2025_04_30_18_14_33_440.jpg,-0.1913
center_2025_04_30_18_14_33_484.jpg,left_2025_04_30_18_14_33_484.jpg,right_2025_04_30_18_14_33_484.jpg,-0.1913
center_2025_04_30_18_14_33_533.jpg,left_2025_04_30_18_14_33_533.jpg,right_2025_04_30_18_14_33_533.jpg,-0.191
center_2025_04_30_18_14_33_577.jpg,left_2025_04_30_18_14_33_577.jpg,right_2025_04_30_18_14_33_577.jpg,-0.191
center_2025_04_30_18_14_33_625.jpg,left_2025_04_30_18_14_33_625.jpg,right_2025_04_30_18_14_33_625.jpg,-0.1907
center_2025_04_30_18_14_33_669.jpg,left_2025_04_30_18_14_33_669.jpg,right_2025_04_30_18_14_33_669.jpg,-0.1907
center_2025_04_30_18_14_33_717.jpg,left_2025_04_30_18_14_33_717.jpg,right_2025_04_30_18_14_33_717.jpg,-0.1907
center_2025_04_30_18_14_33_764.jpg,left_2025_04_30_18_14_33_764.jpg,right_2025_04_30_18_14_33_764.jpg,-0.1907
center_2025_04_30_18_14_33_810.jpg,left_2025_04_30_18_14_33_810.jpg,right_2025_04_30_18_14_33_810.jpg,-0.1907
center_2025_04_30_18_14_33_862.jpg,left_2025_04_30_18_14_33_862.jpg,right_2025_04_30_18_14_33_862.jpg,-0.191
center_2025_04_30_18_14_33_905.jpg,left_2025_04_30_18_14_33_905.jpg,right_2025_04_30_18_14_33_905.jpg,-0.191
center_2025_04_30_18_14_33_955.jpg,left_2025_04_30_18_14_33_955.jpg,right_2025_04_30_18_14_33_955.jpg,-0.191
center_2025_04_30_18_14_33_996.jpg,left_2025_04_30_18_14_33_996.jpg,right_2025_04_30_18_14_33_996.jpg,-0.191
center_2025_04_30_18_14_34_048.jpg,left_2025_04_30_18_14_34_048.jpg,right_2025_04_30_18_14_34_048.jpg,-0.191
center_2025_04_30_18_14_34_092.jpg,left_2025_04_30_18_14_34_092.jpg,right_2025_04_30_18_14_34_092.jpg,-0.191
center_2025_04_30_18_14_34_141.jpg,left_2025_04_30_18_14_34_141.jpg,right_2025_04_30_18_14_34_141.jpg,-0.191
center_2025_04_30_18_14_34_185.jpg,left_2025_04_30_18_14_34_185.jpg,right_2025_04_30_18_14_34_185.jpg,-0.191
center_2025_04_30_18_14_34_234.jpg,left_2025_04_30_18_14_34_234.jpg,right_2025_04_30_18_14_34_234.jpg,-0.191
center_2025_04_30_18_14_34_279.jpg,left_2025_04_30_18_14_34_279.jpg,right_2025_04_30_18_14_34_279.jpg,-0.191
center_2025_04_30_18_14_34_326.jpg,left_2025_04_30_18_14_34_326.jpg,right_2025_04_30_18_14_34_326.jpg,-0.191
center_2025_04_30_18_14_34_377.jpg,left_2025_04_30_18_14_34_377.jpg,right_2025_04_30_18_14_34_377.jpg,-0.191
center_2025_04_30_18_14_34_419.jpg,left_2025_04_30_18_14_34_419.jpg,right_2025_04_30_18_14_34_419.jpg,-0.191
center_2025_04_30_18_14_34_471.jpg,left_2025_04_30_18_14_34_471.jpg,right_2025_04_30_18_14_34_471.jpg,-0.191
center_2025_04_30_18_14_34_514.jpg,left_2025_04_30_18_14_34_514.jpg,right_2025_04_30_18_14_34_514.jpg,-0.191
center_2025_04_30_18_14_34_564.jpg,left_2025_04_30_18_14_34_564.jpg,right_2025_04_30_18_14_34_564.jpg,-0.191
center_2025_04_30_18_14_34_607.jpg,left_2025_04_30_18_14_34_607.jpg,right_2025_04_30_18_14_34_607.jpg,-0.191
center_2025_04_30_18_14_34_656.jpg,left_2025_04_30_18_14_34_656.jpg,right_2025_04_30_18_14_34_656.jpg,-0.1907
center_2025_04_30_18_14_34_708.jpg,left_2025_04_30_18_14_34_708.jpg,right_2025_04_30_18_14_34_708.jpg,-0.1907
center_2025_04_30_18_14_34_749.jpg,left_2025_04_30_18_14_34_749.jpg,right_2025_04_30_18_14_34_749.jpg,-0.1907
center_2025_04_30_18_14_34_793.jpg,left_2025_04_30_18_14_34_793.jpg,right_2025_04_30_18_14_34_793.jpg,-0.1904
center_2025_04_30_18_14_34_842.jpg,left_2025_04_30_18_14_34_842.jpg,right_2025_04_30_18_14_34_842.jpg,-0.1904
center_2025_04_30_18_14_34_886.jpg,left_2025_04_30_18_14_34_886.jpg,right_2025_04_30_18_14_34_886.jpg,-0.1904
center_2025_04_30_18_14_34_934.jpg,left_2025_04_30_18_14_34_934.jpg,right_2025_04_30_18_14_34_934.jpg,-0.1902
center_2025_04_30_18_14_34_981.jpg,left_2025_04_30_18_14_34_981.jpg,right_2025_04_30_18_14_34_981.jpg,-0.1899
center_2025_04_30_18_14_35_028.jpg,left_2025_04_30_18_14_35_028.jpg,right_2025_04_30_18_14_35_028.jpg,-0.1899
center_2025_04_30_18_14_35_074.jpg,left_2025_04_30_18_14_35_074.jpg,right_2025_04_30_18_14_35_074.jpg,-0.1882
center_2025_04_30_18_14_35_120.jpg,left_2025_04_30_18_14_35_120.jpg,right_2025_04_30_18_14_35_120.jpg,-0.1845
center_2025_04_30_18_14_35_167.jpg,left_2025_04_30_18_14_35_167.jpg,right_2025_04_30_18_14_35_167.jpg,-0.1786
center_2025_04_30_18_14_35_215.jpg,left_2025_04_30_18_14_35_215.jpg,right_2025_04_30_18_14_35_215.jpg,-0.1692
center_2025_04_30_18_14_35_264.jpg,left_2025_04_30_18_14_35_264.jpg,right_2025_04_30_18_14_35_264.jpg,-0.1562
center_2025_04_30_18_14_35_310.jpg,left_2025_04_30_18_14_35_310.jpg,right_2025_04_30_18_14_35_310.jpg,-0.1421
center_2025_04_30_18_14_35_357.jpg,left_2025_04_30_18_14_35_357.jpg,right_2025_04_30_18_14_35_357.jpg,-0.1268
center_2025_04_30_18_14_35_403.jpg,left_2025_04_30_18_14_35_403.jpg,right_2025_04_30_18_14_35_403.jpg,-0.1132
center_2025_04_30_18_14_35_450.jpg,left_2025_04_30_18_14_35_450.jpg,right_2025_04_30_18_14_35_450.jpg,-0.1027
center_2025_04_30_18_14_35_501.jpg,left_2025_04_30_18_14_35_501.jpg,right_2025_04_30_18_14_35_501.jpg,-0.0948
center_2025_04_30_18_14_35_546.jpg,left_2025_04_30_18_14_35_546.jpg,right_2025_04_30_18_14_35_546.jpg,-0.088
center_2025_04_30_18_14_35_595.jpg,left_2025_04_30_18_14_35_595.jpg,right_2025_04_30_18_14_35_595.jpg,-0.0841
center_2025_04_30_18_14_35_639.jpg,left_2025_04_30_18_14_35_639.jpg,right_2025_04_30_18_14_35_639.jpg,-0.079
center_2025_04_30_18_14_35_686.jpg,left_2025_04_30_18_14_35_686.jpg,right_2025_04_30_18_14_35_686.jpg,-0.0722
center_2025_04_30_18_14_35_733.jpg,left_2025_04_30_18_14_35_733.jpg,right_2025_04_30_18_14_35_733.jpg,-0.0651
center_2025_04_30_18_14_35_781.jpg,left_2025_04_30_18_14_35_781.jpg,right_2025_04_30_18_14_35_781.jpg,-0.0495
center_2025_04_30_18_14_35_831.jpg,left_2025_04_30_18_14_35_831.jpg,right_2025_04_30_18_14_35_831.jpg,-0.0345
center_2025_04_30_18_14_35_875.jpg,left_2025_04_30_18_14_35_875.jpg,right_2025_04_30_18_14_35_875.jpg,-0.0212
center_2025_04_30_18_14_35_924.jpg,left_2025_04_30_18_14_35_924.jpg,right_2025_04_30_18_14_35_924.jpg,-0.0099
center_2025_04_30_18_14_35_968.jpg,left_2025_04_30_18_14_35_968.jpg,right_2025_04_30_18_14_35_968.jpg,0.0
center_2025_04_30_18_14_36_017.jpg,left_2025_04_30_18_14_36_017.jpg,right_2025_04_30_18_14_36_017.jpg,0.0
center_2025_04_30_18_14_36_064.jpg,left_2025_04_30_18_14_36_064.jpg,right_2025_04_30_18_14_36_064.jpg,0.0
center_2025_04_30_18_14_36_112.jpg,left_2025_04_30_18_14_36_112.jpg,right_2025_04_30_18_14_36_112.jpg,0.0
center_2025_04_30_18_14_36_161.jpg,left_2025_04_30_18_14_36_161.jpg,right_2025_04_30_18_14_36_161.jpg,0.0
center_2025_04_30_18_14_36_204.jpg,left_2025_04_30_18_14_36_204.jpg,right_2025_04_30_18_14_36_204.jpg,0.0
center_2025_04_30_18_14_36_253.jpg,left_2025_04_30_18_14_36_253.jpg,right_2025_04_30_18_14_36_253.jpg,0.0
center_2025_04_30_18_14_36_298.jpg,left_2025_04_30_18_14_36_298.jpg,right_2025_04_30_18_14_36_298.jpg,0.0
center_2025_04_30_18_14_36_347.jpg,left_2025_04_30_18_14_36_347.jpg,right_2025_04_30_18_14_36_347.jpg,0.0
center_2025_04_30_18_14_36_391.jpg,left_2025_04_30_18_14_36_391.jpg,right_2025_04_30_18_14_36_391.jpg,0.0
center_2025_04_30_18_14_36_440.jpg,left_2025_04_30_18_14_36_440.jpg,right_2025_04_30_18_14_36_440.jpg,0.0
center_2025_04_30_18_14_36_485.jpg,left_2025_04_30_18_14_36_485.jpg,right_2025_04_30_18_14_36_485.jpg,0.0
center_2025_04_30_18_14_36_531.jpg,left_2025_04_30_18_14_36_531.jpg,right_2025_04_30_18_14_36_531.jpg,0.0
center_2025_04_30_18_14_36_577.jpg,left_2025_04_30_18_14_36_577.jpg,right_2025_04_30_18_14_36_577.jpg,0.0
center_2025_04_30_18_14_36_625.jpg,left_2025_04_30_18_14_36_625.jpg,right_2025_04_30_18_14_36_625.jpg,0.0
center_2025_04_30_18_14_36_669.jpg,left_2025_04_30_18_14_36_669.jpg,right_2025_04_30_18_14_36_669.jpg,0.0
center_2025_04_30_18_14_36_718.jpg,left_2025_04_30_18_14_36_718.jpg,right_2025_04_30_18_14_36_718.jpg,0.0
center_2025_04_30_18_14_36_764.jpg,left_2025_04_30_18_14_36_764.jpg,right_2025_04_30_18_14_36_764.jpg,0.0
center_2025_04_30_18_14_36_811.jpg,left_2025_04_30_18_14_36_811.jpg,right_2025_04_30_18_14_36_811.jpg,0.0
center_2025_04_30_18_14_36_862.jpg,left_2025_04_30_18_14_36_862.jpg,right_2025_04_30_18_14_36_862.jpg,0.0
center_2025_04_30_18_14_36_904.jpg,left_2025_04_30_18_14_36_904.jpg,right_2025_04_30_18_14_36_904.jpg,0.0
center_2025_04_30_18_14_36_954.jpg,left_2025_04_30_18_14_36_954.jpg,right_2025_04_30_18_14_36_954.jpg,0.0
center_2025_04_30_18_14_36_996.jpg,left_2025_04_30_18_14_36_996.jpg,right_2025_04_30_18_14_36_996.jpg,0.0
center_2025_04_30_18_14_37_043.jpg,left_2025_04_30_18_14_37_043.jpg,right_2025_04_30_18_14_37_043.jpg,0.0
center_2025_04_30_18_14_37_089.jpg,left_2025_04_30_18_14_37_089.jpg,right_2025_04_30_18_14_37_089.jpg,0.0
center_2025_04_30_18_14_37_136.jpg,left_2025_04_30_18_14_37_136.jpg,right_2025_04_30_18_14_37_136.jpg,0.0
center_2025_04_30_18_14_37_182.jpg,left_2025_04_30_18_14_37_182.jpg,right_2025_04_30_18_14_37_182.jpg,0.0
center_2025_04_30_18_14_37_233.jpg,left_2025_04_30_18_14_37_233.jpg,right_2025_04_30_18_14_37_233.jpg,0.0
center_2025_04_30_18_14_37_275.jpg,left_2025_04_30_18_14_37_275.jpg,right_2025_04_30_18_14_37_275.jpg,0.0
center_2025_04_30_18_14_37_326.jpg,left_2025_04_30_18_14_37_326.jpg,right_2025_04_30_18_14_37_326.jpg,0.0
center_2025_04_30_18_14_37_368.jpg,left_2025_04_30_18_14_37_368.jpg,right_2025_04_30_18_14_37_368.jpg,0.0
center_2025_04_30_18_14_37_418.jpg,left_2025_04_30_18_14_37_418.jpg,right_2025_04_30_18_14_37_418.jpg,0.0
center_2025_04_30_18_14_37_463.jpg,left_2025_04_30_18_14_37_463.jpg,right_2025_04_30_18_14_37_463.jpg,0.0
center_2025_04_30_18_14_37_511.jpg,left_2025_04_30_18_14_37_511.jpg,right_2025_04_30_18_14_37_511.jpg,0.0
center_2025_04_30_18_14_37_556.jpg,left_2025_04_30_18_14_37_556.jpg,right_2025_04_30_18_14_37_556.jpg,0.0
center_2025_04_30_18_14_37_604.jpg,left_2025_04_30_18_14_37_604.jpg,right_2025_04_30_18_14_37_604.jpg,0.0
center_2025_04_30_18_14_37_650.jpg,left_2025_04_30_18_14_37_650.jpg,right_2025_04_30_18_14_37_650.jpg,0.0
center_2025_04_30_18_14_37_697.jpg,left_2025_04_30_18_14_37_697.jpg,right_2025_04_30_18_14_37_697.jpg,0.0
center_2025_04_30_18_14_37_748.jpg,left_2025_04_30_18_14_37_748.jpg,right_2025_04_30_18_14_37_748.jpg,0.0
center_2025_04_30_18_14_37_791.jpg,left_2025_04_30_18_14_37_791.jpg,right_2025_04_30_18_14_37_791.jpg,0.0
center_2025_04_30_18_14_37_841.jpg,left_2025_04_30_18_14_37_841.jpg,right_2025_04_30_18_14_37_841.jpg,0.0
center_2025_04_30_18_14_37_885.jpg,left_2025_04_30_18_14_37_885.jpg,right_2025_04_30_18_14_37_885.jpg,0.0
center_2025_04_30_18_14_37_934.jpg,left_2025_04_30_18_14_37_934.jpg,right_2025_04_30_18_14_37_934.jpg,0.0
center_2025_04_30_18_14_37_978.jpg,left_2025_04_30_18_14_37_978.jpg,right_2025_04_30_18_14_37_978.jpg,0.0
center_2025_04_30_18_14_38_026.jpg,left_2025_04_30_18_14_38_026.jpg,right_2025_04_30_18_14_38_026.jpg,0.0
center_2025_04_30_18_14_38_071.jpg,left_2025_04_30_18_14_38_071.jpg,right_2025_04_30_18_14_38_071.jpg,0.0
center_2025_04_30_18_14_38_119.jpg,left_2025_04_30_18_14_38_119.jpg,right_2025_04_30_18_14_38_119.jpg,0.0
center_2025_04_30_18_14_38_165.jpg,left_2025_04_30_18_14_38_165.jpg,right_2025_04_30_18_14_38_165.jpg,0.0
center_2025_04_30_18_14_38_213.jpg,left_2025_04_30_18_14_38_213.jpg,right_2025_04_30_18_14_38_213.jpg,0.0
center_2025_04_30_18_14_38_257.jpg,left_2025_04_30_18_14_38_257.jpg,right_2025_04_30_18_14_38_257.jpg,0.0
center_2025_04_30_18_14_38_304.jpg,left_2025_04_30_18_14_38_304.jpg,right_2025_04_30_18_14_38_304.jpg,0.0
center_2025_04_30_18_14_38_357.jpg,left_2025_04_30_18_14_38_357.jpg,right_2025_04_30_18_14_38_357.jpg,0.0
center_2025_04_30_18_14_38_399.jpg,left_2025_04_30_18_14_38_399.jpg,right_2025_04_30_18_14_38_399.jpg,0.0
center_2025_04_30_18_14_38_444.jpg,left_2025_04_30_18_14_38_444.jpg,right_2025_04_30_18_14_38_444.jpg,0.0
center_2025_04_30_18_14_38_491.jpg,left_2025_04_30_18_14_38_491.jpg,right_2025_04_30_18_14_38_491.jpg,0.0
center_2025_04_30_18_14_38_537.jpg,left_2025_04_30_18_14_38_537.jpg,right_2025_04_30_18_14_38_537.jpg,0.0
center_2025_04_30_18_14_38_585.jpg,left_2025_04_30_18_14_38_585.jpg,right_2025_04_30_18_14_38_585.jpg,0.0
center_2025_04_30_18_14_38_635.jpg,left_2025_04_30_18_14_38_635.jpg,right_2025_04_30_18_14_38_635.jpg,0.0
center_2025_04_30_18_14_38_679.jpg,left_2025_04_30_18_14_38_679.jpg,right_2025_04_30_18_14_38_679.jpg,0.0
center_2025_04_30_18_14_38_727.jpg,left_2025_04_30_18_14_38_727.jpg,right_2025_04_30_18_14_38_727.jpg,0.0
center_2025_04_30_18_14_38_774.jpg,left_2025_04_30_18_14_38_774.jpg,right_2025_04_30_18_14_38_774.jpg,0.0
center_2025_04_30_18_14_38_821.jpg,left_2025_04_30_18_14_38_821.jpg,right_2025_04_30_18_14_38_821.jpg,0.0
center_2025_04_30_18_14_38_872.jpg,left_2025_04_30_18_14_38_872.jpg,right_2025_04_30_18_14_38_872.jpg,0.0
center_2025_04_30_18_14_38_915.jpg,left_2025_04_30_18_14_38_915.jpg,right_2025_04_30_18_14_38_915.jpg,0.0
center_2025_04_30_18_14_38_965.jpg,left_2025_04_30_18_14_38_965.jpg,right_2025_04_30_18_14_38_965.jpg,-0.0105
center_2025_04_30_18_14_39_007.jpg,left_2025_04_30_18_14_39_007.jpg,right_2025_04_30_18_14_39_007.jpg,-0.0255
center_2025_04_30_18_14_39_057.jpg,left_2025_04_30_18_14_39_057.jpg,right_2025_04_30_18_14_39_057.jpg,-0.0416
center_2025_04_30_18_14_39_100.jpg,left_2025_04_30_18_14_39_100.jpg,right_2025_04_30_18_14_39_100.jpg,-0.0589
center_2025_04_30_18_14_39_151.jpg,left_2025_04_30_18_14_39_151.jpg,right_2025_04_30_18_14_39_151.jpg,-0.0773
center_2025_04_30_18_14_39_193.jpg,left_2025_04_30_18_14_39_193.jpg,right_2025_04_30_18_14_39_193.jpg,-0.0852
center_2025_04_30_18_14_39_244.jpg,left_2025_04_30_18_14_39_244.jpg,right_2025_04_30_18_14_39_244.jpg,-0.0889
center_2025_04_30_18_14_39_286.jpg,left_2025_04_30_18_14_39_286.jpg,right_2025_04_30_18_14_39_286.jpg,-0.0917
center_2025_04_30_18_14_39_336.jpg,left_2025_04_30_18_14_39_336.jpg,right_2025_04_30_18_14_39_336.jpg,-0.0954
center_2025_04_30_18_14_39_382.jpg,left_2025_04_30_18_14_39_382.jpg,right_2025_04_30_18_14_39_382.jpg,-0.0985
center_2025_04_30_18_14_39_429.jpg,left_2025_04_30_18_14_39_429.jpg,right_2025_04_30_18_14_39_429.jpg,-0.1019
center_2025_04_30_18_14_39_480.jpg,left_2025_04_30_18_14_39_480.jpg,right_2025_04_30_18_14_39_480.jpg,-0.1058
center_2025_04_30_18_14_39_523.jpg,left_2025_04_30_18_14_39_523.jpg,right_2025_04_30_18_14_39_523.jpg,-0.1109
center_2025_04_30_18_14_39_573.jpg,left_2025_04_30_18_14_39_573.jpg,right_2025_04_30_18_14_39_573.jpg,-0.1166
center_2025_04_30_18_14_39_617.jpg,left_2025_04_30_18_14_39_617.jpg,right_2025_04_30_18_14_39_617.jpg,-0.1245
center_2025_04_30_18_14_39_666.jpg,left_2025_04_30_18_14_39_666.jpg,right_2025_04_30_18_14_39_666.jpg,-0.137
center_2025_04_30_18_14_39_711.jpg,left_2025_04_30_18_14_39_711.jpg,right_2025_04_30_18_14_39_711.jpg,-0.1517
center_2025_04_30_18_14_39_759.jpg,left_2025_04_30_18_14_39_759.jpg,right_2025_04_30_18_14_39_759.jpg,-0.1701
center_2025_04_30_18_14_39_805.jpg,left_2025_04_30_18_14_39_805.jpg,right_2025_04_30_18_14_39_805.jpg,-0.1871
center_2025_04_30_18_14_39_852.jpg,left_2025_04_30_18_14_39_852.jpg,right_2025_04_30_18_14_39_852.jpg,-0.2015
center_2025_04_30_18_14_39_903.jpg,left_2025_04_30_18_14_39_903.jpg,right_2025_04_30_18_14_39_903.jpg,-0.2117
center_2025_04_30_18_14_39_944.jpg,left_2025_04_30_18_14_39_944.jpg,right_2025_04_30_18_14_39_944.jpg,-0.2185
center_2025_04_30_18_14_39_996.jpg,left_2025_04_30_18_14_39_996.jpg,right_2025_04_30_18_14_39_996.jpg,-0.2205
center_2025_04_30_18_14_40_040.jpg,left_2025_04_30_18_14_40_040.jpg,right_2025_04_30_18_14_40_040.jpg,-0.2213
center_2025_04_30_18_14_40_089.jpg,left_2025_04_30_18_14_40_089.jpg,right_2025_04_30_18_14_40_089.jpg,-0.2219
center_2025_04_30_18_14_40_135.jpg,left_2025_04_30_18_14_40_135.jpg,right_2025_04_30_18_14_40_135.jpg,-0.2219
center_2025_04_30_18_14_40_181.jpg,left_2025_04_30_18_14_40_181.jpg,right_2025_04_30_18_14_40_181.jpg,-0.2222
center_2025_04_30_18_14_40_227.jpg,left_2025_04_30_18_14_40_227.jpg,right_2025_04_30_18_14_40_227.jpg,-0.2222
center_2025_04_30_18_14_40_274.jpg,left_2025_04_30_18_14_40_274.jpg,right_2025_04_30_18_14_40_274.jpg,-0.2222
center_2025_04_30_18_14_40_319.jpg,left_2025_04_30_18_14_40_319.jpg,right_2025_04_30_18_14_40_319.jpg,-0.2222
center_2025_04_30_18_14_40_366.jpg,left_2025_04_30_18_14_40_366.jpg,right_2025_04_30_18_14_40_366.jpg,-0.2222
center_2025_04_30_18_14_40_412.jpg,left_2025_04_30_18_14_40_412.jpg,right_2025_04_30_18_14_40_412.jpg,-0.2222
center_2025_04_30_18_14_40_460.jpg,left_2025_04_30_18_14_40_460.jpg,right_2025_04_30_18_14_40_460.jpg,-0.2222
center_2025_04_30_18_14_40_506.jpg,left_2025_04_30_18_14_40_506.jpg,right_2025_04_30_18_14_40_506.jpg,-0.2222
center_2025_04_30_18_14_40_554.jpg,left_2025_04_30_18_14_40_554.jpg,right_2025_04_30_18_14_40_554.jpg,-0.2222
center_2025_04_30_18_14_40_604.jpg,left_2025_04_30_18_14_40_604.jpg,right_2025_04_30_18_14_40_604.jpg,-0.2222
center_2025_04_30_18_14_40_647.jpg,left_2025_04_30_18_14_40_647.jpg,right_2025_04_30_18_14_40_647.jpg,-0.2222
center_2025_04_30_18_14_40_696.jpg,left_2025_04_30_18_14_40_696.jpg,right_2025_04_30_18_14_40_696.jpg,-0.2222
center_2025_04_30_18_14_40_740.jpg,left_2025_04_30_18_14_40_740.jpg,right_2025_04_30_18_14_40_740.jpg,-0.2222
center_2025_04_30_18_14_40_805.jpg,left_2025_04_30_18_14_40_805.jpg,right_2025_04_30_18_14_40_805.jpg,-0.2222
center_2025_04_30_18_14_40_833.jpg,left_2025_04_30_18_14_40_833.jpg,right_2025_04_30_18_14_40_833.jpg,-0.2222
center_2025_04_30_18_14_40_881.jpg,left_2025_04_30_18_14_40_881.jpg,right_2025_04_30_18_14_40_881.jpg,-0.2222
center_2025_04_30_18_14_40_929.jpg,left_2025_04_30_18_14_40_929.jpg,right_2025_04_30_18_14_40_929.jpg,-0.2222
center_2025_04_30_18_14_40_976.jpg,left_2025_04_30_18_14_40_976.jpg,right_2025_04_30_18_14_40_976.jpg,-0.2222
center_2025_04_30_18_14_41_026.jpg,left_2025_04_30_18_14_41_026.jpg,right_2025_04_30_18_14_41_026.jpg,-0.2222
center_2025_04_30_18_14_41_071.jpg,left_2025_04_30_18_14_41_071.jpg,right_2025_04_30_18_14_41_071.jpg,-0.2222
center_2025_04_30_18_14_41_123.jpg,left_2025_04_30_18_14_41_123.jpg,right_2025_04_30_18_14_41_123.jpg,-0.2222
center_2025_04_30_18_14_41_166.jpg,left_2025_04_30_18_14_41_166.jpg,right_2025_04_30_18_14_41_166.jpg,-0.2222
center_2025_04_30_18_14_41_212.jpg,left_2025_04_30_18_14_41_212.jpg,right_2025_04_30_18_14_41_212.jpg,-0.2222
center_2025_04_30_18_14_41_263.jpg,left_2025_04_30_18_14_41_263.jpg,right_2025_04_30_18_14_41_263.jpg,-0.2219
center_2025_04_30_18_14_41_305.jpg,left_2025_04_30_18_14_41_305.jpg,right_2025_04_30_18_14_41_305.jpg,-0.2219
center_2025_04_30_18_14_41_355.jpg,left_2025_04_30_18_14_41_355.jpg,right_2025_04_30_18_14_41_355.jpg,-0.2219
center_2025_04_30_18_14_41_400.jpg,left_2025_04_30_18_14_41_400.jpg,right_2025_04_30_18_14_41_400.jpg,-0.2213
center_2025_04_30_18_14_41_449.jpg,left_2025_04_30_18_14_41_449.jpg,right_2025_04_30_18_14_41_449.jpg,-0.2213
center_2025_04_30_18_14_41_495.jpg,left_2025_04_30_18_14_41_495.jpg,right_2025_04_30_18_14_41_495.jpg,-0.2216
center_2025_04_30_18_14_41_543.jpg,left_2025_04_30_18_14_41_543.jpg,right_2025_04_30_18_14_41_543.jpg,-0.2216
center_2025_04_30_18_14_41_593.jpg,left_2025_04_30_18_14_41_593.jpg,right_2025_04_30_18_14_41_593.jpg,-0.2216
center_2025_04_30_18_14_41_635.jpg,left_2025_04_30_18_14_41_635.jpg,right_2025_04_30_18_14_41_635.jpg,-0.2222
center_2025_04_30_18_14_41_686.jpg,left_2025_04_30_18_14_41_686.jpg,right_2025_04_30_18_14_41_686.jpg,-0.2222
center_2025_04_30_18_14_41_734.jpg,left_2025_04_30_18_14_41_734.jpg,right_2025_04_30_18_14_41_734.jpg,-0.2222
center_2025_04_30_18_14_41_798.jpg,left_2025_04_30_18_14_41_798.jpg,right_2025_04_30_18_14_41_798.jpg,-0.2222
center_2025_04_30_18_14_41_824.jpg,left_2025_04_30_18_14_41_824.jpg,right_2025_04_30_18_14_41_824.jpg,-0.2222
center_2025_04_30_18_14_41_871.jpg,left_2025_04_30_18_14_41_871.jpg,right_2025_04_30_18_14_41_871.jpg,-0.2222
center_2025_04_30_18_14_41_924.jpg,left_2025_04_30_18_14_41_924.jpg,right_2025_04_30_18_14_41_924.jpg,-0.2222
center_2025_04_30_18_14_41_967.jpg,left_2025_04_30_18_14_41_967.jpg,right_2025_04_30_18_14_41_967.jpg,-0.2219
center_2025_04_30_18_14_42_015.jpg,left_2025_04_30_18_14_42_015.jpg,right_2025_04_30_18_14_42_015.jpg,-0.2219
center_2025_04_30_18_14_42_058.jpg,left_2025_04_30_18_14_42_058.jpg,right_2025_04_30_18_14_42_058.jpg,-0.2216
center_2025_04_30_18_14_42_109.jpg,left_2025_04_30_18_14_42_109.jpg,right_2025_04_30_18_14_42_109.jpg,-0.2171
center_2025_04_30_18_14_42_152.jpg,left_2025_04_30_18_14_42_152.jpg,right_2025_04_30_18_14_42_152.jpg,-0.2078
center_2025_04_30_18_14_42_201.jpg,left_2025_04_30_18_14_42_201.jpg,right_2025_04_30_18_14_42_201.jpg,-0.1939
center_2025_04_30_18_14_42_244.jpg,left_2025_04_30_18_14_42_244.jpg,right_2025_04_30_18_14_42_244.jpg,-0.176
center_2025_04_30_18_14_42_294.jpg,left_2025_04_30_18_14_42_294.jpg,right_2025_04_30_18_14_42_294.jpg,-0.1557
center_2025_04_30_18_14_42_339.jpg,left_2025_04_30_18_14_42_339.jpg,right_2025_04_30_18_14_42_339.jpg,-0.1367
center_2025_04_30_18_14_42_387.jpg,left_2025_04_30_18_14_42_387.jpg,right_2025_04_30_18_14_42_387.jpg,-0.1189
center_2025_04_30_18_14_42_432.jpg,left_2025_04_30_18_14_42_432.jpg,right_2025_04_30_18_14_42_432.jpg,-0.1024
center_2025_04_30_18_14_42_485.jpg,left_2025_04_30_18_14_42_485.jpg,right_2025_04_30_18_14_42_485.jpg,-0.0849
center_2025_04_30_18_14_42_525.jpg,left_2025_04_30_18_14_42_525.jpg,right_2025_04_30_18_14_42_525.jpg,-0.0611
center_2025_04_30_18_14_42_573.jpg,left_2025_04_30_18_14_42_573.jpg,right_2025_04_30_18_14_42_573.jpg,-0.0402
center_2025_04_30_18_14_42_618.jpg,left_2025_04_30_18_14_42_618.jpg,right_2025_04_30_18_14_42_618.jpg,-0.0229
center_2025_04_30_18_14_42_665.jpg,left_2025_04_30_18_14_42_665.jpg,right_2025_04_30_18_14_42_665.jpg,-0.0091
center_2025_04_30_18_14_42_712.jpg,left_2025_04_30_18_14_42_712.jpg,right_2025_04_30_18_14_42_712.jpg,0.0
center_2025_04_30_18_14_42_759.jpg,left_2025_04_30_18_14_42_759.jpg,right_2025_04_30_18_14_42_759.jpg,0.0
center_2025_04_30_18_14_42_805.jpg,left_2025_04_30_18_14_42_805.jpg,right_2025_04_30_18_14_42_805.jpg,0.0
center_2025_04_30_18_14_42_852.jpg,left_2025_04_30_18_14_42_852.jpg,right_2025_04_30_18_14_42_852.jpg,0.0
center_2025_04_30_18_14_42_904.jpg,left_2025_04_30_18_14_42_904.jpg,right_2025_04_30_18_14_42_904.jpg,0.0
center_2025_04_30_18_14_42_945.jpg,left_2025_04_30_18_14_42_945.jpg,right_2025_04_30_18_14_42_945.jpg,0.0
center_2025_04_30_18_14_42_995.jpg,left_2025_04_30_18_14_42_995.jpg,right_2025_04_30_18_14_42_995.jpg,0.0
center_2025_04_30_18_14_43_038.jpg,left_2025_04_30_18_14_43_038.jpg,right_2025_04_30_18_14_43_038.jpg,0.0
center_2025_04_30_18_14_43_087.jpg,left_2025_04_30_18_14_43_087.jpg,right_2025_04_30_18_14_43_087.jpg,0.0
center_2025_04_30_18_14_43_133.jpg,left_2025_04_30_18_14_43_133.jpg,right_2025_04_30_18_14_43_133.jpg,0.0
center_2025_04_30_18_14_43_181.jpg,left_2025_04_30_18_14_43_181.jpg,right_2025_04_30_18_14_43_181.jpg,0.0
center_2025_04_30_18_14_43_227.jpg,left_2025_04_30_18_14_43_227.jpg,right_2025_04_30_18_14_43_227.jpg,0.0
center_2025_04_30_18_14_43_273.jpg,left_2025_04_30_18_14_43_273.jpg,right_2025_04_30_18_14_43_273.jpg,0.0
center_2025_04_30_18_14_43_320.jpg,left_2025_04_30_18_14_43_320.jpg,right_2025_04_30_18_14_43_320.jpg,0.0
center_2025_04_30_18_14_43_367.jpg,left_2025_04_30_18_14_43_367.jpg,right_2025_04_30_18_14_43_367.jpg,0.0
center_2025_04_30_18_14_43_417.jpg,left_2025_04_30_18_14_43_417.jpg,right_2025_04_30_18_14_43_417.jpg,0.0
center_2025_04_30_18_14_43_462.jpg,left_2025_04_30_18_14_43_462.jpg,right_2025_04_30_18_14_43_462.jpg,0.0
center_2025_04_30_18_14_43_511.jpg,left_2025_04_30_18_14_43_511.jpg,right_2025_04_30_18_14_43_511.jpg,0.0
center_2025_04_30_18_14_43_555.jpg,left_2025_04_30_18_14_43_555.jpg,right_2025_04_30_18_14_43_555.jpg,0.0
center_2025_04_30_18_14_43_603.jpg,left_2025_04_30_18_14_43_603.jpg,right_2025_04_30_18_14_43_603.jpg,0.0
center_2025_04_30_18_14_43_647.jpg,left_2025_04_30_18_14_43_647.jpg,right_2025_04_30_18_14_43_647.jpg,0.0
center_2025_04_30_18_14_43_696.jpg,left_2025_04_30_18_14_43_696.jpg,right_2025_04_30_18_14_43_696.jpg,0.0
center_2025_04_30_18_14_43_742.jpg,left_2025_04_30_18_14_43_742.jpg,right_2025_04_30_18_14_43_742.jpg,0.0
center_2025_04_30_18_14_43_788.jpg,left_2025_04_30_18_14_43_788.jpg,right_2025_04_30_18_14_43_788.jpg,0.0
center_2025_04_30_18_14_43_835.jpg,left_2025_04_30_18_14_43_835.jpg,right_2025_04_30_18_14_43_835.jpg,0.0
center_2025_04_30_18_14_43_881.jpg,left_2025_04_30_18_14_43_881.jpg,right_2025_04_30_18_14_43_881.jpg,0.0
center_2025_04_30_18_14_43_928.jpg,left_2025_04_30_18_14_43_928.jpg,right_2025_04_30_18_14_43_928.jpg,0.0
center_2025_04_30_18_14_43_974.jpg,left_2025_04_30_18_14_43_974.jpg,right_2025_04_30_18_14_43_974.jpg,0.0
center_2025_04_30_18_14_44_020.jpg,left_2025_04_30_18_14_44_020.jpg,right_2025_04_30_18_14_44_020.jpg,0.0
center_2025_04_30_18_14_44_067.jpg,left_2025_04_30_18_14_44_067.jpg,right_2025_04_30_18_14_44_067.jpg,0.0
center_2025_04_30_18_14_44_118.jpg,left_2025_04_30_18_14_44_118.jpg,right_2025_04_30_18_14_44_118.jpg,0.0
center_2025_04_30_18_14_44_161.jpg,left_2025_04_30_18_14_44_161.jpg,right_2025_04_30_18_14_44_161.jpg,0.0
center_2025_04_30_18_14_44_211.jpg,left_2025_04_30_18_14_44_211.jpg,right_2025_04_30_18_14_44_211.jpg,0.0
center_2025_04_30_18_14_44_255.jpg,left_2025_04_30_18_14_44_255.jpg,right_2025_04_30_18_14_44_255.jpg,0.0
center_2025_04_30_18_14_44_304.jpg,left_2025_04_30_18_14_44_304.jpg,right_2025_04_30_18_14_44_304.jpg,0.0
center_2025_04_30_18_14_44_349.jpg,left_2025_04_30_18_14_44_349.jpg,right_2025_04_30_18_14_44_349.jpg,0.0
center_2025_04_30_18_14_44_396.jpg,left_2025_04_30_18_14_44_396.jpg,right_2025_04_30_18_14_44_396.jpg,0.0
center_2025_04_30_18_14_44_448.jpg,left_2025_04_30_18_14_44_448.jpg,right_2025_04_30_18_14_44_448.jpg,0.0
center_2025_04_30_18_14_44_490.jpg,left_2025_04_30_18_14_44_490.jpg,right_2025_04_30_18_14_44_490.jpg,0.0
center_2025_04_30_18_14_44_540.jpg,left_2025_04_30_18_14_44_540.jpg,right_2025_04_30_18_14_44_540.jpg,0.0
center_2025_04_30_18_14_44_584.jpg,left_2025_04_30_18_14_44_584.jpg,right_2025_04_30_18_14_44_584.jpg,0.0
center_2025_04_30_18_14_44_634.jpg,left_2025_04_30_18_14_44_634.jpg,right_2025_04_30_18_14_44_634.jpg,0.0
center_2025_04_30_18_14_44_678.jpg,left_2025_04_30_18_14_44_678.jpg,right_2025_04_30_18_14_44_678.jpg,0.0
center_2025_04_30_18_14_44_727.jpg,left_2025_04_30_18_14_44_727.jpg,right_2025_04_30_18_14_44_727.jpg,0.0
center_2025_04_30_18_14_44_769.jpg,left_2025_04_30_18_14_44_769.jpg,right_2025_04_30_18_14_44_769.jpg,0.0
center_2025_04_30_18_14_44_823.jpg,left_2025_04_30_18_14_44_823.jpg,right_2025_04_30_18_14_44_823.jpg,0.0
center_2025_04_30_18_14_44_863.jpg,left_2025_04_30_18_14_44_863.jpg,right_2025_04_30_18_14_44_863.jpg,0.0
center_2025_04_30_18_14_44_912.jpg,left_2025_04_30_18_14_44_912.jpg,right_2025_04_30_18_14_44_912.jpg,0.0
center_2025_04_30_18_14_44_956.jpg,left_2025_04_30_18_14_44_956.jpg,right_2025_04_30_18_14_44_956.jpg,0.0
center_2025_04_30_18_14_45_005.jpg,left_2025_04_30_18_14_45_005.jpg,right_2025_04_30_18_14_45_005.jpg,0.0
center_2025_04_30_18_14_45_049.jpg,left_2025_04_30_18_14_45_049.jpg,right_2025_04_30_18_14_45_049.jpg,0.0
center_2025_04_30_18_14_45_098.jpg,left_2025_04_30_18_14_45_098.jpg,right_2025_04_30_18_14_45_098.jpg,0.0
center_2025_04_30_18_14_45_143.jpg,left_2025_04_30_18_14_45_143.jpg,right_2025_04_30_18_14_45_143.jpg,0.0
center_2025_04_30_18_14_45_190.jpg,left_2025_04_30_18_14_45_190.jpg,right_2025_04_30_18_14_45_190.jpg,0.0
center_2025_04_30_18_14_45_236.jpg,left_2025_04_30_18_14_45_236.jpg,right_2025_04_30_18_14_45_236.jpg,0.0
center_2025_04_30_18_14_45_283.jpg,left_2025_04_30_18_14_45_283.jpg,right_2025_04_30_18_14_45_283.jpg,0.0
center_2025_04_30_18_14_45_331.jpg,left_2025_04_30_18_14_45_331.jpg,right_2025_04_30_18_14_45_331.jpg,0.0
center_2025_04_30_18_14_45_378.jpg,left_2025_04_30_18_14_45_378.jpg,right_2025_04_30_18_14_45_378.jpg,0.0
center_2025_04_30_18_14_45_428.jpg,left_2025_04_30_18_14_45_428.jpg,right_2025_04_30_18_14_45_428.jpg,0.0
center_2025_04_30_18_14_45_471.jpg,left_2025_04_30_18_14_45_471.jpg,right_2025_04_30_18_14_45_471.jpg,0.0
center_2025_04_30_18_14_45_520.jpg,left_2025_04_30_18_14_45_520.jpg,right_2025_04_30_18_14_45_520.jpg,0.0
center_2025_04_30_18_14_45_565.jpg,left_2025_04_30_18_14_45_565.jpg,right_2025_04_30_18_14_45_565.jpg,0.0
center_2025_04_30_18_14_45_613.jpg,left_2025_04_30_18_14_45_613.jpg,right_2025_04_30_18_14_45_613.jpg,0.0
center_2025_04_30_18_14_45_659.jpg,left_2025_04_30_18_14_45_659.jpg,right_2025_04_30_18_14_45_659.jpg,0.0
center_2025_04_30_18_14_45_707.jpg,left_2025_04_30_18_14_45_707.jpg,right_2025_04_30_18_14_45_707.jpg,0.0
center_2025_04_30_18_14_45_758.jpg,left_2025_04_30_18_14_45_758.jpg,right_2025_04_30_18_14_45_758.jpg,0.0
center_2025_04_30_18_14_45_799.jpg,left_2025_04_30_18_14_45_799.jpg,right_2025_04_30_18_14_45_799.jpg,0.0
center_2025_04_30_18_14_45_851.jpg,left_2025_04_30_18_14_45_851.jpg,right_2025_04_30_18_14_45_851.jpg,0.0
center_2025_04_30_18_14_45_897.jpg,left_2025_04_30_18_14_45_897.jpg,right_2025_04_30_18_14_45_897.jpg,0.0
center_2025_04_30_18_14_45_943.jpg,left_2025_04_30_18_14_45_943.jpg,right_2025_04_30_18_14_45_943.jpg,0.0
center_2025_04_30_18_14_45_987.jpg,left_2025_04_30_18_14_45_987.jpg,right_2025_04_30_18_14_45_987.jpg,0.0
center_2025_04_30_18_14_46_035.jpg,left_2025_04_30_18_14_46_035.jpg,right_2025_04_30_18_14_46_035.jpg,0.0
center_2025_04_30_18_14_46_080.jpg,left_2025_04_30_18_14_46_080.jpg,right_2025_04_30_18_14_46_080.jpg,0.0
center_2025_04_30_18_14_46_128.jpg,left_2025_04_30_18_14_46_128.jpg,right_2025_04_30_18_14_46_128.jpg,0.0
center_2025_04_30_18_14_46_174.jpg,left_2025_04_30_18_14_46_174.jpg,right_2025_04_30_18_14_46_174.jpg,0.0
center_2025_04_30_18_14_46_221.jpg,left_2025_04_30_18_14_46_221.jpg,right_2025_04_30_18_14_46_221.jpg,0.0
center_2025_04_30_18_14_46_273.jpg,left_2025_04_30_18_14_46_273.jpg,right_2025_04_30_18_14_46_273.jpg,0.0
center_2025_04_30_18_14_46_317.jpg,left_2025_04_30_18_14_46_317.jpg,right_2025_04_30_18_14_46_317.jpg,0.0
center_2025_04_30_18_14_46_365.jpg,left_2025_04_30_18_14_46_365.jpg,right_2025_04_30_18_14_46_365.jpg,0.0
center_2025_04_30_18_14_46_410.jpg,left_2025_04_30_18_14_46_410.jpg,right_2025_04_30_18_14_46_410.jpg,0.0
center_2025_04_30_18_14_46_458.jpg,left_2025_04_30_18_14_46_458.jpg,right_2025_04_30_18_14_46_458.jpg,0.0
center_2025_04_30_18_14_46_505.jpg,left_2025_04_30_18_14_46_505.jpg,right_2025_04_30_18_14_46_505.jpg,0.0
center_2025_04_30_18_14_46_552.jpg,left_2025_04_30_18_14_46_552.jpg,right_2025_04_30_18_14_46_552.jpg,0.0
center_2025_04_30_18_14_46_613.jpg,left_2025_04_30_18_14_46_613.jpg,right_2025_04_30_18_14_46_613.jpg,0.0
center_2025_04_30_18_14_46_645.jpg,left_2025_04_30_18_14_46_645.jpg,right_2025_04_30_18_14_46_645.jpg,0.0
center_2025_04_30_18_14_46_695.jpg,left_2025_04_30_18_14_46_695.jpg,right_2025_04_30_18_14_46_695.jpg,0.0
center_2025_04_30_18_14_46_738.jpg,left_2025_04_30_18_14_46_738.jpg,right_2025_04_30_18_14_46_738.jpg,0.0
center_2025_04_30_18_14_46_788.jpg,left_2025_04_30_18_14_46_788.jpg,right_2025_04_30_18_14_46_788.jpg,0.0
center_2025_04_30_18_14_46_833.jpg,left_2025_04_30_18_14_46_833.jpg,right_2025_04_30_18_14_46_833.jpg,0.0
center_2025_04_30_18_14_46_882.jpg,left_2025_04_30_18_14_46_882.jpg,right_2025_04_30_18_14_46_882.jpg,0.0
center_2025_04_30_18_14_46_933.jpg,left_2025_04_30_18_14_46_933.jpg,right_2025_04_30_18_14_46_933.jpg,0.0
center_2025_04_30_18_14_46_981.jpg,left_2025_04_30_18_14_46_981.jpg,right_2025_04_30_18_14_46_981.jpg,0.0
center_2025_04_30_18_14_47_025.jpg,left_2025_04_30_18_14_47_025.jpg,right_2025_04_30_18_14_47_025.jpg,0.0
center_2025_04_30_18_14_47_069.jpg,left_2025_04_30_18_14_47_069.jpg,right_2025_04_30_18_14_47_069.jpg,0.0
center_2025_04_30_18_14_47_118.jpg,left_2025_04_30_18_14_47_118.jpg,right_2025_04_30_18_14_47_118.jpg,0.0
center_2025_04_30_18_14_47_162.jpg,left_2025_04_30_18_14_47_162.jpg,right_2025_04_30_18_14_47_162.jpg,0.0
center_2025_04_30_18_14_47_211.jpg,left_2025_04_30_18_14_47_211.jpg,right_2025_04_30_18_14_47_211.jpg,0.0
center_2025_04_30_18_14_47_256.jpg,left_2025_04_30_18_14_47_256.jpg,right_2025_04_30_18_14_47_256.jpg,0.0
center_2025_04_30_18_14_47_303.jpg,left_2025_04_30_18_14_47_303.jpg,right_2025_04_30_18_14_47_303.jpg,0.0
center_2025_04_30_18_14_47_356.jpg,left_2025_04_30_18_14_47_356.jpg,right_2025_04_30_18_14_47_356.jpg,0.0
center_2025_04_30_18_14_47_398.jpg,left_2025_04_30_18_14_47_398.jpg,right_2025_04_30_18_14_47_398.jpg,0.0
center_2025_04_30_18_14_47_448.jpg,left_2025_04_30_18_14_47_448.jpg,right_2025_04_30_18_14_47_448.jpg,0.0
center_2025_04_30_18_14_47_491.jpg,left_2025_04_30_18_14_47_491.jpg,right_2025_04_30_18_14_47_491.jpg,0.0
center_2025_04_30_18_14_47_542.jpg,left_2025_04_30_18_14_47_542.jpg,right_2025_04_30_18_14_47_542.jpg,0.0
center_2025_04_30_18_14_47_584.jpg,left_2025_04_30_18_14_47_584.jpg,right_2025_04_30_18_14_47_584.jpg,0.0
center_2025_04_30_18_14_47_633.jpg,left_2025_04_30_18_14_47_633.jpg,right_2025_04_30_18_14_47_633.jpg,0.0
center_2025_04_30_18_14_47_678.jpg,left_2025_04_30_18_14_47_678.jpg,right_2025_04_30_18_14_47_678.jpg,0.0
center_2025_04_30_18_14_47_727.jpg,left_2025_04_30_18_14_47_727.jpg,right_2025_04_30_18_14_47_727.jpg,0.0
center_2025_04_30_18_14_47_772.jpg,left_2025_04_30_18_14_47_772.jpg,right_2025_04_30_18_14_47_772.jpg,0.0
center_2025_04_30_18_14_47_819.jpg,left_2025_04_30_18_14_47_819.jpg,right_2025_04_30_18_14_47_819.jpg,0.0
center_2025_04_30_18_14_47_866.jpg,left_2025_04_30_18_14_47_866.jpg,right_2025_04_30_18_14_47_866.jpg,-0.0113
center_2025_04_30_18_14_47_914.jpg,left_2025_04_30_18_14_47_914.jpg,right_2025_04_30_18_14_47_914.jpg,-0.0243
center_2025_04_30_18_14_47_963.jpg,left_2025_04_30_18_14_47_963.jpg,right_2025_04_30_18_14_47_963.jpg,-0.0391
center_2025_04_30_18_14_48_007.jpg,left_2025_04_30_18_14_48_007.jpg,right_2025_04_30_18_14_48_007.jpg,-0.056
center_2025_04_30_18_14_48_057.jpg,left_2025_04_30_18_14_48_057.jpg,right_2025_04_30_18_14_48_057.jpg,-0.0744
center_2025_04_30_18_14_48_099.jpg,left_2025_04_30_18_14_48_099.jpg,right_2025_04_30_18_14_48_099.jpg,-0.0824
center_2025_04_30_18_14_48_145.jpg,left_2025_04_30_18_14_48_145.jpg,right_2025_04_30_18_14_48_145.jpg,-0.0903
center_2025_04_30_18_14_48_190.jpg,left_2025_04_30_18_14_48_190.jpg,right_2025_04_30_18_14_48_190.jpg,-0.0968
center_2025_04_30_18_14_48_242.jpg,left_2025_04_30_18_14_48_242.jpg,right_2025_04_30_18_14_48_242.jpg,-0.1022
center_2025_04_30_18_14_48_284.jpg,left_2025_04_30_18_14_48_284.jpg,right_2025_04_30_18_14_48_284.jpg,-0.1061
center_2025_04_30_18_14_48_343.jpg,left_2025_04_30_18_14_48_343.jpg,right_2025_04_30_18_14_48_343.jpg,-0.1098
center_2025_04_30_18_14_48_407.jpg,left_2025_04_30_18_14_48_407.jpg,right_2025_04_30_18_14_48_407.jpg,-0.1121
center_2025_04_30_18_14_48_428.jpg,left_2025_04_30_18_14_48_428.jpg,right_2025_04_30_18_14_48_428.jpg,-0.1146
center_2025_04_30_18_14_48_472.jpg,left_2025_04_30_18_14_48_472.jpg,right_2025_04_30_18_14_48_472.jpg,-0.1163
center_2025_04_30_18_14_48_520.jpg,left_2025_04_30_18_14_48_520.jpg,right_2025_04_30_18_14_48_520.jpg,-0.1191
center_2025_04_30_18_14_48_565.jpg,left_2025_04_30_18_14_48_565.jpg,right_2025_04_30_18_14_48_565.jpg,-0.1228
center_2025_04_30_18_14_48_613.jpg,left_2025_04_30_18_14_48_613.jpg,right_2025_04_30_18_14_48_613.jpg,-0.1296
center_2025_04_30_18_14_48_660.jpg,left_2025_04_30_18_14_48_660.jpg,right_2025_04_30_18_14_48_660.jpg,-0.1381
center_2025_04_30_18_14_48_707.jpg,left_2025_04_30_18_14_48_707.jpg,right_2025_04_30_18_14_48_707.jpg,-0.1472
center_2025_04_30_18_14_48_757.jpg,left_2025_04_30_18_14_48_757.jpg,right_2025_04_30_18_14_48_757.jpg,-0.1557
center_2025_04_30_18_14_48_799.jpg,left_2025_04_30_18_14_48_799.jpg,right_2025_04_30_18_14_48_799.jpg,-0.163
center_2025_04_30_18_14_48_849.jpg,left_2025_04_30_18_14_48_849.jpg,right_2025_04_30_18_14_48_849.jpg,-0.167
center_2025_04_30_18_14_48_894.jpg,left_2025_04_30_18_14_48_894.jpg,right_2025_04_30_18_14_48_894.jpg,-0.1692
center_2025_04_30_18_14_48_943.jpg,left_2025_04_30_18_14_48_943.jpg,right_2025_04_30_18_14_48_943.jpg,-0.1712
center_2025_04_30_18_14_48_988.jpg,left_2025_04_30_18_14_48_988.jpg,right_2025_04_30_18_14_48_988.jpg,-0.1735
center_2025_04_30_18_14_49_036.jpg,left_2025_04_30_18_14_49_036.jpg,right_2025_04_30_18_14_49_036.jpg,-0.1777
center_2025_04_30_18_14_49_079.jpg,left_2025_04_30_18_14_49_079.jpg,right_2025_04_30_18_14_49_079.jpg,-0.1851
center_2025_04_30_18_14_49_128.jpg,left_2025_04_30_18_14_49_128.jpg,right_2025_04_30_18_14_49_128.jpg,-0.1939
center_2025_04_30_18_14_49_174.jpg,left_2025_04_30_18_14_49_174.jpg,right_2025_04_30_18_14_49_174.jpg,-0.2029
center_2025_04_30_18_14_49_222.jpg,left_2025_04_30_18_14_49_222.jpg,right_2025_04_30_18_14_49_222.jpg,-0.2114
center_2025_04_30_18_14_49_272.jpg,left_2025_04_30_18_14_49_272.jpg,right_2025_04_30_18_14_49_272.jpg,-0.2177
center_2025_04_30_18_14_49_314.jpg,left_2025_04_30_18_14_49_314.jpg,right_2025_04_30_18_14_49_314.jpg,-0.2208
center_2025_04_30_18_14_49_365.jpg,left_2025_04_30_18_14_49_365.jpg,right_2025_04_30_18_14_49_365.jpg,-0.2219
center_2025_04_30_18_14_49_408.jpg,left_2025_04_30_18_14_49_408.jpg,right_2025_04_30_18_14_49_408.jpg,-0.2222
center_2025_04_30_18_14_49_457.jpg,left_2025_04_30_18_14_49_457.jpg,right_2025_04_30_18_14_49_457.jpg,-0.2222
center_2025_04_30_18_14_49_502.jpg,left_2025_04_30_18_14_49_502.jpg,right_2025_04_30_18_14_49_502.jpg,-0.2222
center_2025_04_30_18_14_49_551.jpg,left_2025_04_30_18_14_49_551.jpg,right_2025_04_30_18_14_49_551.jpg,-0.2222
center_2025_04_30_18_14_49_593.jpg,left_2025_04_30_18_14_49_593.jpg,right_2025_04_30_18_14_49_593.jpg,-0.2222
center_2025_04_30_18_14_49_644.jpg,left_2025_04_30_18_14_49_644.jpg,right_2025_04_30_18_14_49_644.jpg,-0.2222
center_2025_04_30_18_14_49_686.jpg,left_2025_04_30_18_14_49_686.jpg,right_2025_04_30_18_14_49_686.jpg,-0.2225
center_2025_04_30_18_14_49_736.jpg,left_2025_04_30_18_14_49_736.jpg,right_2025_04_30_18_14_49_736.jpg,-0.2225
center_2025_04_30_18_14_49_781.jpg,left_2025_04_30_18_14_49_781.jpg,right_2025_04_30_18_14_49_781.jpg,-0.2225
center_2025_04_30_18_14_49_829.jpg,left_2025_04_30_18_14_49_829.jpg,right_2025_04_30_18_14_49_829.jpg,-0.2225
center_2025_04_30_18_14_49_875.jpg,left_2025_04_30_18_14_49_875.jpg,right_2025_04_30_18_14_49_875.jpg,-0.2228
center_2025_04_30_18_14_49_923.jpg,left_2025_04_30_18_14_49_923.jpg,right_2025_04_30_18_14_49_923.jpg,-0.2225
center_2025_04_30_18_14_49_974.jpg,left_2025_04_30_18_14_49_974.jpg,right_2025_04_30_18_14_49_974.jpg,-0.2228
center_2025_04_30_18_14_50_016.jpg,left_2025_04_30_18_14_50_016.jpg,right_2025_04_30_18_14_50_016.jpg,-0.223
center_2025_04_30_18_14_50_067.jpg,left_2025_04_30_18_14_50_067.jpg,right_2025_04_30_18_14_50_067.jpg,-0.223
center_2025_04_30_18_14_50_111.jpg,left_2025_04_30_18_14_50_111.jpg,right_2025_04_30_18_14_50_111.jpg,-0.2228
center_2025_04_30_18_14_50_159.jpg,left_2025_04_30_18_14_50_159.jpg,right_2025_04_30_18_14_50_159.jpg,-0.2228
center_2025_04_30_18_14_50_204.jpg,left_2025_04_30_18_14_50_204.jpg,right_2025_04_30_18_14_50_204.jpg,-0.2228
center_2025_04_30_18_14_50_252.jpg,left_2025_04_30_18_14_50_252.jpg,right_2025_04_30_18_14_50_252.jpg,-0.2228
center_2025_04_30_18_14_50_298.jpg,left_2025_04_30_18_14_50_298.jpg,right_2025_04_30_18_14_50_298.jpg,-0.2228
center_2025_04_30_18_14_50_345.jpg,left_2025_04_30_18_14_50_345.jpg,right_2025_04_30_18_14_50_345.jpg,-0.2228
center_2025_04_30_18_14_50_391.jpg,left_2025_04_30_18_14_50_391.jpg,right_2025_04_30_18_14_50_391.jpg,-0.223
center_2025_04_30_18_14_50_438.jpg,left_2025_04_30_18_14_50_438.jpg,right_2025_04_30_18_14_50_438.jpg,-0.2228
center_2025_04_30_18_14_50_484.jpg,left_2025_04_30_18_14_50_484.jpg,right_2025_04_30_18_14_50_484.jpg,-0.2228
center_2025_04_30_18_14_50_533.jpg,left_2025_04_30_18_14_50_533.jpg,right_2025_04_30_18_14_50_533.jpg,-0.2228
center_2025_04_30_18_14_50_581.jpg,left_2025_04_30_18_14_50_581.jpg,right_2025_04_30_18_14_50_581.jpg,-0.2228
center_2025_04_30_18_14_50_625.jpg,left_2025_04_30_18_14_50_625.jpg,right_2025_04_30_18_14_50_625.jpg,-0.2228
center_2025_04_30_18_14_50_675.jpg,left_2025_04_30_18_14_50_675.jpg,right_2025_04_30_18_14_50_675.jpg,-0.2228
center_2025_04_30_18_14_50_719.jpg,left_2025_04_30_18_14_50_719.jpg,right_2025_04_30_18_14_50_719.jpg,-0.2228
center_2025_04_30_18_14_50_767.jpg,left_2025_04_30_18_14_50_767.jpg,right_2025_04_30_18_14_50_767.jpg,-0.2228
center_2025_04_30_18_14_50_813.jpg,left_2025_04_30_18_14_50_813.jpg,right_2025_04_30_18_14_50_813.jpg,-0.2228
center_2025_04_30_18_14_50_860.jpg,left_2025_04_30_18_14_50_860.jpg,right_2025_04_30_18_14_50_860.jpg,-0.2228
center_2025_04_30_18_14_50_906.jpg,left_2025_04_30_18_14_50_906.jpg,right_2025_04_30_18_14_50_906.jpg,-0.2228
center_2025_04_30_18_14_50_954.jpg,left_2025_04_30_18_14_50_954.jpg,right_2025_04_30_18_14_50_954.jpg,-0.2228
center_2025_04_30_18_14_51_004.jpg,left_2025_04_30_18_14_51_004.jpg,right_2025_04_30_18_14_51_004.jpg,-0.223
center_2025_04_30_18_14_51_047.jpg,left_2025_04_30_18_14_51_047.jpg,right_2025_04_30_18_14_51_047.jpg,-0.223
center_2025_04_30_18_14_51_098.jpg,left_2025_04_30_18_14_51_098.jpg,right_2025_04_30_18_14_51_098.jpg,-0.2228
center_2025_04_30_18_14_51_140.jpg,left_2025_04_30_18_14_51_140.jpg,right_2025_04_30_18_14_51_140.jpg,-0.2228
center_2025_04_30_18_14_51_190.jpg,left_2025_04_30_18_14_51_190.jpg,right_2025_04_30_18_14_51_190.jpg,-0.2222
center_2025_04_30_18_14_51_234.jpg,left_2025_04_30_18_14_51_234.jpg,right_2025_04_30_18_14_51_234.jpg,-0.2188
center_2025_04_30_18_14_51_282.jpg,left_2025_04_30_18_14_51_282.jpg,right_2025_04_30_18_14_51_282.jpg,-0.2103
center_2025_04_30_18_14_51_328.jpg,left_2025_04_30_18_14_51_328.jpg,right_2025_04_30_18_14_51_328.jpg,-0.1981
center_2025_04_30_18_14_51_376.jpg,left_2025_04_30_18_14_51_376.jpg,right_2025_04_30_18_14_51_376.jpg,-0.1828
center_2025_04_30_18_14_51_422.jpg,left_2025_04_30_18_14_51_422.jpg,right_2025_04_30_18_14_51_422.jpg,-0.1647
center_2025_04_30_18_14_51_468.jpg,left_2025_04_30_18_14_51_468.jpg,right_2025_04_30_18_14_51_468.jpg,-0.1458
center_2025_04_30_18_14_51_519.jpg,left_2025_04_30_18_14_51_519.jpg,right_2025_04_30_18_14_51_519.jpg,-0.1288
center_2025_04_30_18_14_51_564.jpg,left_2025_04_30_18_14_51_564.jpg,right_2025_04_30_18_14_51_564.jpg,-0.1132
center_2025_04_30_18_14_51_612.jpg,left_2025_04_30_18_14_51_612.jpg,right_2025_04_30_18_14_51_612.jpg,-0.0991
center_2025_04_30_18_14_51_655.jpg,left_2025_04_30_18_14_51_655.jpg,right_2025_04_30_18_14_51_655.jpg,-0.0877
center_2025_04_30_18_14_51_705.jpg,left_2025_04_30_18_14_51_705.jpg,right_2025_04_30_18_14_51_705.jpg,-0.0795
center_2025_04_30_18_14_51_749.jpg,left_2025_04_30_18_14_51_749.jpg,right_2025_04_30_18_14_51_749.jpg,-0.0742
center_2025_04_30_18_14_51_798.jpg,left_2025_04_30_18_14_51_798.jpg,right_2025_04_30_18_14_51_798.jpg,-0.0708
center_2025_04_30_18_14_51_843.jpg,left_2025_04_30_18_14_51_843.jpg,right_2025_04_30_18_14_51_843.jpg,-0.0676
center_2025_04_30_18_14_51_890.jpg,left_2025_04_30_18_14_51_890.jpg,right_2025_04_30_18_14_51_890.jpg,-0.0617
center_2025_04_30_18_14_51_936.jpg,left_2025_04_30_18_14_51_936.jpg,right_2025_04_30_18_14_51_936.jpg,-0.0475
center_2025_04_30_18_14_51_983.jpg,left_2025_04_30_18_14_51_983.jpg,right_2025_04_30_18_14_51_983.jpg,-0.034
center_2025_04_30_18_14_52_028.jpg,left_2025_04_30_18_14_52_028.jpg,right_2025_04_30_18_14_52_028.jpg,-0.0207
center_2025_04_30_18_14_52_076.jpg,left_2025_04_30_18_14_52_076.jpg,right_2025_04_30_18_14_52_076.jpg,-0.0088
center_2025_04_30_18_14_52_127.jpg,left_2025_04_30_18_14_52_127.jpg,right_2025_04_30_18_14_52_127.jpg,0.0
center_2025_04_30_18_14_52_170.jpg,left_2025_04_30_18_14_52_170.jpg,right_2025_04_30_18_14_52_170.jpg,0.0
center_2025_04_30_18_14_52_220.jpg,left_2025_04_30_18_14_52_220.jpg,right_2025_04_30_18_14_52_220.jpg,0.0
center_2025_04_30_18_14_52_265.jpg,left_2025_04_30_18_14_52_265.jpg,right_2025_04_30_18_14_52_265.jpg,0.0
center_2025_04_30_18_14_52_313.jpg,left_2025_04_30_18_14_52_313.jpg,right_2025_04_30_18_14_52_313.jpg,0.0
center_2025_04_30_18_14_52_360.jpg,left_2025_04_30_18_14_52_360.jpg,right_2025_04_30_18_14_52_360.jpg,0.0
center_2025_04_30_18_14_52_406.jpg,left_2025_04_30_18_14_52_406.jpg,right_2025_04_30_18_14_52_406.jpg,0.0
center_2025_04_30_18_14_52_452.jpg,left_2025_04_30_18_14_52_452.jpg,right_2025_04_30_18_14_52_452.jpg,0.0
center_2025_04_30_18_14_52_499.jpg,left_2025_04_30_18_14_52_499.jpg,right_2025_04_30_18_14_52_499.jpg,0.0
center_2025_04_30_18_14_52_546.jpg,left_2025_04_30_18_14_52_546.jpg,right_2025_04_30_18_14_52_546.jpg,0.0
center_2025_04_30_18_14_52_593.jpg,left_2025_04_30_18_14_52_593.jpg,right_2025_04_30_18_14_52_593.jpg,0.0
center_2025_04_30_18_14_52_643.jpg,left_2025_04_30_18_14_52_643.jpg,right_2025_04_30_18_14_52_643.jpg,0.0
center_2025_04_30_18_14_52_686.jpg,left_2025_04_30_18_14_52_686.jpg,right_2025_04_30_18_14_52_686.jpg,0.0
center_2025_04_30_18_14_52_736.jpg,left_2025_04_30_18_14_52_736.jpg,right_2025_04_30_18_14_52_736.jpg,0.0
center_2025_04_30_18_14_52_781.jpg,left_2025_04_30_18_14_52_781.jpg,right_2025_04_30_18_14_52_781.jpg,0.0
center_2025_04_30_18_14_52_828.jpg,left_2025_04_30_18_14_52_828.jpg,right_2025_04_30_18_14_52_828.jpg,0.0
center_2025_04_30_18_14_52_875.jpg,left_2025_04_30_18_14_52_875.jpg,right_2025_04_30_18_14_52_875.jpg,0.0
center_2025_04_30_18_14_52_921.jpg,left_2025_04_30_18_14_52_921.jpg,right_2025_04_30_18_14_52_921.jpg,0.0
center_2025_04_30_18_14_52_967.jpg,left_2025_04_30_18_14_52_967.jpg,right_2025_04_30_18_14_52_967.jpg,0.0
center_2025_04_30_18_14_53_014.jpg,left_2025_04_30_18_14_53_014.jpg,right_2025_04_30_18_14_53_014.jpg,0.0
center_2025_04_30_18_14_53_066.jpg,left_2025_04_30_18_14_53_066.jpg,right_2025_04_30_18_14_53_066.jpg,0.0
center_2025_04_30_18_14_53_108.jpg,left_2025_04_30_18_14_53_108.jpg,right_2025_04_30_18_14_53_108.jpg,0.0
center_2025_04_30_18_14_53_158.jpg,left_2025_04_30_18_14_53_158.jpg,right_2025_04_30_18_14_53_158.jpg,0.0
center_2025_04_30_18_14_53_201.jpg,left_2025_04_30_18_14_53_201.jpg,right_2025_04_30_18_14_53_201.jpg,0.0
center_2025_04_30_18_14_53_251.jpg,left_2025_04_30_18_14_53_251.jpg,right_2025_04_30_18_14_53_251.jpg,0.0
center_2025_04_30_18_14_53_294.jpg,left_2025_04_30_18_14_53_294.jpg,right_2025_04_30_18_14_53_294.jpg,0.0
center_2025_04_30_18_14_53_339.jpg,left_2025_04_30_18_14_53_339.jpg,right_2025_04_30_18_14_53_339.jpg,0.0
center_2025_04_30_18_14_53_386.jpg,left_2025_04_30_18_14_53_386.jpg,right_2025_04_30_18_14_53_386.jpg,0.0
center_2025_04_30_18_14_53_431.jpg,left_2025_04_30_18_14_53_431.jpg,right_2025_04_30_18_14_53_431.jpg,0.0
center_2025_04_30_18_14_53_480.jpg,left_2025_04_30_18_14_53_480.jpg,right_2025_04_30_18_14_53_480.jpg,0.0
center_2025_04_30_18_14_53_530.jpg,left_2025_04_30_18_14_53_530.jpg,right_2025_04_30_18_14_53_530.jpg,0.0
center_2025_04_30_18_14_53_573.jpg,left_2025_04_30_18_14_53_573.jpg,right_2025_04_30_18_14_53_573.jpg,0.0
center_2025_04_30_18_14_53_622.jpg,left_2025_04_30_18_14_53_622.jpg,right_2025_04_30_18_14_53_622.jpg,0.0
center_2025_04_30_18_14_53_668.jpg,left_2025_04_30_18_14_53_668.jpg,right_2025_04_30_18_14_53_668.jpg,0.0
center_2025_04_30_18_14_53_715.jpg,left_2025_04_30_18_14_53_715.jpg,right_2025_04_30_18_14_53_715.jpg,0.0
center_2025_04_30_18_14_53_761.jpg,left_2025_04_30_18_14_53_761.jpg,right_2025_04_30_18_14_53_761.jpg,0.0
center_2025_04_30_18_14_53_808.jpg,left_2025_04_30_18_14_53_808.jpg,right_2025_04_30_18_14_53_808.jpg,0.0
center_2025_04_30_18_14_53_854.jpg,left_2025_04_30_18_14_53_854.jpg,right_2025_04_30_18_14_53_854.jpg,0.0
center_2025_04_30_18_14_53_900.jpg,left_2025_04_30_18_14_53_900.jpg,right_2025_04_30_18_14_53_900.jpg,0.0
center_2025_04_30_18_14_53_947.jpg,left_2025_04_30_18_14_53_947.jpg,right_2025_04_30_18_14_53_947.jpg,0.0
center_2025_04_30_18_14_53_995.jpg,left_2025_04_30_18_14_53_995.jpg,right_2025_04_30_18_14_53_995.jpg,0.0
center_2025_04_30_18_14_54_045.jpg,left_2025_04_30_18_14_54_045.jpg,right_2025_04_30_18_14_54_045.jpg,0.0
center_2025_04_30_18_14_54_090.jpg,left_2025_04_30_18_14_54_090.jpg,right_2025_04_30_18_14_54_090.jpg,0.0
center_2025_04_30_18_14_54_138.jpg,left_2025_04_30_18_14_54_138.jpg,right_2025_04_30_18_14_54_138.jpg,0.0
center_2025_04_30_18_14_54_184.jpg,left_2025_04_30_18_14_54_184.jpg,right_2025_04_30_18_14_54_184.jpg,0.0
center_2025_04_30_18_14_54_231.jpg,left_2025_04_30_18_14_54_231.jpg,right_2025_04_30_18_14_54_231.jpg,0.0
center_2025_04_30_18_14_54_282.jpg,left_2025_04_30_18_14_54_282.jpg,right_2025_04_30_18_14_54_282.jpg,0.0
center_2025_04_30_18_14_54_325.jpg,left_2025_04_30_18_14_54_325.jpg,right_2025_04_30_18_14_54_325.jpg,0.0
center_2025_04_30_18_14_54_375.jpg,left_2025_04_30_18_14_54_375.jpg,right_2025_04_30_18_14_54_375.jpg,0.0
center_2025_04_30_18_14_54_418.jpg,left_2025_04_30_18_14_54_418.jpg,right_2025_04_30_18_14_54_418.jpg,0.0
center_2025_04_30_18_14_54_467.jpg,left_2025_04_30_18_14_54_467.jpg,right_2025_04_30_18_14_54_467.jpg,0.0
center_2025_04_30_18_14_54_509.jpg,left_2025_04_30_18_14_54_509.jpg,right_2025_04_30_18_14_54_509.jpg,0.0
center_2025_04_30_18_14_54_560.jpg,left_2025_04_30_18_14_54_560.jpg,right_2025_04_30_18_14_54_560.jpg,0.0
center_2025_04_30_18_14_54_602.jpg,left_2025_04_30_18_14_54_602.jpg,right_2025_04_30_18_14_54_602.jpg,0.0
center_2025_04_30_18_14_54_653.jpg,left_2025_04_30_18_14_54_653.jpg,right_2025_04_30_18_14_54_653.jpg,0.0
center_2025_04_30_18_14_54_697.jpg,left_2025_04_30_18_14_54_697.jpg,right_2025_04_30_18_14_54_697.jpg,0.0
center_2025_04_30_18_14_54_745.jpg,left_2025_04_30_18_14_54_745.jpg,right_2025_04_30_18_14_54_745.jpg,0.0
center_2025_04_30_18_14_54_792.jpg,left_2025_04_30_18_14_54_792.jpg,right_2025_04_30_18_14_54_792.jpg,0.0
center_2025_04_30_18_14_54_839.jpg,left_2025_04_30_18_14_54_839.jpg,right_2025_04_30_18_14_54_839.jpg,0.0
center_2025_04_30_18_14_54_890.jpg,left_2025_04_30_18_14_54_890.jpg,right_2025_04_30_18_14_54_890.jpg,0.0
center_2025_04_30_18_14_54_933.jpg,left_2025_04_30_18_14_54_933.jpg,right_2025_04_30_18_14_54_933.jpg,0.0
center_2025_04_30_18_14_54_984.jpg,left_2025_04_30_18_14_54_984.jpg,right_2025_04_30_18_14_54_984.jpg,0.0
center_2025_04_30_18_14_55_027.jpg,left_2025_04_30_18_14_55_027.jpg,right_2025_04_30_18_14_55_027.jpg,0.0
center_2025_04_30_18_14_55_076.jpg,left_2025_04_30_18_14_55_076.jpg,right_2025_04_30_18_14_55_076.jpg,0.0
center_2025_04_30_18_14_55_119.jpg,left_2025_04_30_18_14_55_119.jpg,right_2025_04_30_18_14_55_119.jpg,0.0
center_2025_04_30_18_14_55_168.jpg,left_2025_04_30_18_14_55_168.jpg,right_2025_04_30_18_14_55_168.jpg,0.0
center_2025_04_30_18_14_55_213.jpg,left_2025_04_30_18_14_55_213.jpg,right_2025_04_30_18_14_55_213.jpg,0.0
center_2025_04_30_18_14_55_261.jpg,left_2025_04_30_18_14_55_261.jpg,right_2025_04_30_18_14_55_261.jpg,0.0
center_2025_04_30_18_14_55_305.jpg,left_2025_04_30_18_14_55_305.jpg,right_2025_04_30_18_14_55_305.jpg,0.0
center_2025_04_30_18_14_55_353.jpg,left_2025_04_30_18_14_55_353.jpg,right_2025_04_30_18_14_55_353.jpg,0.0
center_2025_04_30_18_14_55_400.jpg,left_2025_04_30_18_14_55_400.jpg,right_2025_04_30_18_14_55_400.jpg,0.0
center_2025_04_30_18_14_55_446.jpg,left_2025_04_30_18_14_55_446.jpg,right_2025_04_30_18_14_55_446.jpg,0.0
center_2025_04_30_18_14_55_498.jpg,left_2025_04_30_18_14_55_498.jpg,right_2025_04_30_18_14_55_498.jpg,0.0
center_2025_04_30_18_14_55_540.jpg,left_2025_04_30_18_14_55_540.jpg,right_2025_04_30_18_14_55_540.jpg,-0.0133
center_2025_04_30_18_14_55_585.jpg,left_2025_04_30_18_14_55_585.jpg,right_2025_04_30_18_14_55_585.jpg,-0.0306
center_2025_04_30_18_14_55_632.jpg,left_2025_04_30_18_14_55_632.jpg,right_2025_04_30_18_14_55_632.jpg,-0.0492
center_2025_04_30_18_14_55_684.jpg,left_2025_04_30_18_14_55_684.jpg,right_2025_04_30_18_14_55_684.jpg,-0.0688
center_2025_04_30_18_14_55_725.jpg,left_2025_04_30_18_14_55_725.jpg,right_2025_04_30_18_14_55_725.jpg,-0.0889
center_2025_04_30_18_14_55_777.jpg,left_2025_04_30_18_14_55_777.jpg,right_2025_04_30_18_14_55_777.jpg,-0.0959
center_2025_04_30_18_14_55_819.jpg,left_2025_04_30_18_14_55_819.jpg,right_2025_04_30_18_14_55_819.jpg,-0.0993
center_2025_04_30_18_14_55_870.jpg,left_2025_04_30_18_14_55_870.jpg,right_2025_04_30_18_14_55_870.jpg,-0.1016
center_2025_04_30_18_14_55_913.jpg,left_2025_04_30_18_14_55_913.jpg,right_2025_04_30_18_14_55_913.jpg,-0.1047
center_2025_04_30_18_14_55_962.jpg,left_2025_04_30_18_14_55_962.jpg,right_2025_04_30_18_14_55_962.jpg,-0.1081
center_2025_04_30_18_14_56_022.jpg,left_2025_04_30_18_14_56_022.jpg,right_2025_04_30_18_14_56_022.jpg,-0.1129
center_2025_04_30_18_14_56_055.jpg,left_2025_04_30_18_14_56_055.jpg,right_2025_04_30_18_14_56_055.jpg,-0.122
center_2025_04_30_18_14_56_102.jpg,left_2025_04_30_18_14_56_102.jpg,right_2025_04_30_18_14_56_102.jpg,-0.1342
center_2025_04_30_18_14_56_149.jpg,left_2025_04_30_18_14_56_149.jpg,right_2025_04_30_18_14_56_149.jpg,-0.1486
center_2025_04_30_18_14_56_200.jpg,left_2025_04_30_18_14_56_200.jpg,right_2025_04_30_18_14_56_200.jpg,-0.1667
center_2025_04_30_18_14_56_244.jpg,left_2025_04_30_18_14_56_244.jpg,right_2025_04_30_18_14_56_244.jpg,-0.1871
center_2025_04_30_18_14_56_292.jpg,left_2025_04_30_18_14_56_292.jpg,right_2025_04_30_18_14_56_292.jpg,-0.2041
center_2025_04_30_18_14_56_340.jpg,left_2025_04_30_18_14_56_340.jpg,right_2025_04_30_18_14_56_340.jpg,-0.2179
center_2025_04_30_18_14_56_405.jpg,left_2025_04_30_18_14_56_405.jpg,right_2025_04_30_18_14_56_405.jpg,-0.2284
center_2025_04_30_18_14_56_430.jpg,left_2025_04_30_18_14_56_430.jpg,right_2025_04_30_18_14_56_430.jpg,-0.2346
center_2025_04_30_18_14_56_478.jpg,left_2025_04_30_18_14_56_478.jpg,right_2025_04_30_18_14_56_478.jpg,-0.2372
center_2025_04_30_18_14_56_524.jpg,left_2025_04_30_18_14_56_524.jpg,right_2025_04_30_18_14_56_524.jpg,-0.2389
center_2025_04_30_18_14_56_572.jpg,left_2025_04_30_18_14_56_572.jpg,right_2025_04_30_18_14_56_572.jpg,-0.2406
center_2025_04_30_18_14_56_617.jpg,left_2025_04_30_18_14_56_617.jpg,right_2025_04_30_18_14_56_617.jpg,-0.242
center_2025_04_30_18_14_56_663.jpg,left_2025_04_30_18_14_56_663.jpg,right_2025_04_30_18_14_56_663.jpg,-0.2431
center_2025_04_30_18_14_56_715.jpg,left_2025_04_30_18_14_56_715.jpg,right_2025_04_30_18_14_56_715.jpg,-0.2442
center_2025_04_30_18_14_56_772.jpg,left_2025_04_30_18_14_56_772.jpg,right_2025_04_30_18_14_56_772.jpg,-0.2454
center_2025_04_30_18_14_56_807.jpg,left_2025_04_30_18_14_56_807.jpg,right_2025_04_30_18_14_56_807.jpg,-0.2465
center_2025_04_30_18_14_56_852.jpg,left_2025_04_30_18_14_56_852.jpg,right_2025_04_30_18_14_56_852.jpg,-0.2474
center_2025_04_30_18_14_56_899.jpg,left_2025_04_30_18_14_56_899.jpg,right_2025_04_30_18_14_56_899.jpg,-0.2485
center_2025_04_30_18_14_56_943.jpg,left_2025_04_30_18_14_56_943.jpg,right_2025_04_30_18_14_56_943.jpg,-0.2496
center_2025_04_30_18_14_56_993.jpg,left_2025_04_30_18_14_56_993.jpg,right_2025_04_30_18_14_56_993.jpg,-0.2505
center_2025_04_30_18_14_57_038.jpg,left_2025_04_30_18_14_57_038.jpg,right_2025_04_30_18_14_57_038.jpg,-0.2511
center_2025_04_30_18_14_57_085.jpg,left_2025_04_30_18_14_57_085.jpg,right_2025_04_30_18_14_57_085.jpg,-0.2516
center_2025_04_30_18_14_57_131.jpg,left_2025_04_30_18_14_57_131.jpg,right_2025_04_30_18_14_57_131.jpg,-0.2522
center_2025_04_30_18_14_57_179.jpg,left_2025_04_30_18_14_57_179.jpg,right_2025_04_30_18_14_57_179.jpg,-0.2522
center_2025_04_30_18_14_57_224.jpg,left_2025_04_30_18_14_57_224.jpg,right_2025_04_30_18_14_57_224.jpg,-0.2525
center_2025_04_30_18_14_57_272.jpg,left_2025_04_30_18_14_57_272.jpg,right_2025_04_30_18_14_57_272.jpg,-0.2525
center_2025_04_30_18_14_57_323.jpg,left_2025_04_30_18_14_57_323.jpg,right_2025_04_30_18_14_57_323.jpg,-0.2527
center_2025_04_30_18_14_57_366.jpg,left_2025_04_30_18_14_57_366.jpg,right_2025_04_30_18_14_57_366.jpg,-0.2527
center_2025_04_30_18_14_57_410.jpg,left_2025_04_30_18_14_57_410.jpg,right_2025_04_30_18_14_57_410.jpg,-0.2527
center_2025_04_30_18_14_57_458.jpg,left_2025_04_30_18_14_57_458.jpg,right_2025_04_30_18_14_57_458.jpg,-0.2527
center_2025_04_30_18_14_57_503.jpg,left_2025_04_30_18_14_57_503.jpg,right_2025_04_30_18_14_57_503.jpg,-0.2525
center_2025_04_30_18_14_57_550.jpg,left_2025_04_30_18_14_57_550.jpg,right_2025_04_30_18_14_57_550.jpg,-0.2525
center_2025_04_30_18_14_57_601.jpg,left_2025_04_30_18_14_57_601.jpg,right_2025_04_30_18_14_57_601.jpg,-0.2525
center_2025_04_30_18_14_57_645.jpg,left_2025_04_30_18_14_57_645.jpg,right_2025_04_30_18_14_57_645.jpg,-0.2527
center_2025_04_30_18_14_57_694.jpg,left_2025_04_30_18_14_57_694.jpg,right_2025_04_30_18_14_57_694.jpg,-0.2527
center_2025_04_30_18_14_57_741.jpg,left_2025_04_30_18_14_57_741.jpg,right_2025_04_30_18_14_57_741.jpg,-0.253
center_2025_04_30_18_14_57_787.jpg,left_2025_04_30_18_14_57_787.jpg,right_2025_04_30_18_14_57_787.jpg,-0.253
center_2025_04_30_18_14_57_833.jpg,left_2025_04_30_18_14_57_833.jpg,right_2025_04_30_18_14_57_833.jpg,-0.2527
center_2025_04_30_18_14_57_880.jpg,left_2025_04_30_18_14_57_880.jpg,right_2025_04_30_18_14_57_880.jpg,-0.2527
center_2025_04_30_18_14_57_931.jpg,left_2025_04_30_18_14_57_931.jpg,right_2025_04_30_18_14_57_931.jpg,-0.2527
center_2025_04_30_18_14_57_975.jpg,left_2025_04_30_18_14_57_975.jpg,right_2025_04_30_18_14_57_975.jpg,-0.2527
center_2025_04_30_18_14_58_024.jpg,left_2025_04_30_18_14_58_024.jpg,right_2025_04_30_18_14_58_024.jpg,-0.2527
center_2025_04_30_18_14_58_068.jpg,left_2025_04_30_18_14_58_068.jpg,right_2025_04_30_18_14_58_068.jpg,-0.253
center_2025_04_30_18_14_58_117.jpg,left_2025_04_30_18_14_58_117.jpg,right_2025_04_30_18_14_58_117.jpg,-0.253
center_2025_04_30_18_14_58_163.jpg,left_2025_04_30_18_14_58_163.jpg,right_2025_04_30_18_14_58_163.jpg,-0.2527
center_2025_04_30_18_14_58_209.jpg,left_2025_04_30_18_14_58_209.jpg,right_2025_04_30_18_14_58_209.jpg,-0.253
center_2025_04_30_18_14_58_255.jpg,left_2025_04_30_18_14_58_255.jpg,right_2025_04_30_18_14_58_255.jpg,-0.2527
center_2025_04_30_18_14_58_303.jpg,left_2025_04_30_18_14_58_303.jpg,right_2025_04_30_18_14_58_303.jpg,-0.2527
center_2025_04_30_18_14_58_349.jpg,left_2025_04_30_18_14_58_349.jpg,right_2025_04_30_18_14_58_349.jpg,-0.2527
center_2025_04_30_18_14_58_394.jpg,left_2025_04_30_18_14_58_394.jpg,right_2025_04_30_18_14_58_394.jpg,-0.2527
center_2025_04_30_18_14_58_442.jpg,left_2025_04_30_18_14_58_442.jpg,right_2025_04_30_18_14_58_442.jpg,-0.2527
center_2025_04_30_18_14_58_506.jpg,left_2025_04_30_18_14_58_506.jpg,right_2025_04_30_18_14_58_506.jpg,-0.253
center_2025_04_30_18_14_58_540.jpg,left_2025_04_30_18_14_58_540.jpg,right_2025_04_30_18_14_58_540.jpg,-0.2527
center_2025_04_30_18_14_58_584.jpg,left_2025_04_30_18_14_58_584.jpg,right_2025_04_30_18_14_58_584.jpg,-0.2525
center_2025_04_30_18_14_58_633.jpg,left_2025_04_30_18_14_58_633.jpg,right_2025_04_30_18_14_58_633.jpg,-0.2525
center_2025_04_30_18_14_58_676.jpg,left_2025_04_30_18_14_58_676.jpg,right_2025_04_30_18_14_58_676.jpg,-0.2516
center_2025_04_30_18_14_58_725.jpg,left_2025_04_30_18_14_58_725.jpg,right_2025_04_30_18_14_58_725.jpg,-0.2479
center_2025_04_30_18_14_58_769.jpg,left_2025_04_30_18_14_58_769.jpg,right_2025_04_30_18_14_58_769.jpg,-0.24
center_2025_04_30_18_14_58_824.jpg,left_2025_04_30_18_14_58_824.jpg,right_2025_04_30_18_14_58_824.jpg,-0.2261
center_2025_04_30_18_14_58_872.jpg,left_2025_04_30_18_14_58_872.jpg,right_2025_04_30_18_14_58_872.jpg,-0.2103
center_2025_04_30_18_14_58_910.jpg,left_2025_04_30_18_14_58_910.jpg,right_2025_04_30_18_14_58_910.jpg,-0.1924
center_2025_04_30_18_14_58_957.jpg,left_2025_04_30_18_14_58_957.jpg,right_2025_04_30_18_14_58_957.jpg,-0.174
center_2025_04_30_18_14_59_003.jpg,left_2025_04_30_18_14_59_003.jpg,right_2025_04_30_18_14_59_003.jpg,-0.1554
center_2025_04_30_18_14_59_054.jpg,left_2025_04_30_18_14_59_054.jpg,right_2025_04_30_18_14_59_054.jpg,-0.1384
center_2025_04_30_18_14_59_096.jpg,left_2025_04_30_18_14_59_096.jpg,right_2025_04_30_18_14_59_096.jpg,-0.1194
center_2025_04_30_18_14_59_144.jpg,left_2025_04_30_18_14_59_144.jpg,right_2025_04_30_18_14_59_144.jpg,-0.0999
center_2025_04_30_18_14_59_191.jpg,left_2025_04_30_18_14_59_191.jpg,right_2025_04_30_18_14_59_191.jpg,-0.0801
center_2025_04_30_18_14_59_240.jpg,left_2025_04_30_18_14_59_240.jpg,right_2025_04_30_18_14_59_240.jpg,-0.0563
center_2025_04_30_18_14_59_282.jpg,left_2025_04_30_18_14_59_282.jpg,right_2025_04_30_18_14_59_282.jpg,-0.0368
center_2025_04_30_18_14_59_327.jpg,left_2025_04_30_18_14_59_327.jpg,right_2025_04_30_18_14_59_327.jpg,-0.0212
center_2025_04_30_18_14_59_374.jpg,left_2025_04_30_18_14_59_374.jpg,right_2025_04_30_18_14_59_374.jpg,-0.0088
center_2025_04_30_18_14_59_429.jpg,left_2025_04_30_18_14_59_429.jpg,right_2025_04_30_18_14_59_429.jpg,0.0
center_2025_04_30_18_14_59_493.jpg,left_2025_04_30_18_14_59_493.jpg,right_2025_04_30_18_14_59_493.jpg,0.0
center_2025_04_30_18_14_59_513.jpg,left_2025_04_30_18_14_59_513.jpg,right_2025_04_30_18_14_59_513.jpg,0.0
center_2025_04_30_18_14_59_559.jpg,left_2025_04_30_18_14_59_559.jpg,right_2025_04_30_18_14_59_559.jpg,0.0
center_2025_04_30_18_14_59_605.jpg,left_2025_04_30_18_14_59_605.jpg,right_2025_04_30_18_14_59_605.jpg,0.0
center_2025_04_30_18_14_59_653.jpg,left_2025_04_30_18_14_59_653.jpg,right_2025_04_30_18_14_59_653.jpg,0.0
center_2025_04_30_18_14_59_705.jpg,left_2025_04_30_18_14_59_705.jpg,right_2025_04_30_18_14_59_705.jpg,0.0
center_2025_04_30_18_14_59_747.jpg,left_2025_04_30_18_14_59_747.jpg,right_2025_04_30_18_14_59_747.jpg,0.0
center_2025_04_30_18_14_59_797.jpg,left_2025_04_30_18_14_59_797.jpg,right_2025_04_30_18_14_59_797.jpg,0.0
center_2025_04_30_18_14_59_843.jpg,left_2025_04_30_18_14_59_843.jpg,right_2025_04_30_18_14_59_843.jpg,0.0
center_2025_04_30_18_14_59_890.jpg,left_2025_04_30_18_14_59_890.jpg,right_2025_04_30_18_14_59_890.jpg,0.0
center_2025_04_30_18_14_59_936.jpg,left_2025_04_30_18_14_59_936.jpg,right_2025_04_30_18_14_59_936.jpg,0.0
center_2025_04_30_18_14_59_983.jpg,left_2025_04_30_18_14_59_983.jpg,right_2025_04_30_18_14_59_983.jpg,0.0
center_2025_04_30_18_15_00_034.jpg,left_2025_04_30_18_15_00_034.jpg,right_2025_04_30_18_15_00_034.jpg,0.0
center_2025_04_30_18_15_00_077.jpg,left_2025_04_30_18_15_00_077.jpg,right_2025_04_30_18_15_00_077.jpg,0.0
center_2025_04_30_18_15_00_126.jpg,left_2025_04_30_18_15_00_126.jpg,right_2025_04_30_18_15_00_126.jpg,0.0
center_2025_04_30_18_15_00_180.jpg,left_2025_04_30_18_15_00_180.jpg,right_2025_04_30_18_15_00_180.jpg,0.0
center_2025_04_30_18_15_00_219.jpg,left_2025_04_30_18_15_00_219.jpg,right_2025_04_30_18_15_00_219.jpg,0.0
center_2025_04_30_18_15_00_261.jpg,left_2025_04_30_18_15_00_261.jpg,right_2025_04_30_18_15_00_261.jpg,0.0
center_2025_04_30_18_15_00_312.jpg,left_2025_04_30_18_15_00_312.jpg,right_2025_04_30_18_15_00_312.jpg,0.0
center_2025_04_30_18_15_00_356.jpg,left_2025_04_30_18_15_00_356.jpg,right_2025_04_30_18_15_00_356.jpg,0.0
center_2025_04_30_18_15_00_405.jpg,left_2025_04_30_18_15_00_405.jpg,right_2025_04_30_18_15_00_405.jpg,0.0
center_2025_04_30_18_15_00_448.jpg,left_2025_04_30_18_15_00_448.jpg,right_2025_04_30_18_15_00_448.jpg,0.0
center_2025_04_30_18_15_00_498.jpg,left_2025_04_30_18_15_00_498.jpg,right_2025_04_30_18_15_00_498.jpg,0.0
center_2025_04_30_18_15_00_548.jpg,left_2025_04_30_18_15_00_548.jpg,right_2025_04_30_18_15_00_548.jpg,0.0
center_2025_04_30_18_15_00_590.jpg,left_2025_04_30_18_15_00_590.jpg,right_2025_04_30_18_15_00_590.jpg,0.0
center_2025_04_30_18_15_00_635.jpg,left_2025_04_30_18_15_00_635.jpg,right_2025_04_30_18_15_00_635.jpg,0.0
center_2025_04_30_18_15_00_683.jpg,left_2025_04_30_18_15_00_683.jpg,right_2025_04_30_18_15_00_683.jpg,0.0
center_2025_04_30_18_15_00_730.jpg,left_2025_04_30_18_15_00_730.jpg,right_2025_04_30_18_15_00_730.jpg,0.0
center_2025_04_30_18_15_00_777.jpg,left_2025_04_30_18_15_00_777.jpg,right_2025_04_30_18_15_00_777.jpg,0.0
center_2025_04_30_18_15_00_828.jpg,left_2025_04_30_18_15_00_828.jpg,right_2025_04_30_18_15_00_828.jpg,0.0
center_2025_04_30_18_15_00_873.jpg,left_2025_04_30_18_15_00_873.jpg,right_2025_04_30_18_15_00_873.jpg,0.0
center_2025_04_30_18_15_00_920.jpg,left_2025_04_30_18_15_00_920.jpg,right_2025_04_30_18_15_00_920.jpg,0.0
center_2025_04_30_18_15_00_965.jpg,left_2025_04_30_18_15_00_965.jpg,right_2025_04_30_18_15_00_965.jpg,0.0
center_2025_04_30_18_15_01_013.jpg,left_2025_04_30_18_15_01_013.jpg,right_2025_04_30_18_15_01_013.jpg,0.0
center_2025_04_30_18_15_01_059.jpg,left_2025_04_30_18_15_01_059.jpg,right_2025_04_30_18_15_01_059.jpg,0.0
center_2025_04_30_18_15_01_106.jpg,left_2025_04_30_18_15_01_106.jpg,right_2025_04_30_18_15_01_106.jpg,0.0
center_2025_04_30_18_15_01_152.jpg,left_2025_04_30_18_15_01_152.jpg,right_2025_04_30_18_15_01_152.jpg,0.0
center_2025_04_30_18_15_01_198.jpg,left_2025_04_30_18_15_01_198.jpg,right_2025_04_30_18_15_01_198.jpg,0.0
center_2025_04_30_18_15_01_250.jpg,left_2025_04_30_18_15_01_250.jpg,right_2025_04_30_18_15_01_250.jpg,0.0
center_2025_04_30_18_15_01_293.jpg,left_2025_04_30_18_15_01_293.jpg,right_2025_04_30_18_15_01_293.jpg,0.0
center_2025_04_30_18_15_01_343.jpg,left_2025_04_30_18_15_01_343.jpg,right_2025_04_30_18_15_01_343.jpg,0.0
center_2025_04_30_18_15_01_388.jpg,left_2025_04_30_18_15_01_388.jpg,right_2025_04_30_18_15_01_388.jpg,0.0
center_2025_04_30_18_15_01_436.jpg,left_2025_04_30_18_15_01_436.jpg,right_2025_04_30_18_15_01_436.jpg,0.0
center_2025_04_30_18_15_01_488.jpg,left_2025_04_30_18_15_01_488.jpg,right_2025_04_30_18_15_01_488.jpg,0.0
center_2025_04_30_18_15_01_541.jpg,left_2025_04_30_18_15_01_541.jpg,right_2025_04_30_18_15_01_541.jpg,0.0
center_2025_04_30_18_15_01_604.jpg,left_2025_04_30_18_15_01_604.jpg,right_2025_04_30_18_15_01_604.jpg,0.0
center_2025_04_30_18_15_01_624.jpg,left_2025_04_30_18_15_01_624.jpg,right_2025_04_30_18_15_01_624.jpg,0.0
center_2025_04_30_18_15_01_672.jpg,left_2025_04_30_18_15_01_672.jpg,right_2025_04_30_18_15_01_672.jpg,0.0
center_2025_04_30_18_15_01_716.jpg,left_2025_04_30_18_15_01_716.jpg,right_2025_04_30_18_15_01_716.jpg,0.0
center_2025_04_30_18_15_01_765.jpg,left_2025_04_30_18_15_01_765.jpg,right_2025_04_30_18_15_01_765.jpg,0.0
center_2025_04_30_18_15_01_809.jpg,left_2025_04_30_18_15_01_809.jpg,right_2025_04_30_18_15_01_809.jpg,0.0
center_2025_04_30_18_15_01_859.jpg,left_2025_04_30_18_15_01_859.jpg,right_2025_04_30_18_15_01_859.jpg,0.0
center_2025_04_30_18_15_01_909.jpg,left_2025_04_30_18_15_01_909.jpg,right_2025_04_30_18_15_01_909.jpg,0.0
center_2025_04_30_18_15_01_975.jpg,left_2025_04_30_18_15_01_975.jpg,right_2025_04_30_18_15_01_975.jpg,0.0
center_2025_04_30_18_15_01_998.jpg,left_2025_04_30_18_15_01_998.jpg,right_2025_04_30_18_15_01_998.jpg,0.0
center_2025_04_30_18_15_02_046.jpg,left_2025_04_30_18_15_02_046.jpg,right_2025_04_30_18_15_02_046.jpg,0.0
center_2025_04_30_18_15_02_095.jpg,left_2025_04_30_18_15_02_095.jpg,right_2025_04_30_18_15_02_095.jpg,0.0
center_2025_04_30_18_15_02_138.jpg,left_2025_04_30_18_15_02_138.jpg,right_2025_04_30_18_15_02_138.jpg,0.0
center_2025_04_30_18_15_02_187.jpg,left_2025_04_30_18_15_02_187.jpg,right_2025_04_30_18_15_02_187.jpg,0.0
center_2025_04_30_18_15_02_234.jpg,left_2025_04_30_18_15_02_234.jpg,right_2025_04_30_18_15_02_234.jpg,0.0
center_2025_04_30_18_15_02_281.jpg,left_2025_04_30_18_15_02_281.jpg,right_2025_04_30_18_15_02_281.jpg,0.0
center_2025_04_30_18_15_02_327.jpg,left_2025_04_30_18_15_02_327.jpg,right_2025_04_30_18_15_02_327.jpg,0.0
center_2025_04_30_18_15_02_373.jpg,left_2025_04_30_18_15_02_373.jpg,right_2025_04_30_18_15_02_373.jpg,0.0
center_2025_04_30_18_15_02_425.jpg,left_2025_04_30_18_15_02_425.jpg,right_2025_04_30_18_15_02_425.jpg,0.0
center_2025_04_30_18_15_02_467.jpg,left_2025_04_30_18_15_02_467.jpg,right_2025_04_30_18_15_02_467.jpg,0.0
center_2025_04_30_18_15_02_517.jpg,left_2025_04_30_18_15_02_517.jpg,right_2025_04_30_18_15_02_517.jpg,0.0
center_2025_04_30_18_15_02_562.jpg,left_2025_04_30_18_15_02_562.jpg,right_2025_04_30_18_15_02_562.jpg,0.0
center_2025_04_30_18_15_02_610.jpg,left_2025_04_30_18_15_02_610.jpg,right_2025_04_30_18_15_02_610.jpg,0.0
center_2025_04_30_18_15_02_660.jpg,left_2025_04_30_18_15_02_660.jpg,right_2025_04_30_18_15_02_660.jpg,0.0
center_2025_04_30_18_15_02_703.jpg,left_2025_04_30_18_15_02_703.jpg,right_2025_04_30_18_15_02_703.jpg,0.0
center_2025_04_30_18_15_02_755.jpg,left_2025_04_30_18_15_02_755.jpg,right_2025_04_30_18_15_02_755.jpg,0.0
center_2025_04_30_18_15_02_798.jpg,left_2025_04_30_18_15_02_798.jpg,right_2025_04_30_18_15_02_798.jpg,0.0
center_2025_04_30_18_15_02_848.jpg,left_2025_04_30_18_15_02_848.jpg,right_2025_04_30_18_15_02_848.jpg,0.0
center_2025_04_30_18_15_02_891.jpg,left_2025_04_30_18_15_02_891.jpg,right_2025_04_30_18_15_02_891.jpg,0.0
center_2025_04_30_18_15_02_941.jpg,left_2025_04_30_18_15_02_941.jpg,right_2025_04_30_18_15_02_941.jpg,0.0
center_2025_04_30_18_15_02_985.jpg,left_2025_04_30_18_15_02_985.jpg,right_2025_04_30_18_15_02_985.jpg,0.0
center_2025_04_30_18_15_03_032.jpg,left_2025_04_30_18_15_03_032.jpg,right_2025_04_30_18_15_03_032.jpg,0.0
center_2025_04_30_18_15_03_084.jpg,left_2025_04_30_18_15_03_084.jpg,right_2025_04_30_18_15_03_084.jpg,0.0
center_2025_04_30_18_15_03_128.jpg,left_2025_04_30_18_15_03_128.jpg,right_2025_04_30_18_15_03_128.jpg,0.0
center_2025_04_30_18_15_03_177.jpg,left_2025_04_30_18_15_03_177.jpg,right_2025_04_30_18_15_03_177.jpg,0.0
center_2025_04_30_18_15_03_220.jpg,left_2025_04_30_18_15_03_220.jpg,right_2025_04_30_18_15_03_220.jpg,0.0
center_2025_04_30_18_15_03_271.jpg,left_2025_04_30_18_15_03_271.jpg,right_2025_04_30_18_15_03_271.jpg,0.0
center_2025_04_30_18_15_03_316.jpg,left_2025_04_30_18_15_03_316.jpg,right_2025_04_30_18_15_03_316.jpg,0.0
center_2025_04_30_18_15_03_365.jpg,left_2025_04_30_18_15_03_365.jpg,right_2025_04_30_18_15_03_365.jpg,0.0
center_2025_04_30_18_15_03_415.jpg,left_2025_04_30_18_15_03_415.jpg,right_2025_04_30_18_15_03_415.jpg,0.0
center_2025_04_30_18_15_03_459.jpg,left_2025_04_30_18_15_03_459.jpg,right_2025_04_30_18_15_03_459.jpg,0.0
center_2025_04_30_18_15_03_507.jpg,left_2025_04_30_18_15_03_507.jpg,right_2025_04_30_18_15_03_507.jpg,0.0
center_2025_04_30_18_15_03_551.jpg,left_2025_04_30_18_15_03_551.jpg,right_2025_04_30_18_15_03_551.jpg,0.0
center_2025_04_30_18_15_03_600.jpg,left_2025_04_30_18_15_03_600.jpg,right_2025_04_30_18_15_03_600.jpg,0.0
center_2025_04_30_18_15_03_646.jpg,left_2025_04_30_18_15_03_646.jpg,right_2025_04_30_18_15_03_646.jpg,0.0
center_2025_04_30_18_15_03_695.jpg,left_2025_04_30_18_15_03_695.jpg,right_2025_04_30_18_15_03_695.jpg,0.0
center_2025_04_30_18_15_03_744.jpg,left_2025_04_30_18_15_03_744.jpg,right_2025_04_30_18_15_03_744.jpg,0.0
center_2025_04_30_18_15_03_787.jpg,left_2025_04_30_18_15_03_787.jpg,right_2025_04_30_18_15_03_787.jpg,0.0
center_2025_04_30_18_15_03_837.jpg,left_2025_04_30_18_15_03_837.jpg,right_2025_04_30_18_15_03_837.jpg,0.0
center_2025_04_30_18_15_03_883.jpg,left_2025_04_30_18_15_03_883.jpg,right_2025_04_30_18_15_03_883.jpg,0.0
center_2025_04_30_18_15_03_930.jpg,left_2025_04_30_18_15_03_930.jpg,right_2025_04_30_18_15_03_930.jpg,0.0
center_2025_04_30_18_15_03_976.jpg,left_2025_04_30_18_15_03_976.jpg,right_2025_04_30_18_15_03_976.jpg,0.0
center_2025_04_30_18_15_04_022.jpg,left_2025_04_30_18_15_04_022.jpg,right_2025_04_30_18_15_04_022.jpg,0.0
center_2025_04_30_18_15_04_070.jpg,left_2025_04_30_18_15_04_070.jpg,right_2025_04_30_18_15_04_070.jpg,0.0
center_2025_04_30_18_15_04_116.jpg,left_2025_04_30_18_15_04_116.jpg,right_2025_04_30_18_15_04_116.jpg,0.0
center_2025_04_30_18_15_04_168.jpg,left_2025_04_30_18_15_04_168.jpg,right_2025_04_30_18_15_04_168.jpg,0.0
center_2025_04_30_18_15_04_209.jpg,left_2025_04_30_18_15_04_209.jpg,right_2025_04_30_18_15_04_209.jpg,0.0
center_2025_04_30_18_15_04_260.jpg,left_2025_04_30_18_15_04_260.jpg,right_2025_04_30_18_15_04_260.jpg,0.0
center_2025_04_30_18_15_04_302.jpg,left_2025_04_30_18_15_04_302.jpg,right_2025_04_30_18_15_04_302.jpg,0.0
center_2025_04_30_18_15_04_352.jpg,left_2025_04_30_18_15_04_352.jpg,right_2025_04_30_18_15_04_352.jpg,0.0
center_2025_04_30_18_15_04_397.jpg,left_2025_04_30_18_15_04_397.jpg,right_2025_04_30_18_15_04_397.jpg,0.0
center_2025_04_30_18_15_04_445.jpg,left_2025_04_30_18_15_04_445.jpg,right_2025_04_30_18_15_04_445.jpg,0.0
center_2025_04_30_18_15_04_497.jpg,left_2025_04_30_18_15_04_497.jpg,right_2025_04_30_18_15_04_497.jpg,0.0
center_2025_04_30_18_15_04_540.jpg,left_2025_04_30_18_15_04_540.jpg,right_2025_04_30_18_15_04_540.jpg,0.0
center_2025_04_30_18_15_04_590.jpg,left_2025_04_30_18_15_04_590.jpg,right_2025_04_30_18_15_04_590.jpg,0.0
center_2025_04_30_18_15_04_634.jpg,left_2025_04_30_18_15_04_634.jpg,right_2025_04_30_18_15_04_634.jpg,0.0
center_2025_04_30_18_15_04_682.jpg,left_2025_04_30_18_15_04_682.jpg,right_2025_04_30_18_15_04_682.jpg,0.0
center_2025_04_30_18_15_04_729.jpg,left_2025_04_30_18_15_04_729.jpg,right_2025_04_30_18_15_04_729.jpg,0.0
center_2025_04_30_18_15_04_777.jpg,left_2025_04_30_18_15_04_777.jpg,right_2025_04_30_18_15_04_777.jpg,0.0
center_2025_04_30_18_15_04_822.jpg,left_2025_04_30_18_15_04_822.jpg,right_2025_04_30_18_15_04_822.jpg,0.0
center_2025_04_30_18_15_04_868.jpg,left_2025_04_30_18_15_04_868.jpg,right_2025_04_30_18_15_04_868.jpg,0.0
center_2025_04_30_18_15_04_919.jpg,left_2025_04_30_18_15_04_919.jpg,right_2025_04_30_18_15_04_919.jpg,0.0
center_2025_04_30_18_15_04_963.jpg,left_2025_04_30_18_15_04_963.jpg,right_2025_04_30_18_15_04_963.jpg,-0.0102
center_2025_04_30_18_15_05_012.jpg,left_2025_04_30_18_15_05_012.jpg,right_2025_04_30_18_15_05_012.jpg,-0.0221
center_2025_04_30_18_15_05_057.jpg,left_2025_04_30_18_15_05_057.jpg,right_2025_04_30_18_15_05_057.jpg,-0.0351
center_2025_04_30_18_15_05_105.jpg,left_2025_04_30_18_15_05_105.jpg,right_2025_04_30_18_15_05_105.jpg,-0.0498
center_2025_04_30_18_15_05_150.jpg,left_2025_04_30_18_15_05_150.jpg,right_2025_04_30_18_15_05_150.jpg,-0.0648
center_2025_04_30_18_15_05_198.jpg,left_2025_04_30_18_15_05_198.jpg,right_2025_04_30_18_15_05_198.jpg,-0.0708
center_2025_04_30_18_15_05_245.jpg,left_2025_04_30_18_15_05_245.jpg,right_2025_04_30_18_15_05_245.jpg,-0.0787
center_2025_04_30_18_15_05_291.jpg,left_2025_04_30_18_15_05_291.jpg,right_2025_04_30_18_15_05_291.jpg,-0.0886
center_2025_04_30_18_15_05_337.jpg,left_2025_04_30_18_15_05_337.jpg,right_2025_04_30_18_15_05_337.jpg,-0.0982
center_2025_04_30_18_15_05_386.jpg,left_2025_04_30_18_15_05_386.jpg,right_2025_04_30_18_15_05_386.jpg,-0.1095
center_2025_04_30_18_15_05_434.jpg,left_2025_04_30_18_15_05_434.jpg,right_2025_04_30_18_15_05_434.jpg,-0.1231
center_2025_04_30_18_15_05_479.jpg,left_2025_04_30_18_15_05_479.jpg,right_2025_04_30_18_15_05_479.jpg,-0.1387
center_2025_04_30_18_15_05_528.jpg,left_2025_04_30_18_15_05_528.jpg,right_2025_04_30_18_15_05_528.jpg,-0.1531
center_2025_04_30_18_15_05_573.jpg,left_2025_04_30_18_15_05_573.jpg,right_2025_04_30_18_15_05_573.jpg,-0.1678
center_2025_04_30_18_15_05_620.jpg,left_2025_04_30_18_15_05_620.jpg,right_2025_04_30_18_15_05_620.jpg,-0.1817
center_2025_04_30_18_15_05_667.jpg,left_2025_04_30_18_15_05_667.jpg,right_2025_04_30_18_15_05_667.jpg,-0.1927
center_2025_04_30_18_15_05_714.jpg,left_2025_04_30_18_15_05_714.jpg,right_2025_04_30_18_15_05_714.jpg,-0.1984
center_2025_04_30_18_15_05_765.jpg,left_2025_04_30_18_15_05_765.jpg,right_2025_04_30_18_15_05_765.jpg,-0.2024
center_2025_04_30_18_15_05_809.jpg,left_2025_04_30_18_15_05_809.jpg,right_2025_04_30_18_15_05_809.jpg,-0.2052
center_2025_04_30_18_15_05_858.jpg,left_2025_04_30_18_15_05_858.jpg,right_2025_04_30_18_15_05_858.jpg,-0.2075
center_2025_04_30_18_15_05_902.jpg,left_2025_04_30_18_15_05_902.jpg,right_2025_04_30_18_15_05_902.jpg,-0.2092
center_2025_04_30_18_15_05_950.jpg,left_2025_04_30_18_15_05_950.jpg,right_2025_04_30_18_15_05_950.jpg,-0.2106
center_2025_04_30_18_15_05_997.jpg,left_2025_04_30_18_15_05_997.jpg,right_2025_04_30_18_15_05_997.jpg,-0.2117
center_2025_04_30_18_15_06_045.jpg,left_2025_04_30_18_15_06_045.jpg,right_2025_04_30_18_15_06_045.jpg,-0.2126
center_2025_04_30_18_15_06_095.jpg,left_2025_04_30_18_15_06_095.jpg,right_2025_04_30_18_15_06_095.jpg,-0.2129
center_2025_04_30_18_15_06_138.jpg,left_2025_04_30_18_15_06_138.jpg,right_2025_04_30_18_15_06_138.jpg,-0.2137
center_2025_04_30_18_15_06_188.jpg,left_2025_04_30_18_15_06_188.jpg,right_2025_04_30_18_15_06_188.jpg,-0.2145
center_2025_04_30_18_15_06_232.jpg,left_2025_04_30_18_15_06_232.jpg,right_2025_04_30_18_15_06_232.jpg,-0.2154
center_2025_04_30_18_15_06_281.jpg,left_2025_04_30_18_15_06_281.jpg,right_2025_04_30_18_15_06_281.jpg,-0.2162
center_2025_04_30_18_15_06_326.jpg,left_2025_04_30_18_15_06_326.jpg,right_2025_04_30_18_15_06_326.jpg,-0.2171
center_2025_04_30_18_15_06_373.jpg,left_2025_04_30_18_15_06_373.jpg,right_2025_04_30_18_15_06_373.jpg,-0.2176
center_2025_04_30_18_15_06_424.jpg,left_2025_04_30_18_15_06_424.jpg,right_2025_04_30_18_15_06_424.jpg,-0.2182
center_2025_04_30_18_15_06_467.jpg,left_2025_04_30_18_15_06_467.jpg,right_2025_04_30_18_15_06_467.jpg,-0.2187
center_2025_04_30_18_15_06_517.jpg,left_2025_04_30_18_15_06_517.jpg,right_2025_04_30_18_15_06_517.jpg,-0.219
center_2025_04_30_18_15_06_559.jpg,left_2025_04_30_18_15_06_559.jpg,right_2025_04_30_18_15_06_559.jpg,-0.2193
center_2025_04_30_18_15_06_610.jpg,left_2025_04_30_18_15_06_610.jpg,right_2025_04_30_18_15_06_610.jpg,-0.2193
center_2025_04_30_18_15_06_654.jpg,left_2025_04_30_18_15_06_654.jpg,right_2025_04_30_18_15_06_654.jpg,-0.2193
center_2025_04_30_18_15_06_703.jpg,left_2025_04_30_18_15_06_703.jpg,right_2025_04_30_18_15_06_703.jpg,-0.2193
center_2025_04_30_18_15_06_746.jpg,left_2025_04_30_18_15_06_746.jpg,right_2025_04_30_18_15_06_746.jpg,-0.2193
center_2025_04_30_18_15_06_796.jpg,left_2025_04_30_18_15_06_796.jpg,right_2025_04_30_18_15_06_796.jpg,-0.2193
center_2025_04_30_18_15_06_841.jpg,left_2025_04_30_18_15_06_841.jpg,right_2025_04_30_18_15_06_841.jpg,-0.2193
center_2025_04_30_18_15_06_889.jpg,left_2025_04_30_18_15_06_889.jpg,right_2025_04_30_18_15_06_889.jpg,-0.219
center_2025_04_30_18_15_06_935.jpg,left_2025_04_30_18_15_06_935.jpg,right_2025_04_30_18_15_06_935.jpg,-0.219
center_2025_04_30_18_15_06_981.jpg,left_2025_04_30_18_15_06_981.jpg,right_2025_04_30_18_15_06_981.jpg,-0.219
center_2025_04_30_18_15_07_027.jpg,left_2025_04_30_18_15_07_027.jpg,right_2025_04_30_18_15_07_027.jpg,-0.2187
center_2025_04_30_18_15_07_074.jpg,left_2025_04_30_18_15_07_074.jpg,right_2025_04_30_18_15_07_074.jpg,-0.2187
center_2025_04_30_18_15_07_117.jpg,left_2025_04_30_18_15_07_117.jpg,right_2025_04_30_18_15_07_117.jpg,-0.219
center_2025_04_30_18_15_07_167.jpg,left_2025_04_30_18_15_07_167.jpg,right_2025_04_30_18_15_07_167.jpg,-0.219
center_2025_04_30_18_15_07_212.jpg,left_2025_04_30_18_15_07_212.jpg,right_2025_04_30_18_15_07_212.jpg,-0.219
center_2025_04_30_18_15_07_259.jpg,left_2025_04_30_18_15_07_259.jpg,right_2025_04_30_18_15_07_259.jpg,-0.2193
center_2025_04_30_18_15_07_311.jpg,left_2025_04_30_18_15_07_311.jpg,right_2025_04_30_18_15_07_311.jpg,-0.2193
center_2025_04_30_18_15_07_354.jpg,left_2025_04_30_18_15_07_354.jpg,right_2025_04_30_18_15_07_354.jpg,-0.2193
center_2025_04_30_18_15_07_404.jpg,left_2025_04_30_18_15_07_404.jpg,right_2025_04_30_18_15_07_404.jpg,-0.2193
center_2025_04_30_18_15_07_448.jpg,left_2025_04_30_18_15_07_448.jpg,right_2025_04_30_18_15_07_448.jpg,-0.2193
center_2025_04_30_18_15_07_496.jpg,left_2025_04_30_18_15_07_496.jpg,right_2025_04_30_18_15_07_496.jpg,-0.219
center_2025_04_30_18_15_07_540.jpg,left_2025_04_30_18_15_07_540.jpg,right_2025_04_30_18_15_07_540.jpg,-0.219
center_2025_04_30_18_15_07_590.jpg,left_2025_04_30_18_15_07_590.jpg,right_2025_04_30_18_15_07_590.jpg,-0.219
center_2025_04_30_18_15_07_636.jpg,left_2025_04_30_18_15_07_636.jpg,right_2025_04_30_18_15_07_636.jpg,-0.2187
center_2025_04_30_18_15_07_682.jpg,left_2025_04_30_18_15_07_682.jpg,right_2025_04_30_18_15_07_682.jpg,-0.2187
center_2025_04_30_18_15_07_734.jpg,left_2025_04_30_18_15_07_734.jpg,right_2025_04_30_18_15_07_734.jpg,-0.219
center_2025_04_30_18_15_07_778.jpg,left_2025_04_30_18_15_07_778.jpg,right_2025_04_30_18_15_07_778.jpg,-0.219
center_2025_04_30_18_15_07_827.jpg,left_2025_04_30_18_15_07_827.jpg,right_2025_04_30_18_15_07_827.jpg,-0.2187
center_2025_04_30_18_15_07_870.jpg,left_2025_04_30_18_15_07_870.jpg,right_2025_04_30_18_15_07_870.jpg,-0.219
center_2025_04_30_18_15_07_919.jpg,left_2025_04_30_18_15_07_919.jpg,right_2025_04_30_18_15_07_919.jpg,-0.219
center_2025_04_30_18_15_07_965.jpg,left_2025_04_30_18_15_07_965.jpg,right_2025_04_30_18_15_07_965.jpg,-0.219
center_2025_04_30_18_15_08_022.jpg,left_2025_04_30_18_15_08_022.jpg,right_2025_04_30_18_15_08_022.jpg,-0.2185
center_2025_04_30_18_15_08_064.jpg,left_2025_04_30_18_15_08_064.jpg,right_2025_04_30_18_15_08_064.jpg,-0.2159
center_2025_04_30_18_15_08_107.jpg,left_2025_04_30_18_15_08_107.jpg,right_2025_04_30_18_15_08_107.jpg,-0.2111
center_2025_04_30_18_15_08_156.jpg,left_2025_04_30_18_15_08_156.jpg,right_2025_04_30_18_15_08_156.jpg,-0.2029
center_2025_04_30_18_15_08_200.jpg,left_2025_04_30_18_15_08_200.jpg,right_2025_04_30_18_15_08_200.jpg,-0.1919
center_2025_04_30_18_15_08_249.jpg,left_2025_04_30_18_15_08_249.jpg,right_2025_04_30_18_15_08_249.jpg,-0.1769
center_2025_04_30_18_15_08_295.jpg,left_2025_04_30_18_15_08_295.jpg,right_2025_04_30_18_15_08_295.jpg,-0.1602
center_2025_04_30_18_15_08_342.jpg,left_2025_04_30_18_15_08_342.jpg,right_2025_04_30_18_15_08_342.jpg,-0.1449
center_2025_04_30_18_15_08_388.jpg,left_2025_04_30_18_15_08_388.jpg,right_2025_04_30_18_15_08_388.jpg,-0.1328
center_2025_04_30_18_15_08_437.jpg,left_2025_04_30_18_15_08_437.jpg,right_2025_04_30_18_15_08_437.jpg,-0.1234
center_2025_04_30_18_15_08_487.jpg,left_2025_04_30_18_15_08_487.jpg,right_2025_04_30_18_15_08_487.jpg,-0.1183
center_2025_04_30_18_15_08_531.jpg,left_2025_04_30_18_15_08_531.jpg,right_2025_04_30_18_15_08_531.jpg,-0.1172
center_2025_04_30_18_15_08_581.jpg,left_2025_04_30_18_15_08_581.jpg,right_2025_04_30_18_15_08_581.jpg,-0.1172
center_2025_04_30_18_15_08_624.jpg,left_2025_04_30_18_15_08_624.jpg,right_2025_04_30_18_15_08_624.jpg,-0.1166
center_2025_04_30_18_15_08_672.jpg,left_2025_04_30_18_15_08_672.jpg,right_2025_04_30_18_15_08_672.jpg,-0.1152
center_2025_04_30_18_15_08_718.jpg,left_2025_04_30_18_15_08_718.jpg,right_2025_04_30_18_15_08_718.jpg,-0.1126
center_2025_04_30_18_15_08_766.jpg,left_2025_04_30_18_15_08_766.jpg,right_2025_04_30_18_15_08_766.jpg,-0.1087
center_2025_04_30_18_15_08_816.jpg,left_2025_04_30_18_15_08_816.jpg,right_2025_04_30_18_15_08_816.jpg,-0.1013
center_2025_04_30_18_15_08_859.jpg,left_2025_04_30_18_15_08_859.jpg,right_2025_04_30_18_15_08_859.jpg,-0.092
center_2025_04_30_18_15_08_909.jpg,left_2025_04_30_18_15_08_909.jpg,right_2025_04_30_18_15_08_909.jpg,-0.0801
center_2025_04_30_18_15_08_953.jpg,left_2025_04_30_18_15_08_953.jpg,right_2025_04_30_18_15_08_953.jpg,-0.0594
center_2025_04_30_18_15_09_003.jpg,left_2025_04_30_18_15_09_003.jpg,right_2025_04_30_18_15_09_003.jpg,-0.0402
center_2025_04_30_18_15_09_046.jpg,left_2025_04_30_18_15_09_046.jpg,right_2025_04_30_18_15_09_046.jpg,-0.0238
center_2025_04_30_18_15_09_094.jpg,left_2025_04_30_18_15_09_094.jpg,right_2025_04_30_18_15_09_094.jpg,-0.0102
center_2025_04_30_18_15_09_139.jpg,left_2025_04_30_18_15_09_139.jpg,right_2025_04_30_18_15_09_139.jpg,0.0
center_2025_04_30_18_15_11_830.jpg,left_2025_04_30_18_15_11_830.jpg,right_2025_04_30_18_15_11_830.jpg,0.0
center_2025_04_30_18_15_11_859.jpg,left_2025_04_30_18_15_11_859.jpg,right_2025_04_30_18_15_11_859.jpg,-0.0119
center_2025_04_30_18_15_11_907.jpg,left_2025_04_30_18_15_11_907.jpg,right_2025_04_30_18_15_11_907.jpg,-0.0238
center_2025_04_30_18_15_11_943.jpg,left_2025_04_30_18_15_11_943.jpg,right_2025_04_30_18_15_11_943.jpg,-0.0356
center_2025_04_30_18_15_11_990.jpg,left_2025_04_30_18_15_11_990.jpg,right_2025_04_30_18_15_11_990.jpg,-0.0475
center_2025_04_30_18_15_12_035.jpg,left_2025_04_30_18_15_12_035.jpg,right_2025_04_30_18_15_12_035.jpg,-0.0594
center_2025_04_30_18_15_12_083.jpg,left_2025_04_30_18_15_12_083.jpg,right_2025_04_30_18_15_12_083.jpg,-0.0597
center_2025_04_30_18_15_12_129.jpg,left_2025_04_30_18_15_12_129.jpg,right_2025_04_30_18_15_12_129.jpg,-0.06
center_2025_04_30_18_15_12_177.jpg,left_2025_04_30_18_15_12_177.jpg,right_2025_04_30_18_15_12_177.jpg,-0.0605
center_2025_04_30_18_15_12_223.jpg,left_2025_04_30_18_15_12_223.jpg,right_2025_04_30_18_15_12_223.jpg,-0.0611
center_2025_04_30_18_15_12_272.jpg,left_2025_04_30_18_15_12_272.jpg,right_2025_04_30_18_15_12_272.jpg,-0.0623
center_2025_04_30_18_15_12_320.jpg,left_2025_04_30_18_15_12_320.jpg,right_2025_04_30_18_15_12_320.jpg,-0.0634
center_2025_04_30_18_15_12_364.jpg,left_2025_04_30_18_15_12_364.jpg,right_2025_04_30_18_15_12_364.jpg,-0.0648
center_2025_04_30_18_15_12_413.jpg,left_2025_04_30_18_15_12_413.jpg,right_2025_04_30_18_15_12_413.jpg,-0.0668
center_2025_04_30_18_15_12_458.jpg,left_2025_04_30_18_15_12_458.jpg,right_2025_04_30_18_15_12_458.jpg,-0.0693
center_2025_04_30_18_15_12_506.jpg,left_2025_04_30_18_15_12_506.jpg,right_2025_04_30_18_15_12_506.jpg,-0.0733
center_2025_04_30_18_15_12_558.jpg,left_2025_04_30_18_15_12_558.jpg,right_2025_04_30_18_15_12_558.jpg,-0.0795
center_2025_04_30_18_15_12_600.jpg,left_2025_04_30_18_15_12_600.jpg,right_2025_04_30_18_15_12_600.jpg,-0.0869
center_2025_04_30_18_15_12_650.jpg,left_2025_04_30_18_15_12_650.jpg,right_2025_04_30_18_15_12_650.jpg,-0.0979
center_2025_04_30_18_15_12_694.jpg,left_2025_04_30_18_15_12_694.jpg,right_2025_04_30_18_15_12_694.jpg,-0.1101
center_2025_04_30_18_15_12_743.jpg,left_2025_04_30_18_15_12_743.jpg,right_2025_04_30_18_15_12_743.jpg,-0.1225
center_2025_04_30_18_15_12_788.jpg,left_2025_04_30_18_15_12_788.jpg,right_2025_04_30_18_15_12_788.jpg,-0.135
center_2025_04_30_18_15_12_836.jpg,left_2025_04_30_18_15_12_836.jpg,right_2025_04_30_18_15_12_836.jpg,-0.1469
center_2025_04_30_18_15_12_883.jpg,left_2025_04_30_18_15_12_883.jpg,right_2025_04_30_18_15_12_883.jpg,-0.1551
center_2025_04_30_18_15_12_928.jpg,left_2025_04_30_18_15_12_928.jpg,right_2025_04_30_18_15_12_928.jpg,-0.1619
center_2025_04_30_18_15_12_980.jpg,left_2025_04_30_18_15_12_980.jpg,right_2025_04_30_18_15_12_980.jpg,-0.1667
center_2025_04_30_18_15_13_022.jpg,left_2025_04_30_18_15_13_022.jpg,right_2025_04_30_18_15_13_022.jpg,-0.169
center_2025_04_30_18_15_13_073.jpg,left_2025_04_30_18_15_13_073.jpg,right_2025_04_30_18_15_13_073.jpg,-0.1706
center_2025_04_30_18_15_13_116.jpg,left_2025_04_30_18_15_13_116.jpg,right_2025_04_30_18_15_13_116.jpg,-0.1715
center_2025_04_30_18_15_13_166.jpg,left_2025_04_30_18_15_13_166.jpg,right_2025_04_30_18_15_13_166.jpg,-0.1723
center_2025_04_30_18_15_13_211.jpg,left_2025_04_30_18_15_13_211.jpg,right_2025_04_30_18_15_13_211.jpg,-0.1738
center_2025_04_30_18_15_13_259.jpg,left_2025_04_30_18_15_13_259.jpg,right_2025_04_30_18_15_13_259.jpg,-0.1763
center_2025_04_30_18_15_13_304.jpg,left_2025_04_30_18_15_13_304.jpg,right_2025_04_30_18_15_13_304.jpg,-0.1826
center_2025_04_30_18_15_13_352.jpg,left_2025_04_30_18_15_13_352.jpg,right_2025_04_30_18_15_13_352.jpg,-0.1908
center_2025_04_30_18_15_13_396.jpg,left_2025_04_30_18_15_13_396.jpg,right_2025_04_30_18_15_13_396.jpg,-0.1993
center_2025_04_30_18_15_13_444.jpg,left_2025_04_30_18_15_13_444.jpg,right_2025_04_30_18_15_13_444.jpg,-0.2083
center_2025_04_30_18_15_13_490.jpg,left_2025_04_30_18_15_13_490.jpg,right_2025_04_30_18_15_13_490.jpg,-0.2185
center_2025_04_30_18_15_13_537.jpg,left_2025_04_30_18_15_13_537.jpg,right_2025_04_30_18_15_13_537.jpg,-0.2256
center_2025_04_30_18_15_13_588.jpg,left_2025_04_30_18_15_13_588.jpg,right_2025_04_30_18_15_13_588.jpg,-0.231
center_2025_04_30_18_15_13_631.jpg,left_2025_04_30_18_15_13_631.jpg,right_2025_04_30_18_15_13_631.jpg,-0.2361
center_2025_04_30_18_15_13_681.jpg,left_2025_04_30_18_15_13_681.jpg,right_2025_04_30_18_15_13_681.jpg,-0.24
center_2025_04_30_18_15_13_724.jpg,left_2025_04_30_18_15_13_724.jpg,right_2025_04_30_18_15_13_724.jpg,-0.2423
center_2025_04_30_18_15_13_775.jpg,left_2025_04_30_18_15_13_775.jpg,right_2025_04_30_18_15_13_775.jpg,-0.2437
center_2025_04_30_18_15_13_820.jpg,left_2025_04_30_18_15_13_820.jpg,right_2025_04_30_18_15_13_820.jpg,-0.2451
center_2025_04_30_18_15_13_867.jpg,left_2025_04_30_18_15_13_867.jpg,right_2025_04_30_18_15_13_867.jpg,-0.2465
center_2025_04_30_18_15_13_914.jpg,left_2025_04_30_18_15_13_914.jpg,right_2025_04_30_18_15_13_914.jpg,-0.2476
center_2025_04_30_18_15_13_959.jpg,left_2025_04_30_18_15_13_959.jpg,right_2025_04_30_18_15_13_959.jpg,-0.2485
center_2025_04_30_18_15_14_011.jpg,left_2025_04_30_18_15_14_011.jpg,right_2025_04_30_18_15_14_011.jpg,-0.2496
center_2025_04_30_18_15_14_054.jpg,left_2025_04_30_18_15_14_054.jpg,right_2025_04_30_18_15_14_054.jpg,-0.2505
center_2025_04_30_18_15_14_104.jpg,left_2025_04_30_18_15_14_104.jpg,right_2025_04_30_18_15_14_104.jpg,-0.2511
center_2025_04_30_18_15_14_164.jpg,left_2025_04_30_18_15_14_164.jpg,right_2025_04_30_18_15_14_164.jpg,-0.2516
center_2025_04_30_18_15_14_197.jpg,left_2025_04_30_18_15_14_197.jpg,right_2025_04_30_18_15_14_197.jpg,-0.2522
center_2025_04_30_18_15_14_241.jpg,left_2025_04_30_18_15_14_241.jpg,right_2025_04_30_18_15_14_241.jpg,-0.2522
center_2025_04_30_18_15_14_289.jpg,left_2025_04_30_18_15_14_289.jpg,right_2025_04_30_18_15_14_289.jpg,-0.2525
center_2025_04_30_18_15_14_336.jpg,left_2025_04_30_18_15_14_336.jpg,right_2025_04_30_18_15_14_336.jpg,-0.2527
center_2025_04_30_18_15_14_383.jpg,left_2025_04_30_18_15_14_383.jpg,right_2025_04_30_18_15_14_383.jpg,-0.253
center_2025_04_30_18_15_14_433.jpg,left_2025_04_30_18_15_14_433.jpg,right_2025_04_30_18_15_14_433.jpg,-0.253
center_2025_04_30_18_15_14_477.jpg,left_2025_04_30_18_15_14_477.jpg,right_2025_04_30_18_15_14_477.jpg,-0.2533
center_2025_04_30_18_15_14_533.jpg,left_2025_04_30_18_15_14_533.jpg,right_2025_04_30_18_15_14_533.jpg,-0.2533
center_2025_04_30_18_15_14_571.jpg,left_2025_04_30_18_15_14_571.jpg,right_2025_04_30_18_15_14_571.jpg,-0.2533
center_2025_04_30_18_15_14_619.jpg,left_2025_04_30_18_15_14_619.jpg,right_2025_04_30_18_15_14_619.jpg,-0.2533
center_2025_04_30_18_15_14_665.jpg,left_2025_04_30_18_15_14_665.jpg,right_2025_04_30_18_15_14_665.jpg,-0.2533
center_2025_04_30_18_15_14_711.jpg,left_2025_04_30_18_15_14_711.jpg,right_2025_04_30_18_15_14_711.jpg,-0.2533
center_2025_04_30_18_15_14_763.jpg,left_2025_04_30_18_15_14_763.jpg,right_2025_04_30_18_15_14_763.jpg,-0.2533
center_2025_04_30_18_15_14_807.jpg,left_2025_04_30_18_15_14_807.jpg,right_2025_04_30_18_15_14_807.jpg,-0.2533
center_2025_04_30_18_15_14_856.jpg,left_2025_04_30_18_15_14_856.jpg,right_2025_04_30_18_15_14_856.jpg,-0.2533
center_2025_04_30_18_15_14_900.jpg,left_2025_04_30_18_15_14_900.jpg,right_2025_04_30_18_15_14_900.jpg,-0.253
center_2025_04_30_18_15_14_949.jpg,left_2025_04_30_18_15_14_949.jpg,right_2025_04_30_18_15_14_949.jpg,-0.251
center_2025_04_30_18_15_15_267.jpg,left_2025_04_30_18_15_15_267.jpg,right_2025_04_30_18_15_15_267.jpg,-0.2428
center_2025_04_30_18_15_15_345.jpg,left_2025_04_30_18_15_15_345.jpg,right_2025_04_30_18_15_15_345.jpg,-0.2097
center_2025_04_30_18_15_15_393.jpg,left_2025_04_30_18_15_15_393.jpg,right_2025_04_30_18_15_15_393.jpg,-0.1743
center_2025_04_30_18_15_15_435.jpg,left_2025_04_30_18_15_15_435.jpg,right_2025_04_30_18_15_15_435.jpg,-0.1375
center_2025_04_30_18_15_15_485.jpg,left_2025_04_30_18_15_15_485.jpg,right_2025_04_30_18_15_15_485.jpg,-0.1019
center_2025_04_30_18_15_15_543.jpg,left_2025_04_30_18_15_15_543.jpg,right_2025_04_30_18_15_15_543.jpg,-0.0716
center_2025_04_30_18_15_15_577.jpg,left_2025_04_30_18_15_15_577.jpg,right_2025_04_30_18_15_15_577.jpg,-0.0659
center_2025_04_30_18_15_15_625.jpg,left_2025_04_30_18_15_15_625.jpg,right_2025_04_30_18_15_15_625.jpg,-0.062
center_2025_04_30_18_15_15_672.jpg,left_2025_04_30_18_15_15_672.jpg,right_2025_04_30_18_15_15_672.jpg,-0.0589
center_2025_04_30_18_15_15_722.jpg,left_2025_04_30_18_15_15_722.jpg,right_2025_04_30_18_15_15_722.jpg,-0.056
center_2025_04_30_18_15_15_778.jpg,left_2025_04_30_18_15_15_778.jpg,right_2025_04_30_18_15_15_778.jpg,-0.0535
center_2025_04_30_18_15_15_808.jpg,left_2025_04_30_18_15_15_808.jpg,right_2025_04_30_18_15_15_808.jpg,-0.0512
center_2025_04_30_18_15_15_851.jpg,left_2025_04_30_18_15_15_851.jpg,right_2025_04_30_18_15_15_851.jpg,-0.049
center_2025_04_30_18_15_15_912.jpg,left_2025_04_30_18_15_15_912.jpg,right_2025_04_30_18_15_15_912.jpg,-0.0475
center_2025_04_30_18_15_15_981.jpg,left_2025_04_30_18_15_15_981.jpg,right_2025_04_30_18_15_15_981.jpg,-0.0464
center_2025_04_30_18_15_16_116.jpg,left_2025_04_30_18_15_16_116.jpg,right_2025_04_30_18_15_16_116.jpg,-0.0456
center_2025_04_30_18_15_16_182.jpg,left_2025_04_30_18_15_16_182.jpg,right_2025_04_30_18_15_16_182.jpg,-0.045
center_2025_04_30_18_15_16_247.jpg,left_2025_04_30_18_15_16_247.jpg,right_2025_04_30_18_15_16_247.jpg,-0.0447
center_2025_04_30_18_15_16_305.jpg,left_2025_04_30_18_15_16_305.jpg,right_2025_04_30_18_15_16_305.jpg,-0.0445
center_2025_04_30_18_15_16_330.jpg,left_2025_04_30_18_15_16_330.jpg,right_2025_04_30_18_15_16_330.jpg,-0.0442
center_2025_04_30_18_15_16_373.jpg,left_2025_04_30_18_15_16_373.jpg,right_2025_04_30_18_15_16_373.jpg,-0.0442
center_2025_04_30_18_15_16_418.jpg,left_2025_04_30_18_15_16_418.jpg,right_2025_04_30_18_15_16_418.jpg,-0.0439
center_2025_04_30_18_15_16_464.jpg,left_2025_04_30_18_15_16_464.jpg,right_2025_04_30_18_15_16_464.jpg,-0.0439
center_2025_04_30_18_15_16_517.jpg,left_2025_04_30_18_15_16_517.jpg,right_2025_04_30_18_15_16_517.jpg,-0.0439
center_2025_04_30_18_15_16_557.jpg,left_2025_04_30_18_15_16_557.jpg,right_2025_04_30_18_15_16_557.jpg,-0.0442
center_2025_04_30_18_15_16_604.jpg,left_2025_04_30_18_15_16_604.jpg,right_2025_04_30_18_15_16_604.jpg,-0.0442
center_2025_04_30_18_15_16_651.jpg,left_2025_04_30_18_15_16_651.jpg,right_2025_04_30_18_15_16_651.jpg,-0.0442
center_2025_04_30_18_15_16_701.jpg,left_2025_04_30_18_15_16_701.jpg,right_2025_04_30_18_15_16_701.jpg,-0.0442
center_2025_04_30_18_15_16_743.jpg,left_2025_04_30_18_15_16_743.jpg,right_2025_04_30_18_15_16_743.jpg,-0.0445
center_2025_04_30_18_15_16_795.jpg,left_2025_04_30_18_15_16_795.jpg,right_2025_04_30_18_15_16_795.jpg,-0.0442
center_2025_04_30_18_15_16_838.jpg,left_2025_04_30_18_15_16_838.jpg,right_2025_04_30_18_15_16_838.jpg,-0.0442
center_2025_04_30_18_15_16_887.jpg,left_2025_04_30_18_15_16_887.jpg,right_2025_04_30_18_15_16_887.jpg,-0.0442
center_2025_04_30_18_15_16_931.jpg,left_2025_04_30_18_15_16_931.jpg,right_2025_04_30_18_15_16_931.jpg,-0.0442
center_2025_04_30_18_15_16_979.jpg,left_2025_04_30_18_15_16_979.jpg,right_2025_04_30_18_15_16_979.jpg,-0.0442
center_2025_04_30_18_15_17_026.jpg,left_2025_04_30_18_15_17_026.jpg,right_2025_04_30_18_15_17_026.jpg,-0.0442
center_2025_04_30_18_15_17_073.jpg,left_2025_04_30_18_15_17_073.jpg,right_2025_04_30_18_15_17_073.jpg,-0.0442
center_2025_04_30_18_15_17_117.jpg,left_2025_04_30_18_15_17_117.jpg,right_2025_04_30_18_15_17_117.jpg,-0.0442
center_2025_04_30_18_15_17_165.jpg,left_2025_04_30_18_15_17_165.jpg,right_2025_04_30_18_15_17_165.jpg,-0.0442
center_2025_04_30_18_15_17_211.jpg,left_2025_04_30_18_15_17_211.jpg,right_2025_04_30_18_15_17_211.jpg,-0.0439
center_2025_04_30_18_15_17_258.jpg,left_2025_04_30_18_15_17_258.jpg,right_2025_04_30_18_15_17_258.jpg,-0.0442
center_2025_04_30_18_15_17_309.jpg,left_2025_04_30_18_15_17_309.jpg,right_2025_04_30_18_15_17_309.jpg,-0.0442
center_2025_04_30_18_15_17_353.jpg,left_2025_04_30_18_15_17_353.jpg,right_2025_04_30_18_15_17_353.jpg,-0.0442
center_2025_04_30_18_15_17_402.jpg,left_2025_04_30_18_15_17_402.jpg,right_2025_04_30_18_15_17_402.jpg,-0.0442
center_2025_04_30_18_15_17_446.jpg,left_2025_04_30_18_15_17_446.jpg,right_2025_04_30_18_15_17_446.jpg,-0.0442
center_2025_04_30_18_15_17_508.jpg,left_2025_04_30_18_15_17_508.jpg,right_2025_04_30_18_15_17_508.jpg,-0.0439
center_2025_04_30_18_15_17_573.jpg,left_2025_04_30_18_15_17_573.jpg,right_2025_04_30_18_15_17_573.jpg,-0.0439
center_2025_04_30_18_15_17_587.jpg,left_2025_04_30_18_15_17_587.jpg,right_2025_04_30_18_15_17_587.jpg,-0.045
center_2025_04_30_18_15_17_636.jpg,left_2025_04_30_18_15_17_636.jpg,right_2025_04_30_18_15_17_636.jpg,-0.0464
center_2025_04_30_18_15_17_680.jpg,left_2025_04_30_18_15_17_680.jpg,right_2025_04_30_18_15_17_680.jpg,-0.0487
center_2025_04_30_18_15_17_726.jpg,left_2025_04_30_18_15_17_726.jpg,right_2025_04_30_18_15_17_726.jpg,-0.0509
center_2025_04_30_18_15_17_774.jpg,left_2025_04_30_18_15_17_774.jpg,right_2025_04_30_18_15_17_774.jpg,-0.0532
center_2025_04_30_18_15_17_820.jpg,left_2025_04_30_18_15_17_820.jpg,right_2025_04_30_18_15_17_820.jpg,-0.0541
center_2025_04_30_18_15_17_872.jpg,left_2025_04_30_18_15_17_872.jpg,right_2025_04_30_18_15_17_872.jpg,-0.0549
center_2025_04_30_18_15_17_910.jpg,left_2025_04_30_18_15_17_910.jpg,right_2025_04_30_18_15_17_910.jpg,-0.0549
center_2025_04_30_18_15_17_959.jpg,left_2025_04_30_18_15_17_959.jpg,right_2025_04_30_18_15_17_959.jpg,-0.0546
center_2025_04_30_18_15_18_004.jpg,left_2025_04_30_18_15_18_004.jpg,right_2025_04_30_18_15_18_004.jpg,-0.0546
center_2025_04_30_18_15_18_052.jpg,left_2025_04_30_18_15_18_052.jpg,right_2025_04_30_18_15_18_052.jpg,-0.0549
center_2025_04_30_18_15_18_098.jpg,left_2025_04_30_18_15_18_098.jpg,right_2025_04_30_18_15_18_098.jpg,-0.0549
center_2025_04_30_18_15_18_146.jpg,left_2025_04_30_18_15_18_146.jpg,right_2025_04_30_18_15_18_146.jpg,-0.0549
center_2025_04_30_18_15_18_196.jpg,left_2025_04_30_18_15_18_196.jpg,right_2025_04_30_18_15_18_196.jpg,-0.0552
center_2025_04_30_18_15_18_239.jpg,left_2025_04_30_18_15_18_239.jpg,right_2025_04_30_18_15_18_239.jpg,-0.0552
center_2025_04_30_18_15_18_289.jpg,left_2025_04_30_18_15_18_289.jpg,right_2025_04_30_18_15_18_289.jpg,-0.0552
center_2025_04_30_18_15_18_333.jpg,left_2025_04_30_18_15_18_333.jpg,right_2025_04_30_18_15_18_333.jpg,-0.0552
center_2025_04_30_18_15_18_382.jpg,left_2025_04_30_18_15_18_382.jpg,right_2025_04_30_18_15_18_382.jpg,-0.0552
center_2025_04_30_18_15_18_426.jpg,left_2025_04_30_18_15_18_426.jpg,right_2025_04_30_18_15_18_426.jpg,-0.0549
center_2025_04_30_18_15_18_474.jpg,left_2025_04_30_18_15_18_474.jpg,right_2025_04_30_18_15_18_474.jpg,-0.0549
center_2025_04_30_18_15_18_519.jpg,left_2025_04_30_18_15_18_519.jpg,right_2025_04_30_18_15_18_519.jpg,-0.0546
center_2025_04_30_18_15_18_570.jpg,left_2025_04_30_18_15_18_570.jpg,right_2025_04_30_18_15_18_570.jpg,-0.0546
center_2025_04_30_18_15_18_613.jpg,left_2025_04_30_18_15_18_613.jpg,right_2025_04_30_18_15_18_613.jpg,-0.0546
center_2025_04_30_18_15_18_660.jpg,left_2025_04_30_18_15_18_660.jpg,right_2025_04_30_18_15_18_660.jpg,-0.0549
center_2025_04_30_18_15_18_711.jpg,left_2025_04_30_18_15_18_711.jpg,right_2025_04_30_18_15_18_711.jpg,-0.0549
center_2025_04_30_18_15_18_756.jpg,left_2025_04_30_18_15_18_756.jpg,right_2025_04_30_18_15_18_756.jpg,-0.0552
center_2025_04_30_18_15_18_805.jpg,left_2025_04_30_18_15_18_805.jpg,right_2025_04_30_18_15_18_805.jpg,-0.0549
center_2025_04_30_18_15_18_849.jpg,left_2025_04_30_18_15_18_849.jpg,right_2025_04_30_18_15_18_849.jpg,-0.0549
center_2025_04_30_18_15_18_920.jpg,left_2025_04_30_18_15_18_920.jpg,right_2025_04_30_18_15_18_920.jpg,-0.0549
center_2025_04_30_18_15_18_994.jpg,left_2025_04_30_18_15_18_994.jpg,right_2025_04_30_18_15_18_994.jpg,-0.0549
center_2025_04_30_18_15_19_058.jpg,left_2025_04_30_18_15_19_058.jpg,right_2025_04_30_18_15_19_058.jpg,-0.0549
center_2025_04_30_18_15_19_176.jpg,left_2025_04_30_18_15_19_176.jpg,right_2025_04_30_18_15_19_176.jpg,-0.0552
center_2025_04_30_18_15_19_233.jpg,left_2025_04_30_18_15_19_233.jpg,right_2025_04_30_18_15_19_233.jpg,-0.0549
center_2025_04_30_18_15_19_296.jpg,left_2025_04_30_18_15_19_296.jpg,right_2025_04_30_18_15_19_296.jpg,-0.0549
center_2025_04_30_18_15_19_315.jpg,left_2025_04_30_18_15_19_315.jpg,right_2025_04_30_18_15_19_315.jpg,-0.0549
center_2025_04_30_18_15_19_361.jpg,left_2025_04_30_18_15_19_361.jpg,right_2025_04_30_18_15_19_361.jpg,-0.0549
center_2025_04_30_18_15_19_413.jpg,left_2025_04_30_18_15_19_413.jpg,right_2025_04_30_18_15_19_413.jpg,-0.0546
center_2025_04_30_18_15_19_455.jpg,left_2025_04_30_18_15_19_455.jpg,right_2025_04_30_18_15_19_455.jpg,-0.0549
center_2025_04_30_18_15_19_505.jpg,left_2025_04_30_18_15_19_505.jpg,right_2025_04_30_18_15_19_505.jpg,-0.0549
center_2025_04_30_18_15_19_548.jpg,left_2025_04_30_18_15_19_548.jpg,right_2025_04_30_18_15_19_548.jpg,-0.0546
center_2025_04_30_18_15_19_597.jpg,left_2025_04_30_18_15_19_597.jpg,right_2025_04_30_18_15_19_597.jpg,-0.0546
center_2025_04_30_18_15_19_643.jpg,left_2025_04_30_18_15_19_643.jpg,right_2025_04_30_18_15_19_643.jpg,-0.0549
center_2025_04_30_18_15_19_691.jpg,left_2025_04_30_18_15_19_691.jpg,right_2025_04_30_18_15_19_691.jpg,-0.0549
center_2025_04_30_18_15_19_739.jpg,left_2025_04_30_18_15_19_739.jpg,right_2025_04_30_18_15_19_739.jpg,-0.0549
center_2025_04_30_18_15_19_784.jpg,left_2025_04_30_18_15_19_784.jpg,right_2025_04_30_18_15_19_784.jpg,-0.0552
center_2025_04_30_18_15_19_829.jpg,left_2025_04_30_18_15_19_829.jpg,right_2025_04_30_18_15_19_829.jpg,-0.0552
center_2025_04_30_18_15_19_876.jpg,left_2025_04_30_18_15_19_876.jpg,right_2025_04_30_18_15_19_876.jpg,-0.0549
center_2025_04_30_18_15_19_921.jpg,left_2025_04_30_18_15_19_921.jpg,right_2025_04_30_18_15_19_921.jpg,-0.0546
center_2025_04_30_18_15_19_969.jpg,left_2025_04_30_18_15_19_969.jpg,right_2025_04_30_18_15_19_969.jpg,-0.0546
